# GeoNames cities5000 subset, CC BY 4.0 (geonames.org). name	lat	lon	population
Warīsān	25.1674	55.4071	108759
Umm Al Quwain City	25.5647	55.5552	59098
Ţarīf Kalbā	25.0695	56.3312	51000
Ras Al Khaimah	25.7895	55.9432	351943
Zayed City	23.6542	53.7052	63482
Dubai	25.0772	55.3093	3790000
Dayrah	25.2714	55.3021	400000
Sharjah	25.3342	55.4122	1800000
Fujairah	25.1164	56.3414	118933
Al Ain City	24.1917	55.7606	846747
Ajman	25.4018	55.4788	490035
Abu Dhabi	24.4512	54.3970	1807000
Al Karama	25.2400	55.3011	75560
Khalifah A City	24.4259	54.6050	85374
Mirdif	25.2244	55.4141	60288
Hawr al ‘Anz	25.2774	55.3368	84661
Nāyf	25.2714	55.3032	53075
Al Warqaa	25.1927	55.4201	59111
International City	25.1638	55.4099	120000
Dubai Marina	25.0852	55.1465	120000
Ar Rumaylah	25.4034	55.4334	86000
Al Majaz	25.3235	55.3877	116503
Dubai Festival City	25.2218	55.3573	77000
Dubai Investments Park	25.0083	55.1568	160000
Jebel Ali	25.0025	55.1081	210000
Bani Yas City	24.3098	54.6294	80498
Musaffah	24.3589	54.4827	243341
Al Shamkhah City	24.3927	54.7078	61710
Reef Al Fujairah City	25.1448	56.2476	82310
Dubai Silicon Oasis	25.1198	55.3872	90000
Business Bay	25.1854	55.2697	191000
Al Sajaah	25.3153	55.6321	53079
Lahbab	25.0376	55.5913	53079
Mohammed Bin Zayed City	24.3479	54.5537	85000
Bāzār-e Yakāwlang	34.7353	66.9738	65000
Taloqan	36.7360	69.5345	64256
Shibirghān	36.6676	65.7529	55641
Sar-e Pul	36.2154	65.9325	52121
Pul-e Khumrī	35.9446	68.7151	56369
Maymana	35.9214	64.7836	75900
Mazār-e Sharīf	36.7090	67.1109	523300
Kunduz	36.7289	68.8570	161902
Khōst	33.3395	69.9204	96123
Khulm	36.6974	67.6983	64933
Khanabad	36.6830	69.1128	71531
Kandahār	31.6133	65.7101	523300
Kabul	34.5281	69.1723	4434550
Jalālābād	34.4265	70.4515	271900
Herāt	34.3482	62.1997	574300
Ghazni	33.5539	68.4210	141000
Gardez	33.5974	69.2259	103601
Charikar	35.0136	69.1714	53676
Bāmyān	34.8216	67.8273	61863
Balkh	36.7563	66.8972	114883
Bagrām	34.9669	69.2650	113173
Baghlān	36.1307	68.7083	108449
Bāzārak	35.3129	69.5152	65000
Saint John’s	17.1210	-61.8433	51737
Korçë	40.6186	20.7808	58259
Elbasan	41.1114	20.0822	100903
Vlorë	40.4696	19.4838	115261
Tirana	41.3274	19.8187	418495
Shkodër	42.0683	19.5126	95553
Lushnjë	40.9419	19.7050	63135
Krujë	41.5092	19.7928	51191
Fier-Çifçi	40.7167	19.5667	60995
Fier	40.7251	19.5582	56297
Durrës	41.3235	19.4547	195920
Berat	40.7058	19.9522	62232
Yerevan	40.1776	44.5126	1144700
Vanadzor	40.8074	44.4970	78100
Gyumri	40.7931	43.8464	114667
Davtashen	40.2164	44.4809	52100
Avan	40.2144	44.5785	58800
Abovyan	40.2717	44.6334	50556
Erebuni	40.1331	44.5301	129700
Nor Nork	40.1966	44.5669	137300
Ajapnyak	40.1992	44.4706	122800
Kanaker-Zeytun	40.2200	44.5383	75500
Malatia-Sebastia	40.1740	44.4457	150500
Kentron	40.1781	44.5130	133000
Shengavit	40.1557	44.4779	140600
Arabkir	40.2062	44.5037	119300
Saurimo	-9.6608	20.3915	393000
Lucapa	-8.4192	20.7447	110000
Dundo	-7.3664	20.8156	177604
Chitato	-7.3000	20.7333	246880
Luau	-10.7073	22.2247	55432
Nzagi	-8.3855	15.3013	60000
Viana	-8.9055	13.3750	865863
Uíge	-7.6087	15.0613	322531
Soyo	-6.1349	12.3689	221555
Negage	-7.7594	15.2722	92950
N'dalatando	-9.2978	14.9116	161584
Mbanza Kongo	-6.2667	14.2383	148000
Malanje	-9.5402	16.3410	455000
Maianga	-8.8469	13.2370	727681
Luanda	-8.8368	13.2343	2776168
Benfica	-8.9443	13.1643	191828
Dondo	-9.6846	14.4279	64643
Dondo	-9.0500	15.3167	64643
Cuango-Luzamba	-9.1458	18.0445	55000
Caxito	-8.5785	13.6642	55000
Cangandala	-9.7833	16.4333	52220
Calumbo	-9.1469	13.4194	652270
Cacuaco	-8.7798	13.3748	146867
Cabinda	-5.5620	12.1948	550000
Barra do Dande	-8.4718	13.3701	75000
Bailundo	-9.5750	15.9944	70481
Gama	-8.5675	13.4764	66202
Cazenga	-8.8380	13.2840	394170
Golfe	-8.8664	13.2617	655796
Camama	-8.9361	13.2652	667094
Talatona	-8.9178	13.1856	500000
Sumbe	-11.2060	13.8437	205832
Porto Amboim	-10.7325	13.7684	91605
Ondjiva	-17.0667	15.7333	121537
Mossamedes	-15.1961	12.1522	255000
Menongue	-14.6585	17.6910	251178
Matala	-14.7327	15.0348	78000
Luquembo	-10.7391	17.7177	69420
Luena	-11.7833	19.9167	273675
Lubango	-14.9172	13.4925	600751
Longonjo	-12.9079	15.2485	92103
Lobito	-12.3644	13.5360	393079
Cuíto	-12.3833	16.9333	355423
Catchiungo	-12.5660	16.2259	120677
Huambo	-12.7761	15.7392	595304
Ganda	-13.0159	14.6350	65000
Gabela	-10.8515	14.3799	116903
Ecunna	-12.6789	15.5056	82541
Cubal	-13.0387	14.2455	90367
Cela	-11.4217	15.1235	90000
Catumbela	-12.4300	13.5468	95034
Camucuio	-14.1138	13.2406	66112
Camacupa	-12.0167	17.4833	59000
Cahama	-16.2856	14.3096	70061
Caála	-12.8525	15.5606	130000
Bocoio	-12.4702	14.1369	164685
Benguela	-12.5767	13.4027	555124
Balombo	-12.3543	14.7723	108965
Baía Farta	-12.6042	13.1967	107841
Andulo	-11.4868	16.6966	50000
Kikolo	-8.7815	13.3338	728205
Cafunfo	-8.7672	17.9957	90000
Quissecula	-11.3922	15.0920	90000
Mulenvos	-8.8669	13.3344	882014
Kilamba	-8.8486	13.2750	237528
Ingombota	-8.8181	13.2289	144911
Nova Vida	-8.9055	13.2221	464985
Zango	-9.0121	13.3844	198538
Vila Flor	-8.9801	13.3078	256066
Rangel	-8.8264	13.2629	190569
Samba	-8.8800	13.1962	364986
Sambizanga	-8.7888	13.2751	177808
Navegantes	-12.5900	13.3912	240075
Kima Kieza	-8.8341	13.2952	428855
Panguíla	-8.6934	13.4491	158068
Ramiros	-9.0626	13.0456	323576
Hoji ya Henda	-8.8052	13.2897	642050
Zárate	-34.0958	-59.0242	99061
Villa Lugano	-34.6791	-58.4726	114000
Tandil	-37.3287	-59.1369	115877
Sarandí	-34.6816	-58.3464	60752
San Vicente	-35.0249	-58.4241	90021
San Justo	-34.6811	-58.5638	105274
Resistencia	-27.4636	-58.9866	290793
Remedios de Escalada de San Martín	-34.7259	-58.3966	81465
Reconquista	-29.1500	-59.6500	90184
Quilmes	-34.7206	-58.2545	262379
Posadas	-27.3918	-55.9238	305874
Pilar	-34.4587	-58.9140	81120
Palermo	-34.5886	-58.4305	249016
Oberá	-27.4868	-55.1199	56528
Necochea	-38.5545	-58.7396	73557
Morón	-34.6512	-58.6221	99066
Monte Chingolo	-34.7296	-58.3542	85060
Merlo	-34.6654	-58.7274	268961
Mercedes	-34.6507	-59.4314	63284
Mar del Tuyú	-36.5743	-56.6939	83016
Mar del Plata	-38.0004	-57.5562	593337
Luján	-34.5664	-59.1148	97363
Los Polvorines	-34.5032	-58.7060	53354
Lomas de Zamora	-34.7574	-58.4028	111897
La Plata	-34.9213	-57.9544	195443
Lanús	-34.7076	-58.3913	212252
Laferrere	-34.7505	-58.5846	248362
Ituzaingó	-27.5850	-56.6871	168419
Isidro Casanova	-34.7000	-58.5874	131981
Hurlingham	-34.5904	-58.6290	60000
Gualeguaychú	-33.0078	-58.5184	78676
Goya	-29.1399	-59.2634	70245
Formosa	-26.1849	-58.1731	222226
Ezeiza	-34.8544	-58.5247	115021
Ensenada	-34.8607	-57.9124	63978
El Palomar	-34.6177	-58.6015	59031
Eldorado	-26.4045	-54.6185	54189
Don Torcuato	-34.4946	-58.6273	71356
Corrientes	-27.4678	-58.8344	346334
Concordia	-31.3920	-58.0171	145210
Concepción del Uruguay	-32.4846	-58.2322	67895
Colón	-32.2231	-58.1443	58219
Colegiales	-34.5737	-58.4492	57000
Castelar	-34.6514	-58.6407	107786
Campana	-34.1633	-58.9592	86860
Burzaco	-34.8258	-58.3950	98859
Buenos Aires	-34.6131	-58.3772	2891082
Berisso	-34.8715	-57.8833	88470
Berazategui	-34.7653	-58.2128	180523
Bella Vista	-34.5651	-58.6903	79737
Belgrano	-34.5627	-58.4583	138942
Barranqueras	-27.4813	-58.9393	50823
Barracas	-34.6497	-58.3834	77474
Banfield	-34.7456	-58.3937	61072
Azul	-36.7780	-59.8585	64884
Yerba Buena	-26.8130	-65.2954	50783
Villa María	-32.4075	-63.2402	92453
Villa Carlos Paz	-31.4183	-64.4901	69451
Venado Tuerto	-33.7458	-61.9671	72340
Ushuaia	-54.8108	-68.3159	56825
Tres Arroyos	-38.3769	-60.2756	52199
Trelew	-43.2490	-65.3050	97915
Tartagal	-22.5168	-63.8056	60819
Santo Tomé	-31.6627	-60.7653	59072
Santiago del Estero	-27.8005	-64.2629	252192
Santa Rosa	-36.6162	-64.2899	102860
Santa Lucía	-31.5405	-68.4979	62697
Santa Fe	-31.6488	-60.7087	391164
San Salvador de Jujuy	-24.1928	-65.2934	257970
San Ramón de la Nueva Orán	-23.1370	-64.3243	86867
San Rafael	-34.6153	-68.3324	118009
San Pedro de Jujuy	-24.2313	-64.8661	58430
San Nicolás de los Arroyos	-33.3342	-60.2108	134217
San Miguel de Tucumán	-26.8160	-65.2105	548866
San Martín	-33.0834	-68.4731	82549
San Luis	-33.2914	-66.3247	169947
San Juan	-31.5373	-68.5257	109123
San Francisco	-31.4250	-62.0840	59062
Catamarca	-28.4696	-65.7852	159139
Salta	-24.8065	-65.4200	520683
Rosario	-32.9468	-60.6393	948312
Río Tercero	-32.1767	-64.1129	53389
Río Grande	-53.7877	-67.7097	52681
Río Gallegos	-51.6253	-69.2523	95796
Río Cuarto	-33.1304	-64.3527	157010
Rafaela	-31.2528	-61.4908	88713
Punta Alta	-38.8805	-62.0750	64244
Puerto Madryn	-42.7685	-65.0383	64555
Presidencia Roque Sáenz Peña	-26.7909	-60.4413	81879
Plottier	-38.9667	-68.2333	52291
Pergamino	-33.8910	-60.5746	91399
Paraná	-31.7327	-60.5290	247139
Olavarría	-36.8938	-60.3232	89721
Neuquén	-38.9508	-68.0592	231198
Mendoza	-32.8895	-68.8458	114893
La Rioja	-29.4133	-66.8564	178872
Junín	-34.5939	-60.9464	87509
Gobernador Gálvez	-33.0302	-60.6405	74650
General Roca	-39.0333	-67.5833	73212
General Pico	-35.6593	-63.7579	66805
Córdoba	-31.4065	-64.1885	2106734
Comodoro Rivadavia	-45.8626	-67.4940	140850
Cipolletti	-38.9339	-67.9903	95524
Chivilcoy	-34.8969	-60.0191	65575
Chimbas	-31.4931	-68.5326	73829
Caleta Olivia	-46.4479	-67.5227	56310
Bahía Blanca	-38.7176	-62.2655	299101
Balvanera	-34.6103	-58.3977	152198
Villa Mercedes	-33.6757	-65.4578	96781
Avellaneda	-34.6602	-58.3674	367554
San Miguel	-34.5433	-58.7123	168762
San Carlos de Bariloche	-41.1456	-71.3082	95394
Moreno	-34.6340	-58.7914	148290
José C. Paz	-34.5154	-58.7681	230208
Ciudad de Las Heras	-32.8509	-68.8360	189067
Rawson	-31.5819	-68.5421	130258
Döbling	48.2500	16.3333	75418
Vienna	48.2085	16.3721	1691468
Villach	46.6103	13.8558	58882
Simmering	48.1833	16.4333	101420
Salzburg	47.7994	13.0440	157245
Ottakring	48.2167	16.3000	104627
Meidling	48.1667	16.3333	97624
Linz	48.3064	14.2861	204846
Klagenfurt am Wörthersee	46.6247	14.3053	100316
Innsbruck	47.2627	11.3945	132493
Penzing	48.2000	16.2667	98176
Hietzing	48.1862	16.2965	54265
Hernals	48.2254	16.3087	57546
Graz	47.0673	15.4420	303270
Fünfhaus	48.1960	16.3183	76396
Floridsdorf	48.2500	16.4000	162779
Eisenzicken	47.2760	16.2591	54353
Aspern	48.2181	16.4831	50687
Favoriten	48.1612	16.3823	201882
Donaustadt	48.2333	16.4600	187007
Währing	48.2261	16.3448	51402
Landstraße	48.2019	16.3879	98389
Margareten	48.1855	16.3537	54412
Brigittenau	48.2428	16.3755	86967
Perth	-31.9522	115.8614	2384371
Mandurah	-32.5269	115.7217	107643
Darwin	-12.4611	130.8418	139902
Bunbury	-33.3271	115.6414	76452
Adelaide	-34.9287	138.5986	1469163
Werribee	-37.9000	144.6667	50027
Tuggeranong	-35.4165	149.0695	89461
Townsville	-19.2664	146.8057	201313
Toowoomba	-27.5606	151.9539	142163
Tarneit	-37.8363	144.6595	56370
Sydney	-33.8678	151.2073	5638830
Rockhampton	-23.3803	150.5060	81021
Reservoir	-37.7167	145.0000	51096
Port Macquarie	-31.4308	152.9089	51965
Point Cook	-37.9148	144.7509	66781
Pakenham	-38.0702	145.4741	54118
Newcastle	-32.9295	151.7801	508437
Melbourne	-37.8140	144.9633	5435590
Maitland	-32.7331	151.5574	89597
Mackay	-21.1534	149.1655	84333
Launceston	-41.4388	147.1347	90953
Hobart	-42.8794	147.3294	254930
Gold Coast	-28.0003	153.4309	640778
Geelong	-38.1471	144.3607	282809
Craigieburn	-37.6000	144.9500	65178
Coffs Harbour	-30.2963	153.1135	78759
Wollongong	-34.4240	150.8935	280153
Canberra	-35.2835	149.1281	367752
Caloundra	-26.8035	153.1219	96305
Cairns	-16.9237	145.7661	153075
Bundaberg	-24.8662	152.3479	73747
Brisbane	-27.4679	153.0281	2780063
Berwick	-38.0333	145.3500	50298
Bendigo	-36.7582	144.2802	103034
Ballarat	-37.5662	143.8496	111973
Hervey Bay	-25.2876	152.7694	52230
Blue Mountains	-33.7133	150.3306	78121
Pittwater	-33.6662	151.3017	63482
Logan City	-27.6392	153.1094	345098
Adelaide Hills	-34.9112	138.7073	72260
Central Coast	-33.4298	151.3714	346596
City of Port Phillip	-37.8338	144.9383	112669
Sunshine Coast	-26.6568	153.0796	398840
Melbourne City Centre	-37.8150	144.9666	60057
Naxçıvan	39.2089	45.4122	97200
Lerik	38.7739	48.4150	87000
Lankaran	38.7543	48.8506	89300
Şirvan	39.9378	48.9290	70220
Yevlakh	40.6183	47.1501	127400
Xaçmaz	41.4643	48.8056	67600
Sumgayit	40.5897	49.6686	427000
Qaraçuxur	40.3967	49.9736	87349
Sheki	41.1919	47.1706	68400
Mingachevir	40.7642	47.0623	106048
Khirdalan	40.4481	49.7550	196200
Ganja	40.6816	46.3613	330663
Baku	40.3777	49.8920	2351300
Bakıxanov	40.4189	49.9669	66686
Zenica	44.2017	17.9040	164423
Tuzla	44.5384	18.6671	142486
Sarajevo	43.8486	18.3564	696731
Mostar	43.3433	17.8081	104518
Ilidža	43.8315	18.3070	71277
Bihać	44.8169	15.8708	75641
Banja Luka	44.7788	17.2063	221106
Bridgetown	13.1073	-59.6202	98511
Thākurgaon	26.0310	88.4699	71096
Tungi	23.8915	90.4023	337579
Sylhet	24.8990	91.8720	237000
Sunāmganj	25.0689	91.4024	74570
Jamālpur	24.9197	89.9481	167900
Shibganj	25.0015	89.3227	378701
Sātkhira	22.7082	89.0718	128918
Sirajganj	24.4577	89.7080	127481
Netrakona	24.8835	90.7290	79016
Narsingdi	23.9230	90.7177	281080
Sandwīp	22.5141	91.4549	52152
Shāhzādpur	24.1769	89.5988	102420
Rāmganj	23.1006	90.8499	55241
Rajshahi	24.3740	88.6011	763580
Pirojpur	22.5797	89.9752	54418
Patiya	22.2954	91.9790	51360
Narayanganj	23.6135	90.5030	223622
Nāgarpur	24.0578	89.8770	238422
Mymensingh	24.7564	90.4065	225126
Maulavi Bāzār	24.4889	91.7708	57441
Lalmonirhat	25.9172	89.4459	65127
Lākshām	23.2402	91.1214	82290
Comilla	23.4619	91.1850	634654
Rangpur	25.7466	89.2517	1031388
Kushtia	23.9028	89.1194	135724
Joypur Hāt	25.1015	89.0273	73068
Ishwardi	24.1286	89.0657	81995
Habiganj	24.3804	91.4130	88760
Feni	23.0144	91.3966	84028
Rāipur	23.0391	90.7681	64652
Ramna Maidan	23.7333	90.4000	143677
Dhaka	23.7104	90.4074	10356500
Khagrachhari	23.1079	91.9701	50364
Bhairab Bāzār	24.0524	90.9764	105457
Bāndarban	22.1953	92.2195	54450
Bagerhat	22.6566	89.7912	266388
Narail	23.1551	89.4951	55112
Tungipara	22.8998	89.9033	114482
Sonārgaon	23.6500	90.6167	130000
Sarishābāri	24.7513	89.8313	81325
Pālang	23.2182	90.3508	67652
Pār Naogaon	24.8042	88.9488	192464
Nagar Naluākot	24.1561	90.7728	273000
Mohammadpur	24.8984	88.5284	527571
Maijdi	22.8667	91.1000	132185
Lakshmīpur	22.9443	90.8300	61703
Kafrul	23.7882	90.3736	339734
Gazipur	23.9984	90.4223	2674697
Gopālganj	23.2235	90.0604	51346
Farīdpur	23.6061	89.8406	112187
Dinajpur	25.6274	88.6378	206234
Chattogram	22.3384	91.8317	3920222
Chāndpur	23.2271	90.6543	203000
Bhatara	23.8000	90.4500	324300
Ashuganj City	24.0402	91.0117	210356
Sātkania	22.0764	92.0495	52005
Cox’s Bāzār	21.4397	92.0096	253788
Khulna	22.8098	89.5644	1500689
Bhola	22.6876	90.6440	99079
Barishal	22.7050	90.3701	202242
Rangamati	22.6432	92.1919	106069
Jessore	23.1697	89.2137	243987
Brāhmanbāria	23.9746	91.1123	264326
Pābna	24.0064	89.2372	186781
Tangail	24.2498	89.9166	180144
Bogra	24.8510	89.3711	210000
Nawābganj	24.5903	88.2744	142361
Madaripur	23.1710	90.2094	84789
Sherpur	25.0188	90.0175	107419
Kishorganj	24.4394	90.7829	90690
Mānikganj	23.8577	90.0096	71698
Savar	23.8486	90.2500	286008
Hāthazāri	22.5052	91.8134	498179
Bibir Hat	22.6835	91.7906	89030
Saidpur	25.7777	88.8917	199422
Puthia	24.3654	88.8343	159406
Natore	24.4111	88.9867	369138
Patuakhali	22.3683	90.3458	65000
Dhanmondi	23.7400	90.3850	54210
Pallabi	23.8250	90.3700	597574
Azimpur	23.7298	90.3854	96641
Karnaphuli	22.6906	92.2347	203697
Paltan	23.7362	90.4143	184492
Mirpur Model Thana	23.8093	90.3609	546503
Motijheel	23.7277	90.4192	202308
Woluwe-Saint-Lambert	50.8439	4.4291	56584
Verviers	50.5891	5.8624	52824
Uccle	50.8023	4.3394	82929
Tournai	50.6071	3.3893	69554
Sint-Niklaas	51.1651	4.1437	69010
Seraing	50.5836	5.5011	60737
Schaerbeek	50.8693	4.3774	132761
Saint-Gilles	50.8276	4.3439	50221
Roeselare	50.9465	3.1227	56016
Ostend	51.2155	2.9270	69011
Namur	50.4669	4.8675	110939
Mouscron	50.7450	3.2064	52069
Mons	50.4541	3.9523	95299
Molenbeek-Saint-Jean	50.8499	4.3125	97037
Mechelen	51.0257	4.4776	77530
Liège	50.6337	5.5675	195278
Leuven	50.8796	4.7009	101032
La Louvière	50.4866	4.1879	76668
Kortrijk	50.8280	3.2649	73879
Jette	50.8731	4.3342	52490
Ixelles	50.8333	4.3667	86671
Hasselt	50.9311	5.3378	77651
Gent	51.0500	3.7167	265086
Genk	50.9650	5.5008	63666
Forest	50.8168	4.3277	56254
Deurne	51.2213	4.4660	78747
Charleroi	50.4114	4.4445	200132
Brussels	50.8505	4.3488	1019022
Brugge	51.2089	3.2242	118509
Antwerp	51.2205	4.4003	529247
Anderlecht	50.8362	4.3145	160553
Aalst	50.9360	4.0355	77534
Tenkodogo	11.7844	-0.3718	61936
Saaba	12.3714	-1.4147	136011
Pouytenga	12.2516	-0.4256	96469
Ouahigouya	13.5769	-2.4179	124587
Ouagadougou	12.3657	-1.5339	2415266
Nioko I	12.3950	-1.4386	65263
Léo	11.1003	-2.1065	51743
Koudougou	12.2519	-2.3669	160239
Kongoussi	13.3258	-1.5347	53627
Kaya	13.0883	-1.0837	121970
Houndé	11.5000	-3.5167	87151
Fada N'gourma	12.0616	0.3584	73200
Djibo	14.0986	-1.6266	61462
Dédougou	12.4636	-3.4607	63617
Bobo-Dioulasso	11.1806	-4.2949	904920
Banfora	10.6406	-4.7528	117452
Yambol	42.4824	26.5001	63656
Veliko Tŭrnovo	43.0812	25.6290	59166
Varna	43.2191	27.9102	318737
Dobrich	43.5649	27.8314	69434
Stara Zagora	42.4320	25.6426	121582
Sofia	42.6975	23.3241	1152556
Sliven	42.6861	26.3256	83740
Shumen	43.2706	26.9229	72342
Ruse	43.8487	25.9534	121168
Plovdiv	42.1539	24.7500	329489
Pleven	43.4179	24.6167	90209
Pernik	42.5967	23.0332	82467
Pazardzhik	42.1993	24.3332	55220
Haskovo	41.9342	25.5556	64564
Burgas	42.5065	27.4689	210646
Blagoevgrad	42.0146	23.0980	67810
Asenovgrad	42.0167	24.8667	54778
Sitrah	26.1547	50.6206	72601
Jidd Ḩafş	26.2186	50.5478	66588
Madīnat Ḩamad	26.1153	50.5069	133550
Dār Kulayb	26.0686	50.5039	65466
Al Muharraq	26.2572	50.6119	176583
Manama	26.2279	50.5857	147074
Ar Rifā‘	26.1300	50.5550	115495
Rumonge	-3.9736	29.4386	55599
Bujumbura	-3.3819	29.3614	769317
Gitega	-3.4271	29.9246	64904
Mpanda	-3.1703	29.4026	58913
Ngozi	-2.9075	29.8306	61716
Porto-Novo	6.4965	2.6036	264320
Parakou	9.3372	2.6303	255478
Nikki	9.9401	3.2107	66109
Natitingou	10.3042	1.3796	53284
Malanville	11.8682	3.3833	64639
Kérou	10.8258	2.1048	54276
Kandi	11.1342	2.9386	56043
Godomè	6.3895	2.3458	253262
Ekpé	6.3921	2.5372	75313
Djougou	9.7085	1.6660	94773
Cotonou	6.3654	2.4183	679012
Bohicon	7.1783	2.0667	93744
Abomey-Calavi	6.4485	2.3557	385755
Abomey	7.1829	1.9912	117824
Bandar Seri Begawan	4.8903	114.9401	64409
Yacuiba	-22.0164	-63.6775	82803
Vinto	-17.3914	-66.3168	58739
Viacha	-16.6500	-68.3000	86218
Trinidad	-14.8322	-64.9034	84259
Tiquipaya	-17.3380	-66.2158	62675
Tarija	-21.5355	-64.7296	159269
Sucre	-19.0333	-65.2627	224838
Santa Cruz de la Sierra	-17.7863	-63.1812	1831434
Sacaba	-17.3980	-66.0383	180726
Riberalta	-11.0103	-66.0526	99070
Quillacollo	-17.3923	-66.2784	172405
Potosí	-19.5836	-65.7531	141251
Oruro	-17.9715	-67.0932	208684
Montero	-17.3387	-63.2509	88616
La Paz	-16.5000	-68.1500	2004652
Colcapirhua	-17.3857	-66.2381	52732
Cochabamba	-17.3819	-66.1599	841276
Vitória de Santo Antão	-8.1181	-35.2914	134084
Viseu	-1.1967	-46.1400	58692
Vigia	-0.8583	-48.1417	50832
Viçosa do Ceará	-3.5622	-41.0922	61410
Viana	-3.2203	-45.0036	51442
Vargem Grande	-3.5431	-43.9158	57168
União dos Palmares	-9.1628	-36.0319	65790
Tutóia	-2.7619	-42.2744	59398
Tucuruí	-3.7658	-49.6792	115144
Trairi	-3.2778	-39.2689	56291
Tomé-Açu	-2.4189	-48.1522	67585
Timon	-5.0942	-42.8367	174465
Tianguá	-3.7322	-40.9917	76537
Teresina	-5.0892	-42.8019	871126
Tauá	-6.0031	-40.2928	59062
Surubim	-7.8331	-35.7547	64120
Sousa	-6.7592	-38.2281	67259
Sobral	-3.6861	-40.3497	216519
Serra Talhada	-7.9919	-38.2983	92228
Sapé	-7.0964	-35.2328	51306
São Miguel dos Campos	-9.7811	-36.0936	61797
São Miguel do Guamá	-1.6267	-47.4833	59632
São Luís	-2.5297	-44.3028	917237
São Lourenço da Mata	-8.0022	-35.0183	118258
São José de Ribamar	-2.5557	-44.0599	259164
São Gonçalo do Amarante	-5.7933	-35.3294	115838
São Félix do Xingu	-6.6447	-51.9950	132138
Santa Rita	-7.1139	-34.9781	149910
Santarém	-2.4431	-54.7083	360871
Santa Isabel do Pará	-1.2986	-48.1606	71837
Santa Inês	-3.6667	-45.3800	85014
Santa Cruz do Capibaribe	-7.9575	-36.2047	104854
Salgueiro	-8.0742	-39.1192	65946
Russas	-4.9403	-37.9758	78882
Rio Largo	-9.4783	-35.8533	97435
Recife	-8.0539	-34.8811	1653461
Quixeramobim	-5.1992	-39.2928	82177
Quixadá	-4.9714	-39.0153	88321
Santana	-0.0382	-51.1748	118803
Portel	-1.9356	-50.8211	62945
Piripiri	-4.2733	-41.7769	63787
Pinheiro	-2.5214	-45.0825	83777
Picos	-7.0769	-41.4669	83090
Petrolina	-9.3986	-40.5008	418444
Pesqueira	-8.3578	-36.6964	62722
Paulo Afonso	-9.4061	-38.2147	119418
Paulista	-7.9408	-34.8731	342167
Paudalho	-7.8967	-35.1797	56665
Patos	-7.0244	-37.2800	92575
Parnamirim	-5.9156	-35.2628	271713
Parnaíba	-2.9047	-41.7767	170491
Parintins	-2.6283	-56.7358	101855
Paragominas	-2.9956	-47.3549	105550
Palmares	-8.6833	-35.5917	56475
Pacatuba	-3.9842	-38.6203	81524
Pacajus	-4.1725	-38.4606	73188
Ouricuri	-7.8825	-40.0817	68489
Oriximiná	-1.7656	-55.8661	74016
Olinda	-8.0089	-34.8553	364717
Óbidos	-1.9175	-55.5181	52306
Natal	-5.7950	-35.2094	896708
Moreno	-8.1186	-35.0922	57654
Morada Nova	-5.1067	-38.3725	61738
Monte Alegre	-2.0008	-54.0810	58162
Moju	-1.8839	-48.7689	83182
Mossoró	-5.1875	-37.3442	264577
Maués	-3.3836	-57.7186	65040
Marechal Deodoro	-9.7103	-35.8950	62341
Maranguape	-3.8908	-38.6856	108622
Maracanaú	-3.8767	-38.6256	251613
Marabá	-5.3815	-49.1323	283542
Maceió	-9.6658	-35.7353	1031597
Macapá	0.0389	-51.0664	512902
Macaíba	-5.8583	-35.3539	81821
Limoeiro do Norte	-5.1456	-38.0981	59890
Limoeiro	-7.8747	-35.4503	56510
Juruti	-2.1522	-56.0922	58960
Juazeiro do Norte	-7.2131	-39.3153	305531
Juazeiro	-9.4117	-40.4986	256122
João Pessoa	-7.1150	-34.8631	817511
Jacundá	-4.4470	-49.1156	59842
Itupiranga	-5.1347	-49.3267	53355
Itacoatiara	-3.1431	-58.4442	113917
Itapipoca	-3.4944	-39.5786	138978
Itapecuru Mirim	-3.3925	-44.3586	68723
Itapagé	-3.6867	-39.5861	53067
Itaituba	-4.2761	-55.9836	135369
Ipojuca	-8.3989	-35.0639	105638
Imperatriz	-5.5264	-47.4917	273110
Iguatu	-6.3594	-39.2986	98064
Igarapé Miri	-1.9750	-48.9597	64831
Igarassu	-7.8342	-34.9064	123017
Icó	-6.4011	-38.8622	68303
Horizonte	-4.0980	-38.4860	70983
Guarabira	-6.8547	-35.4900	57484
Gravatá	-8.2011	-35.5647	92429
Granja	-3.1203	-40.8261	54962
Grajaú	-5.8194	-46.1386	70065
Goiana	-7.5606	-35.0025	85160
Garanhuns	-8.8820	-36.5022	151803
Fortaleza	-3.7172	-38.5431	2400000
Floriano	-6.7669	-43.0225	62036
Eusébio	-3.8900	-38.4506	74170
Extremoz	-5.7056	-35.3072	61635
Escada	-8.3592	-35.2236	62174
Delmiro Gouveia	-9.3886	-37.9992	52809
Crato	-7.2342	-39.4094	139027
Crateús	-5.1777	-40.6695	75159
Coroatá	-4.1300	-44.1242	65544
Codó	-4.4553	-43.8856	114275
Chapadinha	-3.7417	-43.3603	80195
Ceará-Mirim	-5.6344	-35.4256	79115
Caxias	-4.8589	-43.3561	163546
Caucaia	-3.7361	-38.6531	378406
Castanhal	-1.2939	-47.9264	192256
Cascavel	-4.1331	-38.2419	72232
Casa Nova	-9.1742	-40.9751	72086
Caruaru	-8.2833	-35.9761	402290
Carpina	-7.8508	-35.2547	83205
Capitão Poço	-1.7464	-47.0594	56506
Capanema	-1.1958	-47.1808	70394
Canindé	-4.3589	-39.3117	77244
Campina Grande	-7.2306	-35.8811	443911
Camocim	-2.9022	-40.8411	63907
Cametá	-2.2444	-49.4958	134184
Camaragibe	-8.0217	-34.9811	160318
Cajazeiras	-6.8903	-38.5553	63239
Caicó	-6.4583	-37.0978	61146
Cabo de Santo Agostinho	-8.2877	-35.0292	216969
Cabedelo	-6.9811	-34.8339	68767
Buíque	-8.6231	-37.1558	53489
Breves	-1.6822	-50.4803	116058
Brejo da Madre de Deus	-8.1458	-36.3711	51308
Bragança	-1.0536	-46.7656	132489
Boa Viagem	-5.1275	-39.7322	54577
Bezerros	-8.2333	-35.7969	65007
Benevides	-1.3614	-48.2447	63567
Belo Jardim	-8.3356	-36.4242	84033
Belém	-1.4558	-48.5044	1499641
Beberibe	-4.1797	-38.1306	53949
Bayeux	-7.1250	-34.9322	97203
Barreirinhas	-2.7556	-42.8259	65589
Barra do Corda	-5.5056	-45.2433	88492
Barcarena	-1.5058	-48.6258	139076
Barbalha	-7.3111	-39.3042	61228
Balsas	-7.5325	-46.0356	105974
Bacabal	-4.2325	-44.7816	107755
Arcoverde	-8.4189	-37.0539	82487
Araripina	-7.5761	-40.4983	90504
Arapiraca	-9.7525	-36.6611	243906
Araguaína	-7.1911	-48.2072	183024
Aquiraz	-3.9014	-38.3911	65116
Ananindeua	-1.3656	-48.3722	535547
Altamira	-3.2033	-52.2064	138749
Alenquer	-1.9417	-54.7383	57092
Açu	-5.5767	-36.9086	56496
Acopiara	-6.0953	-39.4525	54481
Acaraú	-2.8856	-40.1200	63104
Acará	-1.9608	-48.1967	59023
Abreu e Lima	-7.9117	-34.9028	104248
Abaetetuba	-1.7181	-48.8825	158188
Xanxerê	-26.8769	-52.4042	51607
Votuporanga	-20.4228	-49.9728	100568
Votorantim	-23.5467	-47.4378	133510
Volta Redonda	-22.5231	-44.1042	279971
Vitória da Conquista	-14.8661	-40.8394	396613
Vitória	-20.3194	-40.3378	312656
Vinhedo	-23.0297	-46.9753	76540
Vila Velha	-20.3297	-40.2925	394930
Vila Mariana	-23.5883	-46.6346	127286
Vila Maria	-23.5141	-46.5862	108543
Videira	-27.0083	-51.1517	55466
Viçosa	-20.7539	-42.8819	76430
Viana	-20.3903	-40.4961	73423
Viamão	-30.0811	-51.0233	231996
Vespasiano	-19.6919	-43.9233	138583
Venâncio Aires	-29.6064	-52.1919	68763
Várzea Paulista	-23.2114	-46.8283	115771
Várzea Grande	-15.6467	-56.1325	300078
Varginha	-21.5514	-45.4303	136467
Valinhos	-22.9706	-46.9958	132258
Valença	-22.2456	-43.7003	76869
Valença	-13.3703	-39.0731	97873
Vacaria	-28.5122	-50.9339	64197
Uruguaiana	-29.7547	-57.0883	120819
União da Vitória	-26.2300	-51.0864	57913
Unaí	-16.3575	-46.9061	84930
Umuarama	-23.7664	-53.3250	123059
Uberlândia	-18.9186	-48.2772	754954
Uberaba	-19.7483	-47.9319	356781
Ubatuba	-23.4339	-45.0711	91824
Ubá	-21.1200	-42.9428	107423
Tupã	-21.9347	-50.5136	65570
Tucuruvi	-23.4754	-46.6061	99559
Tubarão	-28.4667	-49.0069	116725
Trindade	-16.6494	-49.4889	142431
Três Rios	-22.1167	-43.2092	82142
Três Pontas	-21.3667	-45.5125	56940
Três Lagoas	-20.7876	-51.7034	143523
Três Corações	-21.6969	-45.2533	80032
Tramandaí	-29.9847	-50.1336	52632
Toledo	-24.7136	-53.7431	160701
Tobias Barreto	-11.1839	-37.9983	50905
Timóteo	-19.5811	-42.6495	81579
Tijucas	-27.2414	-48.6336	51592
Teresópolis	-22.4167	-42.9782	176735
Teófilo Otoni	-17.8575	-41.5053	142851
Telêmaco Borba	-24.3239	-50.6156	79792
Taubaté	-23.0264	-45.5553	322397
Tatuí	-23.3556	-47.8569	129130
Taquaritinga	-21.4061	-48.5047	57364
Taquara	-29.6506	-50.7806	57584
Taboão da Serra	-23.6261	-46.7917	273542
Suzano	-23.5425	-46.3108	320261
Sumaré	-22.8219	-47.2669	279545
Sorocaba	-23.5017	-47.4581	762172
Sobradinho	-15.6471	-47.7931	72273
Sete Lagoas	-19.4658	-44.2467	238909
Sertãozinho	-21.1378	-47.9903	126887
Serrinha	-11.6642	-39.0075	80435
Serra	-20.1286	-40.3078	520653
Seropédica	-22.7439	-43.7075	84737
Senhor do Bonfim	-10.4614	-40.1894	79424
Senador Canedo	-16.7081	-49.0931	175042
Sarandi	-23.4436	-51.8739	118455
Saquarema	-22.8989	-42.4699	90583
Sapucaia do Sul	-29.8178	-51.1455	132107
Sapiranga	-29.6381	-51.0069	75613
São Vicente	-23.9631	-46.3919	338326
São Sebastião do Paraíso	-20.9169	-46.9914	71796
São Sebastião	-23.7600	-45.4097	81595
São Roque	-23.5292	-47.1353	79484
São Pedro da Aldeia	-22.8392	-42.1028	110677
São Paulo	-23.5475	-46.6361	12400232
São Miguel	-23.4942	-46.4322	81011
São Mateus	-18.7201	-39.8589	134423
São Leopoldo	-29.7603	-51.1472	209229
São José dos Pinhais	-25.5302	-49.2084	349880
São José dos Campos	-23.1794	-45.8869	727078
São José do Rio Preto	-20.8197	-49.3794	480393
São José do Rio Pardo	-21.5956	-46.8886	55124
São José	-28.2134	-49.1638	200000
São José	-27.6153	-48.6275	295658
São João de Meriti	-22.8039	-43.3722	466536
São João del Rei	-21.1356	-44.2617	94468
São João da Boa Vista	-21.9692	-46.7981	91771
São Gonçalo	-22.8269	-43.0539	285439
São Gabriel	-30.3364	-54.3200	58487
São Francisco do Sul	-26.2433	-48.6381	52674
São Francisco	-15.9486	-44.8644	56477
São Cristóvão	-11.0147	-37.2064	101213
São Carlos	-22.0175	-47.8908	266427
São Caetano do Sul	-23.6231	-46.5511	172693
São Borja	-28.6606	-56.0044	60019
São Bernardo do Campo	-23.6939	-46.5650	840499
São Bento do Sul	-26.2503	-49.3786	83277
Santos	-23.9608	-46.3336	418608
Santo Estêvão	-12.4303	-39.2514	52276
Santo Antônio de Jesus	-12.9689	-39.2614	109791
Santo Ângelo	-28.2992	-54.2631	77568
Santo André	-23.6639	-46.5383	662373
Santo Amaro	-23.6454	-46.7039	85349
Santo Amaro	-12.5467	-38.7119	60131
Santa Rosa	-27.8708	-54.4814	77519
Sant'Ana do Livramento	-30.8908	-55.5328	76321
Santana de Parnaíba	-23.4442	-46.9178	163787
Santa Maria	-29.6842	-53.8069	271735
Santa Luzia	-19.7697	-43.8514	219132
Santa Isabel	-23.3156	-46.2214	53174
Santa Cruz do Sul	-29.7175	-52.4258	138270
Santa Bárbara d'Oeste	-22.7536	-47.4136	189456
Salvador	-12.9756	-38.4910	2711840
Salto	-23.2008	-47.2869	141111
Sabará	-19.8864	-43.8067	129380
Rondonópolis	-16.4708	-54.6356	263708
Rolândia	-23.3097	-51.3692	75818
Rio Verde	-17.7981	-50.9281	241494
Rio Grande	-32.0350	-52.0986	198935
Rio do Sul	-27.2142	-49.6431	72006
Rio de Janeiro	-22.9064	-43.1822	6747815
Rio das Ostras	-22.5269	-41.9450	168099
Rio Claro	-22.4114	-47.5614	201418
Rio Bonito	-22.7086	-42.6097	59113
Ribeirão Preto	-21.1775	-47.8103	698642
Ribeirão Pires	-23.7106	-46.4133	115559
Ribeirão das Neves	-19.7669	-44.0867	346971
Ribeira do Pombal	-10.8344	-38.5358	53956
Resende	-22.4689	-44.4467	137697
Registro	-24.4875	-47.8436	56393
Queimados	-22.7161	-43.5553	149093
Presidente Prudente	-22.1256	-51.3889	234706
Praia Grande	-24.0058	-46.4028	367400
Pouso Alegre	-22.2300	-45.9364	162133
Porto Seguro	-16.4497	-39.0647	182630
Porto Nacional	-10.7081	-48.4172	53316
Porto Ferreira	-21.8539	-47.4792	56504
Porto Feliz	-23.2147	-47.5239	53402
Porto Alegre	-30.0328	-51.2302	1488252
Ponte Nova	-20.4164	-42.9086	57776
Ponta Porã	-22.5361	-55.7256	98598
Ponta Grossa	-25.0950	-50.1619	292177
Poços de Caldas	-21.7878	-46.5614	172339
Poá	-23.5281	-46.3447	103765
Planaltina	-15.4528	-47.6142	112304
Piraquara	-25.4423	-49.0680	118730
Pirapora	-17.3450	-44.9419	56640
Pirassununga	-21.9961	-47.4258	76877
Piracicaba	-22.7253	-47.6492	440835
Pinheiros	-23.5673	-46.6923	65145
Pindamonhangaba	-22.9239	-45.4617	172681
Piedade	-23.7119	-47.4278	55542
Petrópolis	-22.5050	-43.1786	294926
Perus	-23.4047	-46.7547	87823
Peruíbe	-24.3200	-46.9983	68352
Penedo	-10.2903	-36.5864	60189
Penápolis	-21.4197	-50.0775	61679
Pelotas	-31.7700	-52.3410	336150
Pedro Leopoldo	-19.6181	-44.0431	62580
Paulínia	-22.7611	-47.1542	110537
Patrocínio	-18.9439	-46.9925	91449
Patos de Minas	-18.5789	-46.5181	159235
Pato Branco	-26.2286	-52.6706	84779
Passos	-20.7189	-46.6097	116951
Passo Fundo	-28.2628	-52.4067	214811
Alvorada	-30.0002	-51.0763	187315
Parobé	-29.6286	-50.8347	52058
Parelheiros	-23.8275	-46.7269	153695
Paranoá	-15.7755	-47.7812	63923
Paranavaí	-23.0731	-52.4653	95525
Paranaguá	-25.5163	-48.5254	150104
Pará de Minas	-19.8603	-44.6083	97139
Paracatu	-17.2222	-46.8747	94023
Palmas	-26.4842	-51.9906	51755
Palhoça	-27.6453	-48.6678	222598
Ouro Preto	-20.3948	-43.5052	77914
Ourinhos	-22.9789	-49.8706	103970
Osasco	-23.5325	-46.7917	728615
Olímpia	-20.7372	-48.9147	55130
Novo Hamburgo	-29.6783	-51.1306	253841
Nova Venécia	-18.7106	-40.4006	50434
Nova Serrana	-19.8761	-44.9836	114791
Nova Odessa	-22.7775	-47.2958	62019
Nova Lima	-19.9856	-43.8467	120959
Nova Iguaçu	-22.7592	-43.4511	843046
Nova Friburgo	-22.2819	-42.5311	189939
Nossa Senhora do Socorro	-10.8550	-37.1261	204081
Freguesia do Ó	-23.4988	-46.6998	137240
Niterói	-22.8833	-43.1036	515317
Nilópolis	-22.8075	-43.4139	155500
Naviraí	-23.0650	-54.1906	55689
Navegantes	-26.8989	-48.6542	86401
Muriaé	-21.1306	-42.3664	108447
Morrinhos	-17.7311	-49.0994	51351
Montes Claros	-16.7350	-43.8617	437601
Montenegro	-29.6886	-51.4611	64322
Monte Mor	-22.9467	-47.3158	60754
Monte Alto	-21.2611	-48.4964	50772
Mongaguá	-24.0931	-46.6208	57648
Mogi Mirim	-22.4319	-46.9578	93650
Mogi Guaçu	-22.3677	-46.9455	160318
Mogi das Cruzes	-23.5228	-46.1883	325746
Mococa	-21.4678	-47.0047	67681
Mirassol	-20.8192	-49.5211	60303
Mineiros	-17.5694	-52.5511	70081
Mauá	-23.6678	-46.4614	418261
Matão	-21.6033	-48.3658	79033
Maringá	-23.4253	-51.9386	409657
Marília	-22.2139	-49.9458	237627
Maricá	-22.9194	-42.8186	211986
Mariana	-20.3778	-43.4161	61387
Marechal Cândido Rondon	-24.5561	-54.0567	53495
Manhuaçu	-20.2581	-42.0336	91886
Mairiporã	-23.3186	-46.5867	101937
Magé	-22.6528	-43.0406	244142
Mafra	-26.1114	-49.8053	56561
Macaúbas	-13.0194	-42.6986	50161
Macaé	-22.3848	-41.7832	264439
Luziânia	-16.2525	-47.9503	221262
Louveira	-23.0864	-46.9506	51847
Lorena	-22.7308	-45.1247	89125
Londrina	-23.3103	-51.1628	581382
Lins	-21.6786	-49.7425	78503
Linhares	-19.3911	-40.0722	183797
Limeira	-22.5647	-47.4017	291869
Liberdade	-23.5634	-46.6323	66056
Leopoldina	-21.5319	-42.6431	51145
Lençóis Paulista	-22.5986	-48.8003	68990
Leme	-22.1856	-47.3903	101537
Lavras	-21.2453	-44.9997	110682
Lapa	-23.5236	-46.7073	75533
Lages	-27.8161	-50.3261	172458
Lajeado	-29.4669	-51.9614	93646
Lagoa Santa	-19.6301	-43.9009	81299
Lagoa da Prata	-20.0225	-45.5436	53927
Lagarto	-10.9172	-37.6500	101579
Jundiaí	-23.1864	-46.8842	443221
Juiz de Fora	-21.7642	-43.3503	540756
Joinville	-26.3044	-48.8456	664500
João Monlevade	-19.8100	-43.1736	83360
Jequié	-13.8588	-40.0851	127475
Jaú	-22.2964	-48.5578	133497
Jataí	-17.8794	-51.7217	105729
Jaraguá do Sul	-26.4861	-49.0667	199519
Jaraguá	-23.4408	-46.7377	211610
Japeri	-22.6431	-43.6533	102171
Januária	-15.4795	-44.3652	65150
Jandira	-23.5275	-46.9025	118045
Janaúba	-15.8025	-43.3089	70699
Jaguariúna	-22.7056	-46.9858	58722
Jaguaquara	-13.5306	-39.9708	54673
Jacobina	-11.1814	-40.5137	82590
Jacareí	-23.3053	-45.9658	250952
Jaboticabal	-21.2547	-48.3222	77652
Itumbiara	-18.4192	-49.2153	113322
Ituiutaba	-18.9743	-49.4621	106775
Itu	-23.2642	-47.2992	175047
Itaúna	-20.0753	-44.5764	97669
Itatiba	-23.0058	-46.8389	122581
Itaquera	-23.5319	-46.4442	210960
Itaquaquecetuba	-23.4861	-46.3483	369275
Itapira	-22.4361	-46.8217	72022
Itapevi	-23.5489	-46.9342	240961
Itapeva	-23.9822	-48.8756	89728
Itapetininga	-23.5917	-48.0531	164256
Itapetinga	-15.2489	-40.2478	76795
Itaperuna	-21.2050	-41.8878	107246
Itapema	-27.0903	-48.6114	75940
Itapecerica da Serra	-23.7169	-46.8492	163003
Itanhaém	-24.1831	-46.7889	112476
Itamaraju	-17.0392	-39.5311	64455
Itajubá	-22.4256	-45.4528	93073
Itajaí	-26.9078	-48.6619	294850
Itaguaí	-22.8522	-43.7753	123980
Itabuna	-14.7856	-39.2803	196344
Itaboraí	-22.7444	-42.8594	240040
Itabirito	-20.2533	-43.8014	53365
Itabira	-19.6192	-43.2269	118053
Itaberaba	-12.5275	-40.3069	64646
Itabaiana	-10.6850	-37.4253	103440
Irecê	-11.3042	-41.8558	74507
Irati	-25.4672	-50.6511	59250
Ipiranga	-23.5996	-46.6160	116271
Ipirá	-12.1583	-39.7372	59435
Ipatinga	-19.4683	-42.5367	235311
Inhumas	-16.3578	-49.4961	52204
Indaiatuba	-23.0884	-47.2119	256223
Indaial	-26.8978	-49.2317	70900
Imbituba	-28.2400	-48.6703	52579
Ilhéus	-14.7991	-39.0323	189149
Ijuí	-28.3878	-53.9147	84780
Içara	-28.7133	-49.3000	57247
Ibiúna	-23.6564	-47.2225	75605
Ibitinga	-21.7578	-48.8289	60600
Ibirité	-20.0219	-44.0589	179582
Ibiporã	-23.2692	-51.0481	51603
Hortolândia	-22.8583	-47.2200	236641
Gurupi	-11.7292	-49.0686	87545
Guaxupé	-21.3053	-46.7128	52078
Guarulhos	-23.4628	-46.5333	1345364
Guarujá	-23.9931	-46.2564	294871
Guaratinguetá	-22.8164	-45.1925	118044
Guarapuava	-25.3905	-51.4654	189630
Guarapari	-20.6718	-40.5020	136311
Guará	-15.8098	-47.9720	125703
Guapimirim	-22.5372	-42.9819	54300
Guanambi	-14.2233	-42.7814	84928
Guaianases	-23.5433	-46.4108	109316
Gravataí	-29.9422	-50.9928	265074
Governador Valadares	-18.8511	-41.9494	266561
Goiânia	-16.6786	-49.2539	1536097
Goianésia	-15.3175	-49.1175	73707
Gaspar	-26.9314	-48.9589	73053
Gama	-16.0251	-48.0712	139467
Frutal	-20.0247	-48.9406	58588
Franco da Rocha	-23.3217	-46.7269	144849
Francisco Morato	-23.2817	-46.7453	165139
Lucas do Rio Verde	-13.0713	-55.9148	92256
Francisco Beltrão	-26.0811	-53.0550	102312
Franca	-20.5386	-47.4008	365494
Foz do Iguaçu	-25.5478	-54.5881	297352
Formosa	-15.5372	-47.3344	115901
Formiga	-20.4644	-45.4264	68248
Florianópolis	-27.5967	-48.5492	508826
Ferraz de Vasconcelos	-23.5408	-46.3686	179198
Fernandópolis	-20.2839	-50.2464	71186
Feira de Santana	-12.2667	-38.9667	616272
Farroupilha	-29.2250	-51.3478	70286
Extrema	-22.8547	-46.3183	53482
Eunápolis	-16.3775	-39.5803	121067
Euclides da Cunha	-10.5075	-39.0158	61456
Esteio	-29.8614	-51.1792	76137
Estância Velha	-29.6483	-51.1739	50672
Estância	-11.2683	-37.4383	65078
Esmeraldas	-19.7625	-44.3139	85598
Erechim	-27.6346	-52.2754	96087
Embu-Guaçu	-23.8322	-46.8114	66970
Embu das Artes	-23.6489	-46.8522	259788
Duque de Caxias	-22.7856	-43.3117	866347
Dourados	-22.2211	-54.8056	264017
Divinópolis	-20.1436	-44.8907	231091
Dias d'Ávila	-12.6125	-38.2969	71485
Diadema	-23.6861	-46.6228	403579
Curvelo	-18.7564	-44.4308	80665
Curitiba	-25.4278	-49.2731	1948626
Cuiabá	-15.5961	-56.0967	618124
Cubatão	-23.8950	-46.4253	114870
Cruzeiro	-22.5732	-44.9711	82571
Cruz das Almas	-12.6700	-39.1019	60348
Cruz Alta	-28.6440	-53.6063	58913
Cristalina	-16.7677	-47.6153	60210
Criciúma	-28.6775	-49.3697	227438
Cotia	-23.6039	-46.9192	253608
Cosmópolis	-22.6458	-47.1961	73474
Coruripe	-10.1256	-36.1756	57294
Corumbá	-19.0092	-57.6533	98751
Coronel Fabriciano	-19.5186	-42.6289	108708
Contagem	-19.9317	-44.0536	627123
Conselheiro Lafaiete	-20.6603	-43.7861	138946
Congonhas	-20.5053	-43.8588	52890
Concórdia	-27.2342	-52.0278	75167
Conceição do Coité	-11.5639	-39.2828	67825
Colombo	-25.2917	-49.2242	232212
Colatina	-19.5394	-40.6306	129301
Cianorte	-23.6633	-52.6050	83816
Chapecó	-27.0964	-52.6183	282648
Ceilândia	-15.8091	-48.1310	287023
Caxias do Sul	-29.1681	-51.1794	479599
Catanduva	-21.1378	-48.9728	119275
Catalão	-18.1658	-47.9464	114427
Cataguases	-21.3892	-42.6967	66261
Castro	-24.7893	-50.0123	71809
Cascavel	-24.9558	-53.4553	368195
Cariacica	-20.2639	-40.4200	376200
Carazinho	-28.2839	-52.7864	62265
Caratinga	-19.7897	-42.1392	90687
Carapicuíba	-23.5227	-46.8350	386984
Caraguatatuba	-23.6203	-45.4131	123389
Capivari	-22.9950	-47.5078	50068
Capão da Canoa	-29.7456	-50.0097	63594
Canoinhas	-26.1772	-50.3900	55016
Canoas	-29.9178	-51.1836	328291
Canguçu	-31.3950	-52.6756	56370
Candeias	-12.6678	-38.5506	72382
Campos do Jordão	-22.7394	-45.5914	52405
Campos dos Goytacazes	-21.7523	-41.3304	483540
Campo Mourão	-24.0431	-52.3793	104122
Campo Limpo	-23.6363	-46.7657	236162
Campo Limpo Paulista	-23.2055	-46.7838	77632
Campo Largo	-25.4596	-49.5301	144504
Campo Grande	-20.4428	-54.6464	906092
Campo Formoso	-10.5075	-40.3214	71487
Campo Bom	-29.6789	-51.0533	62886
Campo Belo	-20.8972	-45.2772	54186
Campinas	-22.9056	-47.0608	1031554
Camboriú	-27.0253	-48.6544	117324
Cambé	-23.2758	-51.2783	110923
Camaquã	-30.8511	-51.8122	66478
Camaçari	-12.6975	-38.3242	321636
Caldas Novas	-17.7443	-48.6279	98622
Cajamar	-23.3561	-46.8769	92689
Caieiras	-23.3642	-46.7406	102775
Caetité	-14.0694	-42.4750	52012
Cachoeiro de Itapemirim	-20.8489	-41.1128	198342
Cachoeirinha	-29.9511	-51.0939	141503
Cachoeiras de Macacu	-22.4625	-42.6531	59303
Cachoeira do Sul	-30.0392	-52.8939	80070
Cáceres	-16.0706	-57.6789	89681
Caçapava	-23.1008	-45.7069	100071
Caçador	-26.7753	-51.0150	79313
Cabo Frio	-22.8872	-42.0262	238438
Brusque	-27.0980	-48.9128	155307
Brumado	-14.2036	-41.6653	70268
Brazlândia	-15.6794	-48.1967	55561
Brasília	-15.7797	-47.9297	2207718
Bragança Paulista	-22.9527	-46.5442	176811
Botucatu	-22.8858	-48.4450	145155
Bom Jesus da Lapa	-13.2550	-43.4181	65550
Bom Despacho	-19.7364	-45.2522	54377
Boituva	-23.2833	-47.6722	62170
Blumenau	-26.9194	-49.0661	361261
Birigui	-21.2886	-50.3400	123340
Biguaçu	-27.4942	-48.6556	69486
Betim	-19.9678	-44.1983	384000
Bertioga	-23.8544	-46.1386	64723
Bento Gonçalves	-29.1714	-51.5192	127977
Belo Horizonte	-19.9208	-43.9378	2721564
Belford Roxo	-22.7642	-43.3994	518384
Bebedouro	-20.9494	-48.4792	76373
Bauru	-22.3147	-49.0606	392947
Batatais	-20.8911	-47.5850	58402
Barueri	-23.5106	-46.8761	316473
Barretos	-20.5572	-48.5678	126957
Barreiras	-12.1528	-44.9900	171634
Barra Mansa	-22.5442	-44.1714	181679
Barra do Piraí	-22.4700	-43.8256	100764
Barra do Garças	-15.8900	-52.2567	61135
Barra	-11.0894	-43.1417	53910
Barbacena	-21.2258	-43.7736	125317
Balneário Camboriú	-26.9906	-48.6347	139155
Bagé	-31.3314	-54.1069	121335
Avaré	-23.0986	-48.9258	92805
Atibaia	-23.1169	-46.5503	158647
Assis	-22.6617	-50.4122	104858
Arujá	-23.3961	-46.3208	91157
Artur Nogueira	-22.5731	-47.1725	55340
Araxá	-19.5933	-46.9406	118786
Araucária	-25.5931	-49.4103	162247
Araruama	-22.8728	-42.3431	137906
Araras	-22.3569	-47.3842	135744
Araraquara	-21.7944	-48.1756	168468
Araranguá	-28.9357	-49.4954	71922
Arapongas	-23.4194	-51.4244	124838
Araguari	-18.6472	-48.1872	117808
Aracruz	-19.8203	-40.2733	94765
Araçatuba	-21.2089	-50.4328	208415
Aracaju	-10.9111	-37.0717	664908
Apucarana	-23.5508	-51.4608	134910
Angra dos Reis	-23.0067	-44.3181	179120
Andradina	-20.8961	-51.3794	57202
Andradas	-22.0681	-46.5692	57202
Anápolis	-16.3267	-48.9528	319587
Amparo	-22.7011	-46.7644	68008
Americana	-22.7392	-47.3314	246655
Almirante Tamandaré	-25.3247	-49.3100	119825
Alfenas	-21.4292	-45.9472	78970
Alegrete	-29.7831	-55.7919	73028
Alagoinhas	-12.1356	-38.4192	161196
Água Rasa	-20.4333	-45.1667	80484
Botafogo	-22.9509	-43.1823	82890
Copacabana	-22.9690	-43.1856	128919
Guaíba	-30.1139	-51.3250	98239
Palmas	-10.1675	-48.3277	306296
Paraíso do Tocantins	-10.1761	-48.8667	52360
Tefé	-3.3684	-64.7205	79278
Tabatinga	-4.2312	-69.9386	67182
São Gabriel da Cachoeira	-0.1181	-67.0853	51795
Rio Branco	-9.9747	-67.8100	419452
Porto Velho	-8.7619	-63.9039	548952
Manicoré	-5.8092	-61.3003	57405
Manaus	-3.1019	-60.0250	2219580
Manacapuru	-3.2997	-60.6206	111751
Humaitá	-7.5165	-63.0311	56144
Cruzeiro do Sul	-7.6276	-72.6776	89072
Coari	-4.0850	-63.1414	85910
Boa Vista	2.8197	-60.6733	419652
Ariquemes	-9.9133	-63.0408	96833
Vilhena	-12.7406	-60.1458	109651
Ji Paraná	-10.8853	-61.9517	140101
Jaru	-10.4389	-62.4664	50591
Cacoal	-11.4386	-61.4472	85893
Açailândia	-4.9467	-47.5047	110611
Águas Lindas de Goiás	-15.7619	-48.2817	245352
Aparecida de Goiânia	-16.8233	-49.2439	527796
Breu Branco	-4.0009	-49.5068	67332
Dom Eliseu	-4.2850	-47.5050	62322
Ermelino Matarazzo	-23.4947	-46.4739	112333
Fazenda Rio Grande	-25.6575	-49.3081	148873
Ipixuna do Pará	-2.5578	-47.4950	65625
Itaim Paulista	-23.5031	-46.3857	205295
Jaboatão dos Guararapes	-8.1128	-35.0147	644037
Lauro de Freitas	-12.8944	-38.3272	203331
Marituba	-1.3553	-48.3419	119437
Novo Gama	-16.0592	-48.0394	107663
Novo Repartimento	-4.3306	-49.7964	60438
Paço do Lumiar	-2.5322	-44.1075	155307
Parauapebas	-6.0675	-49.9022	305771
Pinhais	-25.4447	-49.1925	117000
Redenção	-8.0286	-50.0314	85563
Rolim de Moura	-11.8036	-61.8033	56406
Rondon do Pará	-4.7761	-48.0672	52803
Rurópolis	-4.0956	-54.9103	51500
Santa Luzia	-3.9633	-45.6583	57635
Santo Antônio do Descoberto	-15.9397	-48.2550	75829
São Mateus	-23.6058	-46.4789	155682
Sapopemba	-23.5956	-46.5247	266715
Simões Filho	-12.7844	-38.4039	114559
Sinop	-11.8642	-55.5025	223780
Sorriso	-12.5453	-55.7114	124665
Tailândia	-2.9472	-48.9531	72493
Tangará da Serra	-14.6194	-57.4858	114603
Teixeira de Freitas	-17.5350	-39.7419	145216
Valparaíso de Goiás	-16.0658	-47.9786	218416
Vargem Grande Paulista	-23.6033	-47.0264	50415
Taguatinga	-15.8333	-48.0551	193367
Barra da Tijuca	-22.9983	-43.3655	421438
Tatuapé	-23.5373	-46.5666	98601
Consolação	-23.5524	-46.6574	53249
Pirituba	-23.4898	-46.7322	179724
Limão	-23.4928	-46.6692	82373
Jardim Paulista	-23.5667	-46.6644	83667
Santana	-23.4903	-46.6387	115689
Pôr do Sol	-15.8550	-48.1243	101866
Itaim Bibi	-23.5858	-46.6824	101452
Vicente Pires	-15.8101	-48.0308	96871
Moema	-23.5952	-46.6645	81899
Planaltina	-15.6179	-47.6487	189412
Luis Eduardo Magalhães	-12.0909	-45.7850	107909
Grajaú	-23.7698	-46.6711	384873
Artur Alvim	-23.5402	-46.4858	104864
Anhanguera	-23.4309	-46.7929	75360
Cidade Dutra	-23.7258	-46.7024	182459
Capao Redondo	-23.6688	-46.7805	270767
Casa Verde	-23.5010	-46.6574	80536
Iguatemi	-23.6128	-46.4267	149700
Sao Lucas	-23.5947	-46.5436	138038
Rio Pequeno	-23.5714	-46.7589	131631
Carrao	-23.5511	-46.5383	84397
Agua Rasa	-23.5668	-46.5719	85788
Cidade Lider	-23.5620	-46.4913	136660
Aricanduva	-23.5738	-46.5156	89574
Jaçanã	-23.4601	-46.5749	94609
Lajeado	-23.5336	-46.4087	164391
Jabaquara	-23.6505	-46.6459	214958
Jose Bonifacio	-23.5674	-46.4326	128243
Cidade Ademar	-23.6738	-46.6568	249218
Belem	-23.5376	-46.5948	55785
Brasilandia	-23.4486	-46.6884	243273
Butanta	-23.5702	-46.7263	123748
Campo Grande	-23.6746	-46.6875	115925
Cangaiba	-23.4970	-46.5204	141172
Campo Belo	-23.6281	-46.6679	71058
Cursino	-23.6314	-46.6207	103171
Mooca	-23.5614	-46.5964	80880
Vila Prudente	-23.5925	-46.5728	105590
Morumbi	-23.5963	-46.7080	51715
Pedreira	-23.7067	-46.6498	163586
Mandaqui	-23.4595	-46.6409	103665
Cachoeirinha	-23.4544	-46.6621	143366
Jardim Angela	-23.7164	-46.7687	311432
Vila Formosa	-23.5679	-46.5460	92186
Vila Guilherme	-23.5092	-46.6058	52587
Vila Jacui	-23.5026	-46.4616	134189
Vila Matilde	-23.5394	-46.5179	103558
Vila Medeiros	-23.4887	-46.5776	114839
Santa Cecilia	-23.5318	-46.6529	80972
Parque Do Carmo	-23.5759	-46.4630	74677
Perdizes	-23.5387	-46.6809	102391
Ponte Rasa	-23.5157	-46.4937	89881
Raposo Tavares	-23.5924	-46.7856	117738
Sao Domingos	-23.4934	-46.7476	88884
Jaguare	-23.5438	-46.7487	55382
Cidade Tiradentes	-23.5848	-46.4008	192177
Bela Vista	-23.5609	-46.6476	60024
Jardim Helena	-23.4837	-46.4131	129409
Jardim Sao Luis	-23.6807	-46.7394	259377
Republica	-23.5448	-46.6410	60720
Sacomã	-23.6308	-46.5982	261436
Sao Rafael	-23.6282	-46.4539	148145
Vila Andrade	-23.6262	-46.7283	168669
Vila Curuca	-23.5100	-46.4157	140673
Bosque Saúde	-23.6093	-46.6230	128469
Bairro da Penha	-23.3684	-46.3110	117691
Bairro Parque Nossa Senhora do Carmo	-23.4060	-46.3161	69630
Itapoã	-15.7494	-47.7686	65408
Jardim Botânico	-15.8653	-47.8148	77767
Sobradinho II	-15.6336	-47.8348	82785
Santa Maria	-16.0310	-48.0293	116622
Riacho Fundo II	-15.8981	-48.0467	105210
Samambaia	-15.8823	-48.1043	218840
Águas Claras	-15.8397	-48.0267	128486
Buriticupu	-4.3212	-46.4547	55499
Cidade Ocidental	-16.1097	-47.9326	91767
São Sebastião	-15.9029	-47.7761	98612
Recanto das Emas	-15.9086	-48.0645	115550
Plano Piloto	-15.7941	-47.8825	198697
Nassau	25.0582	-77.3431	227940
Thimphu	27.4661	89.6419	98676
Tlokweng	-24.6686	25.9711	55508
Serowe	-22.3875	26.7108	55676
Palapye	-22.5461	27.1251	52636
Molepolole	-24.4066	25.4951	74861
Mogoditshane	-24.6269	25.8656	88004
Mochudi	-24.4167	26.1500	50321
Maun	-19.9833	23.4167	85350
Gaborone	-24.6545	25.9086	246325
Francistown	-21.1700	27.5078	103417
Horad Zhodzina	54.0985	28.3331	62983
Zhlobin	52.8926	30.0240	76304
Vitebsk	55.1904	30.2049	358927
Svetlogorsk	52.6329	29.7389	61812
Slutsk	53.0152	27.5416	58995
Soligorsk	52.7898	27.5358	96418
Rechytsa	52.3617	30.3916	64733
Polotsk	55.4879	28.7856	79285
Pinsk	52.1215	26.0673	123283
Orsha	54.5136	30.4036	101662
Novopolotsk	55.5262	28.5931	95370
Minsk	53.9002	27.5665	1742124
Mazyr	52.0416	29.2163	104517
Maladziečna	54.3167	26.8540	87339
Mahilyow	53.9088	30.3404	352896
Lida	53.8833	25.2997	103262
Kobryn	52.2117	24.3563	52235
Hrodna	53.6758	23.8289	363718
Homyel'	52.4345	30.9754	501193
Brest	52.1089	23.7175	347138
Barysaw	54.2279	28.5050	133700
Baranovichi	53.1326	26.0078	170039
Bobruysk	53.1468	29.2055	205502
Belize City	17.4995	-88.1976	65222
Abbotsford	49.0580	-122.2526	141397
Ahuntsic-Cartierville	45.5667	-73.6667	135336
Airdrie	51.3001	-114.0353	90044
Ajax	43.8501	-79.0329	119677
Aurora	44.0001	-79.4663	55445
Barrie	44.4001	-79.6663	147829
Belleville	44.1668	-77.3828	50716
Brampton	43.6834	-79.7663	656480
Brantford	43.1334	-80.2664	104688
Brighouse-City Centre	49.1667	-123.1333	62855
Brossard	45.4501	-73.4658	69575
Burlington	43.3862	-79.8371	186948
Burnaby	49.2664	-122.9526	249125
Caledon	43.8654	-79.9932	76581
Calgary	51.0501	-114.0853	1306784
Cambridge	43.3601	-80.3127	129920
Chicoutimi	48.4196	-71.0637	69004
Chilliwack	49.1664	-121.9526	101491
Chomedey	45.5333	-73.7500	94030
Cloverdale	49.1080	-122.7276	73355
Coquitlam	49.2846	-122.7822	148625
Dartmouth	44.6713	-63.5772	101343
Delta	49.0892	-123.0532	101668
Drummondville	45.8834	-72.4824	59489
Edmonton	53.5501	-113.4687	1010899
Etobicoke	43.6442	-79.5699	365000
Fleetwood	49.1667	-122.8000	65565
Fort McMurray	56.7268	-111.3810	66573
Fredericton	45.9454	-66.6656	63116
Gatineau	45.4772	-75.7016	300045
Gloucester	45.3500	-75.6333	150012
Granby	45.4001	-72.7324	66222
Grande Prairie	55.1667	-118.8027	70385
Greater Sudbury	46.4900	-80.9900	166004
Guelph	43.5459	-80.2560	143740
Guildford	49.1917	-122.8000	64985
Halton Hills	43.6403	-79.9315	62951
Hamilton	43.2501	-79.8496	569353
Kamloops	50.6665	-120.3192	104460
Kanata	45.3001	-75.9161	90000
Kelowna	49.8831	-119.4857	144576
Kingston	44.2298	-76.4810	132485
Kitchener	43.4254	-80.5112	256885
Langley	49.1011	-122.6588	132603
Laval	45.5699	-73.6920	438366
Lethbridge	49.7000	-112.8186	103197
London	42.9834	-81.2330	422324
Longueuil	45.5152	-73.4682	229330
Maple Ridge	49.2194	-122.6019	82256
Markham	43.8668	-79.2663	338503
Medicine Hat	50.0393	-110.6766	63138
Metrotown	49.2250	-123.0000	52355
Milton	43.5168	-79.8829	132979
Mississauga	43.5789	-79.6583	717961
Moncton	46.0945	-64.7965	86106
Montréal	45.5088	-73.5878	1762949
Nanaimo	49.1664	-123.9400	90504
Nepean	45.3362	-75.7225	180000
Newmarket	44.0501	-79.4663	91034
Newton	49.1333	-122.8500	159390
New Westminster	49.2068	-122.9109	78916
Niagara Falls	43.1001	-79.0663	99818
Norfolk County	42.8334	-80.3830	60847
North Bay	46.3168	-79.4663	50396
North Delta	49.1667	-122.9167	60769
North Vancouver	49.3164	-123.0693	88168
Notre-Dame-de-Grâce	45.4768	-73.6143	68152
Oakville	43.4501	-79.6829	213759
Oshawa	43.9001	-78.8496	175383
Ottawa	45.4112	-75.6981	1017449
Ottawa South	45.3921	-75.6873	125090
Peterborough	44.3001	-78.3162	85807
Pickering	43.9001	-79.1329	91771
Pierrefonds	45.4599	-73.8928	59093
Port Coquitlam	49.2664	-122.7693	58000
Prince George	53.9166	-122.7530	78943
Red Deer	52.2668	-113.8020	100844
Regina	50.4501	-104.6178	226404
Renfrew-Collingwood	49.2450	-123.0376	51530
Repentigny	45.7422	-73.4501	84965
Richmond	49.1700	-123.1368	209937
Richmond Hill	43.8711	-79.4373	202022
Saanich	48.5496	-123.3693	117735
Saguenay	48.4168	-71.0657	148886
Saint-Hubert	45.5001	-73.4158	82548
Saint-Hyacinthe	45.6308	-72.9570	50326
Saint-Jean-sur-Richelieu	45.3071	-73.2626	98036
Saint-Jérôme	45.7804	-74.0036	54948
Saint John	45.2708	-66.0562	71808
Saint-Laurent	45.5001	-73.6659	98828
Saint-Léonard	45.5877	-73.5950	79495
Saint-Louis-de-Terrebonne	45.7020	-73.7867	119944
Saint-Michel	45.5676	-73.6217	56420
Sarnia	42.9787	-82.4041	72125
Saskatoon	52.1324	-106.6689	266141
Sault Ste. Marie	46.5168	-84.3333	72051
Sherbrooke	45.4001	-71.8991	129447
Sherwood Park	53.5168	-113.3187	70618
South Surrey	49.0500	-122.7917	77170
St. Albert	53.6334	-113.6353	57719
St. Catharines	43.1713	-79.2427	136803
Stoney Creek	43.2168	-79.7663	76382
Surrey	49.1063	-122.8251	568322
Terrebonne	45.7000	-73.6473	111575
Thornhill	43.8150	-79.4242	115292
Thunder Bay	48.3820	-89.2502	108843
Toronto	43.7064	-79.3986	2794356
Trois-Rivières	46.3451	-72.5477	144472
Vancouver	49.2497	-123.1193	662248
Vaughan	43.8361	-79.4983	323103
Verdun	45.4601	-73.5706	69229
Victoria	48.4359	-123.3516	289625
Waterloo	43.4668	-80.5164	104986
Welland	42.9834	-79.2496	52293
Whalley	49.1792	-122.8667	102555
Whitby	43.8834	-78.9329	138501
Windsor	42.3001	-83.0165	229660
Winnipeg	49.8844	-97.1470	749607
Woburn	43.7666	-79.2277	53485
Halifax	44.6427	-63.5769	471559
St. John's	47.5649	-52.7093	110525
Beauport	46.8588	-71.1920	81425
Charlesbourg	46.8990	-71.3050	82870
Sainte-Foy	46.7814	-71.2922	111300
Québec	46.8123	-71.2145	531902
Lévis	46.8033	-71.1779	143414
Sydney	46.1351	-60.1831	105968
Aylmer	45.4002	-75.8064	56542
Hull	45.4276	-75.7106	63702
Jonquière	48.4165	-71.2488	54842
Orléans	45.4573	-75.5043	125937
Willowdale	43.7667	-79.3991	79440
Lower Sackville	44.7760	-63.6786	51749
La Haute-Saint-Charles	46.8903	-71.3722	88460
Downtown Vancouver	49.2828	-123.1193	62030
Waterfront Communities-The Island	43.6339	-79.3772	65913
Willowdale East	43.7706	-79.4015	50434
East Hastings	49.2717	-123.0619	80740
Le Plateau-Mont-Royal	45.5283	-73.5808	105813
Ville-Marie	45.4990	-73.5705	104944
Le Sud-Ouest	45.4719	-73.5899	86347
Mercier–Hochelaga-Maisonneuve	45.5719	-73.5463	142753
Montréal-Nord	45.6016	-73.6306	86857
Pierrefonds-Roxboro	45.5019	-73.8417	73194
Rivière-des-Prairies–Pointe-aux-Trembles	45.6406	-73.5846	113868
Rosemont–La Petite-Patrie	45.5366	-73.6069	146501
Villeray–Saint-Michel–Parc-Extension	45.5587	-73.6054	144814
Le Vieux-Longueuil	45.5372	-73.5077	135218
La Cité-Limoilou	46.8289	-71.2264	108415
Les Rivières	46.8185	-71.2720	77000
Nutana Sector	52.1000	-106.6371	72564
Lakewood	52.1085	-106.5903	51237
University Heights	52.1443	-106.5787	51957
Confederation	52.1391	-106.7036	70192
Fort Garry South	49.7923	-97.1636	65420
Yangambi	0.7675	24.4397	62082
Uvira	-3.3953	29.1378	407092
Tshikapa	-6.4162	20.7999	634529
Rutshuru	-1.1867	29.4467	82680
Nyunzu	-5.9561	28.0165	62565
Mwene-Ditu	-7.0091	23.4528	189177
Mweka	-4.8519	21.5595	81267
Mulongo	-7.8349	26.9985	89340
Baudhuinville	-7.0841	29.7368	81181
Miabi	-6.2215	23.3925	79929
Mbuji-Mayi	-6.1360	23.5898	2101332
Manono	-7.2986	27.3989	82465
Luputa	-7.1618	23.7006	54676
Lodja	-3.5210	23.6005	91409
Lisala	2.1513	21.5167	117464
Kongolo	-5.3853	27.0003	86932
Kisangani	0.5153	25.1910	1602144
Kirumba	-1.0906	29.2925	52041
Kindu	-2.9437	25.9224	234651
Kayna	-0.6093	29.1725	51103
Katwa	0.0893	29.3086	89352
Kasongo	-4.4274	26.6666	81629
Kanyama	-7.5167	24.1740	80043
Kananga	-5.8962	22.4166	1271704
Kamina	-8.7351	24.9980	200184
Kalima	-5.4854	28.2160	72327
Kalemie	-5.9475	29.1947	160961
Kabinda	-6.1379	24.4818	219396
Kabalo	-6.0526	26.9143	81191
Isiro	2.7739	27.6160	255409
Ilebo	-4.3311	20.5864	117245
Goma	-1.6741	29.2284	78200
Gbadolite	4.2790	21.0028	73835
Gandajika	-6.7450	23.9533	208051
Butembo	0.1416	29.2912	286242
Buta	2.7858	24.7300	80751
Bunia	1.5594	30.2522	399282
Bumba	2.1877	22.4683	154586
Bukavu	-2.4908	28.8428	816811
Bukama	-9.2044	25.8547	105530
Boende	-0.2816	20.8805	50794
Binga	2.3735	20.4977	96790
Beni	0.4911	29.4731	140731
Basoko	1.2391	23.6160	76371
Bakwa	4.1263	27.3953	100575
Babamba	0.1833	27.4833	81740
Aketi	2.7388	23.7833	61437
Tshilenge	-10.9667	22.9000	116073
Lubumbashi	-11.6609	27.4794	2221925
Likasi	-10.9830	26.7384	635768
Kolwezi	-10.7148	25.4667	790248
Kipushi	-11.7610	27.2513	169635
Kambove	-10.8735	26.5975	99884
Fungurume	-10.6177	26.3211	50100
Tshela	-4.9971	12.9484	64210
Nioki	-2.7204	17.6900	62153
Mushie	-3.0173	16.9224	61336
Moanda	-5.9275	12.3715	128804
Mbanza-Ngungu	-5.2584	14.8584	142773
Mbandaka	0.0486	18.2603	455011
Matadi	-5.8386	13.4631	425662
Mangai	-4.0233	19.5339	63713
Kutu	-2.7249	18.1476	56061
Kinshasa	-4.3276	15.3136	16000000
Kimpese	-5.5615	14.4316	79539
Kikwit	-5.0410	18.8162	509367
Kenge	-5.7652	13.6571	63317
Inongo	-1.9275	18.2881	68852
Inkisi	-5.1312	15.0541	115317
Idiofa	-4.9659	19.5915	87882
Gemena	3.2565	19.7723	197159
Dibaya-Lubwe	-4.1587	19.8619	55672
Bulungu	-4.5444	18.6036	81393
Boma	-5.8510	13.0536	297009
Bolenge	0.0000	18.2167	79648
Bandundu Province	-3.3169	17.3806	202904
Masina	-4.3836	15.3914	485167
Hyosha	0.6978	29.5186	74502
Mwene	-9.8170	22.8702	295683
Kituku	-7.5816	30.2060	66378
Mangina	0.6042	29.3100	55439
Bangassou	4.7413	22.8184	54059
Bambari	5.7679	20.6757	83029
Kaga-Bandoro	6.9896	19.1874	55047
Carnot	4.9427	15.8773	129032
Bouar	5.9340	15.5960	71680
Bossangoa	6.4926	17.4552	55353
Bimbo	4.2567	18.4158	348802
Berbérati	4.2612	15.7922	103713
Bégoua	4.4544	18.5347	264067
Bangui	4.3612	18.5550	812407
Pointe-Noire	-4.7761	11.8635	1032000
Dolisie	-4.1983	12.6666	121000
Kayes	-4.2049	13.2861	58737
Brazzaville	-4.2661	15.2832	1982000
Nkayi	-4.1840	13.2859	103000
Zürich	47.3667	8.5500	415367
Winterthur	47.5056	8.7241	111840
Sankt Gallen	47.4239	9.3748	75833
Luzern	47.0505	8.3064	81691
Lugano	46.0101	8.9600	63185
Lausanne	46.5160	6.6328	139111
Geneva	46.2022	6.1457	201741
Biel/Bienne	47.1371	7.2461	55120
Bern	46.9481	7.4474	121631
Basel	47.5584	7.5733	177595
Zürich (Kreis 11)	47.4233	8.5217	54260
Zagné	6.2102	-7.4828	63341
Yamoussoukro	6.8205	-5.2767	275686
Vavoua	7.3819	-6.4778	86977
Toumodi	6.5580	-5.0177	55986
Tengréla	10.4811	-6.4069	52271
Sinfra	6.6210	-5.9114	245226
San-Pédro	4.7485	-6.6363	390654
Oumé	6.3831	-5.4176	58606
Odienné	9.5051	-7.5643	54669
Man	7.4125	-7.5538	241969
Koumassi	5.2972	-3.9675	412282
Korhogo	9.4580	-5.6296	440926
Katiola	8.1373	-5.1010	59641
Issia	6.4922	-6.5856	68263
Guiglo	6.5437	-7.4935	68113
Grand-Bassam	5.2118	-3.7388	96797
Gagnoa	6.1319	-5.9506	277044
Ferkessédougou	9.5928	-5.1945	72476
Duekoué	6.7420	-7.3492	117023
Divo	5.8374	-5.3572	136627
Dimbokro	6.6468	-4.7052	70198
Daoukro	7.0591	-3.9631	101136
Danané	7.2596	-8.1550	78614
Daloa	6.8773	-6.4502	421871
Dabou	5.3256	-4.3769	138083
Boundiali	9.5217	-6.4869	51803
Bouaké	7.6939	-5.0303	832371
Bouaflé	6.9904	-5.7442	104209
Bondoukou	8.0402	-2.8000	141568
Bingerville	5.3558	-3.8854	82983
Anyama	5.4946	-4.0518	133905
Agnibilékrou	7.1311	-3.2041	63015
Agboville	5.9280	-4.2132	81770
Adzopé	6.1069	-3.8619	76122
Aboisso	5.4678	-3.2071	59225
Abobo	5.4161	-4.0159	1340083
Abidjan	5.3544	-4.0017	6321017
Abengourou	6.7297	-3.4964	130810
Marcory	5.3120	-3.9936	214061
Séguéla	7.9611	-6.6731	103980
Soubré	5.7838	-6.5939	131181
Bonon	6.9268	-6.0489	119938
Méagui	5.4119	-6.5603	74365
Viña del Mar	-33.0246	-71.5518	334248
Villa Alemana	-33.0482	-71.3729	97320
Valparaíso	-33.0360	-71.6296	282448
Valdivia	-39.8142	-73.2459	133419
Tomé	-36.6176	-72.9559	53219
Temuco	-38.7363	-72.5974	238129
Talcahuano	-36.7249	-73.1168	150499
Talca	-35.4232	-71.6497	197479
Talagante	-33.6639	-70.9273	57323
Santiago	-33.4569	-70.6483	4837295
San Felipe	-32.7498	-70.7258	59294
San Bernardo	-33.5922	-70.6996	249858
San Antonio	-33.5947	-71.6075	87675
Renca	-33.4019	-70.7062	147151
Rancagua	-34.1691	-70.7405	212695
Quilpué	-33.0475	-71.4425	130263
Quillota	-32.8834	-71.2488	67779
Quilicura	-33.3680	-70.7139	210410
Punta Arenas	-53.1628	-70.9092	117430
Puerto Montt	-41.4693	-72.9424	245902
Puente Alto	-33.6117	-70.5758	568106
Peñalolén	-33.4684	-70.5341	241599
Peñaflor	-33.6063	-70.8765	85671
Paine	-33.8080	-70.7411	72759
Padre Las Casas	-38.7608	-72.5982	72892
Padre Hurtado	-33.5684	-70.8058	63250
Ovalle	-30.6011	-71.1990	77138
Osorno	-40.5740	-73.1335	135773
Ñuñoa	-33.4474	-70.5828	255823
Melipilla	-33.6891	-71.2153	63100
Maipú	-33.5142	-70.7651	503635
Los Ángeles	-37.4697	-72.3537	125430
Los Andes	-32.8337	-70.5983	63009
Linares	-35.8467	-71.5931	69535
La Serena	-29.9059	-71.2501	154521
Lampa	-33.2863	-70.8756	102234
La Calera	-32.7868	-71.1980	50221
Iquique	-20.2133	-70.1503	199587
Hualpén	-36.7891	-73.1017	86639
Curicó	-34.9828	-71.2394	102438
Coronel	-37.0339	-73.1402	107759
Coquimbo	-29.9533	-71.3395	161317
Copiapó	-27.3674	-70.3322	129280
Concepción	-36.8270	-73.0498	223574
Colina	-33.2044	-70.6747	146207
Chillán	-36.6066	-72.1034	150396
Chiguayante	-36.9256	-73.0284	84718
Calama	-22.4567	-68.9237	166334
Buin	-33.7326	-70.7428	63419
Arica	-18.4755	-70.3006	241653
Antofagasta	-23.6509	-70.3975	401096
Alto Hospicio	-20.2687	-70.1049	142086
San Pedro de la Paz	-36.8390	-73.1003	121631
La Pintana	-33.5833	-70.6342	201178
Lo Prado	-33.4443	-70.7255	104316
Villa Mercedes	-37.4042	-71.9795	131936
Yaoundé	3.8667	11.5167	1299369
Yagoua	10.3411	15.2329	59069
Tiko	4.0750	9.3600	94836
Sangmélima	2.9333	11.9833	80036
Nkongsamba	4.9547	9.9404	162309
Ngaoundéré	7.3277	13.5847	238196
Mutengene	4.0913	9.3144	64054
Mora	11.0461	14.1401	61523
Mokolo	10.7424	13.8023	51999
Melong	5.1218	9.9614	76716
Meïganga	6.5167	14.3000	59426
Mbouda	5.6261	10.2542	71867
Mbalmayo	3.5167	11.5000	82384
Maroua	10.5909	14.3159	314122
Loum	4.7182	9.7351	58554
Limbe	4.0236	9.2061	131381
Kumbo	6.2000	10.6667	125124
Kumba	4.6363	9.4469	225046
Kribi	2.9373	9.9077	93482
Kousséri	12.0769	15.0306	139024
Guider	9.9333	13.9467	81608
Foumbot	5.5080	10.6325	74319
Foumban	5.7266	10.8986	130287
Edéa	3.8000	10.1333	103861
Ébolowa	2.9000	11.1500	101363
Dschang	5.4440	10.0533	99582
Douala	4.0483	9.7043	1338082
Buea	4.1534	9.2423	140533
Bertoua	4.5773	13.6846	137993
Bamenda	5.9597	10.1460	420445
Bafoussam	5.4778	10.4176	373268
Bafia	4.7500	11.2333	74050
Bafang	5.1570	10.1771	54505
Zhefang	24.2667	98.2833	51477
Zhangfeng	24.1906	97.8019	53370
Zepu	38.1887	77.2708	51691
Zibihu	26.1143	99.9527	56246
Rikaze	29.2500	88.8833	80000
Tengyue	24.9949	98.5128	127133
Jiuquan	39.7432	98.5174	428346
Shache	38.4167	77.2406	128145
Qamdo	31.1304	97.1798	86280
Yingjiang	24.7102	97.9367	80481
Qaraqash	37.2725	79.7344	66541
Mengmao	24.0014	97.8650	112578
Menglang	22.5621	99.9103	86877
Longshan	24.6009	98.7042	65192
Liuku	25.8505	98.8557	63013
Lhasa	29.6500	91.1000	867900
Laojunmiao	39.8333	97.7333	84769
Bonan	25.4633	99.5283	55685
Kashgar	39.4672	75.9868	506640
Jinhua	26.5380	99.9172	53523
Jinding	26.4390	99.4406	53667
Jietou	25.4274	98.6532	65843
Jiayuguan	39.8112	98.2862	231853
Gujangbagh	37.1093	79.9343	408894
Yushu	33.0012	97.0089	141308
Gengqing	31.8167	98.5806	88542
Dêqên	29.9618	90.7188	62400
Baoshan	25.1163	99.1637	935618
Artux	39.7084	76.1797	285000
Xinyuan	43.4265	83.2496	282718
Wujiaqu	44.1628	87.5217	154400
Wensu	41.2755	80.2361	83110
Wusu	44.4310	84.6762	72587
Ürümqi	43.8010	87.6005	4054000
Turpan	42.9477	89.1789	273385
Tacheng	46.7454	82.9585	161037
Shihezi	44.3023	86.0369	572772
Sandaohezi	44.3260	85.6201	60129
Xincheng	41.7150	82.9325	102752
Korla	41.7606	86.1523	549324
Qarasu	44.2028	80.4164	71446
Karamay	45.5847	84.8872	261445
Ghulja	43.9151	81.3215	269158
Hami	42.8339	93.5060	246373
Emin	46.5258	83.6342	57782
Xininglu	44.3396	84.9043	69361
Dunhuang	40.1667	94.6833	186027
Changji	44.0078	87.3046	198776
Baijiantan	45.6930	85.1394	50825
Ālā'ĕr	40.5418	81.2657	126259
Jinshanlu	47.8505	88.1329	190064
Aqsu	41.1842	80.2792	535657
Liangji	33.9639	117.9694	52048
Lanshan	33.9361	117.7250	55442
Malingshan	34.2035	118.3565	52711
Gangshang	34.5215	118.1184	51114
Tangzhang	34.1478	117.2540	52985
Xuzhuang	34.2961	117.4580	56099
Nianzhuang	34.2972	117.7722	80617
Tashan	34.3361	117.5667	59162
Zizhuang	34.3615	117.4882	52063
Liuji	34.3583	117.0528	54785
Zhangzhuang	34.5194	117.0056	74114
Fanlou	34.4809	116.8525	62859
Songlou	34.5723	116.6024	79763
Zhuzhai	34.7611	116.8139	56908
Zhaozhuang	34.7389	116.4556	53193
Anguo	34.8306	116.8194	82181
Shizhai	34.8056	116.6389	62956
Yaxing	19.4478	109.2627	76427
Zunyi	27.6867	106.9072	2037775
Zoucheng	35.4006	116.9656	1116692
Ziyang	30.1211	104.6481	905729
Zitong	30.1782	105.8299	212819
Zigong	29.3416	104.7769	1262064
Zhuzhou	27.8333	113.1500	1129687
Zhutuo	29.0184	105.8488	58262
Zhumadian	32.9838	114.0259	721670
Zhujing	30.9010	121.1597	120084
Zhujiajiao	31.1076	121.0570	60000
Zhuji	29.7188	120.2423	110721
Zhucheng	35.9947	119.3975	499285
Zhuanghe	39.7008	122.9911	742496
Zhoukou	33.6333	114.6333	505171
Zhoucun	36.8167	117.8167	122402
Yuxi	24.3550	102.5422	103829
Zhongxing	33.7039	118.6792	57338
Zhongxin	26.6167	101.2715	51866
Zhongwei	37.5113	105.1907	1174600
Zhongshu	24.5167	103.7667	91750
Zhonghe	28.4505	108.9890	105003
Zhongduo	28.8466	108.7642	93928
Gusong	28.3133	105.2377	87882
Zhicheng	31.0075	119.9085	63753
Zhicheng	30.2956	111.5047	159383
Zhenzhou	32.2803	119.1700	176006
Zhenxi	29.8993	107.4645	50017
Zhenping	33.0346	112.2276	181528
Zhenjiang	32.2109	119.4551	950516
Zhaobaoshan	29.9695	121.6875	61979
Zhengzhou	34.7578	113.6486	6650532
Zhengding	38.1450	114.5656	193524
Yongji	34.8661	110.4403	452000
Xinghua	32.9392	119.8342	105918
Zhaotong	27.3167	103.7167	787845
Zhaoqing	23.0489	112.4609	1553109
Zhaogezhuang	39.7654	118.4119	86555
Zhaodun	34.3027	117.8570	76691
Zhaoyuan	37.3650	120.4100	120000
Zhanjiang	21.2339	110.3875	1400709
Zhangzhou	24.5133	117.6556	589831
Zhangzhai	34.6167	116.9500	74433
Zhangye	38.9342	100.4517	507433
Zhangjiachuan	34.9876	106.2090	62497
Zhangji	34.1375	117.3756	61929
Zibo	36.7906	118.0633	4704138
Anyang	36.0960	114.3828	1146839
Zhabei	31.2586	121.4597	840000
Zaozhuang	34.8647	117.5542	3855601
Zaoyang	32.1272	112.7542	481004
Yuyao	30.0500	121.1494	114177
Yuzhou	34.1547	113.4681	87961
Yuxia	34.0615	108.6291	60206
Kunshan	31.3776	120.9543	2092496
Yunyang	33.4474	112.7142	73922
Yunnanyi	25.4245	100.6890	93671
Yunmeng Chengguanzhen	31.0625	113.7655	64390
Yunmen	30.0827	106.3238	68698
Yunjinghong	22.0148	100.7984	205523
Yunjin	29.0818	105.6433	54385
Pizhou	34.3114	117.9503	343421
Yunfu	22.9279	112.0381	2612800
Yuncheng	35.0231	110.9928	680036
Yulinshi	38.2918	109.7375	90870
Yulin	22.6305	110.1469	1056743
Wulingyuan	29.3494	110.5441	52712
Yuepu	31.4269	121.4214	139328
Yudong	29.3850	106.5194	81408
Yuci	37.6803	112.7319	235929
Yucheng	34.9289	116.4653	62365
Huaiyang	37.7615	114.5170	81861
Yuanshang	36.7683	120.3456	74253
Yuanping	38.7153	112.7575	526000
Qianjiang	30.4210	112.8919	179079
Heyuan	23.7333	114.6833	463907
Youxi	29.2094	106.1443	63386
Yongzhou	26.4239	111.6131	1020715
Yongqing	34.7481	106.1269	55595
Yongfeng	27.4549	112.1694	70783
Yongchuan	29.3538	105.8939	192954
Yongbei	26.6462	100.7807	60099
Yong’an	31.0189	109.4595	144314
Yishui	35.7847	118.6281	1007100
Yinma	36.6608	119.4625	83872
Zhongxiang	31.1661	112.5831	439394
Yingtan	28.2333	117.0000	214229
Yingshang Chengguanzhen	32.6294	116.2701	61771
Chengzhong	30.9445	113.5528	265886
Yinchuan	38.4681	106.2731	2859074
Yima	34.7381	111.8839	147800
Yigou	35.8114	114.3167	59073
Qingzhou	36.6967	118.4797	236406
Yichun	27.8333	114.4000	1045952
Yicheng	31.7047	112.2561	61027
Yixing	31.3606	119.8202	1285785
Yichang	30.7144	111.2847	1350150
Yibin	28.7593	104.6399	836340
Yezhou	30.6037	109.7233	104839
Yeyuan	36.4167	118.5000	97936
Yatou	37.1566	122.4376	91517
Yashan	22.1975	109.9419	56629
Yaowan	34.1833	118.0667	60668
Yaoji	34.0667	117.8167	65897
Yanzhou	35.5528	116.8286	375500
Yantai	37.4765	121.4408	7102100
Yanliang	34.6592	109.2292	60891
Yanjia	29.8276	106.9973	100000
Yangzhou	32.3972	119.4358	4559797
Yangzhou	33.2219	107.5427	64349
Yangtun	34.8833	116.8833	53417
Yangshuo	24.7808	110.4897	300000
Zhangjiagang	31.8650	120.5389	1432044
Yangquan	37.8575	113.5633	731228
Yangpu	31.2619	121.5190	1210800
Yangliuqing	39.1375	116.9997	76387
Yanghe	38.2785	106.2478	67901
Yanghang	31.3702	121.4374	204564
Yanggu	36.1106	115.7753	74725
Yangcun	39.3639	117.0603	63756
Yancheng	33.3575	120.1573	1615717
Yan’an	36.5989	109.4917	475234
Ya'an	29.9852	102.9990	612056
Tongshan	34.1805	117.1571	329661
Xuyong	28.1699	105.4345	108352
Xucheng	20.3302	110.1664	83267
Shangrao	28.4518	117.9429	1116486
Xunyang	32.8239	109.3653	67929
Xunchang	28.4543	104.7150	118664
Xujiang	26.8394	116.3201	87459
Xuhui	31.1959	121.4471	1109800
Xuchang	34.0319	113.8630	1265536
Xuantan	29.2086	105.5697	69250
Xuancheng	30.9525	118.7553	774332
Xixiang	35.1628	112.8650	60745
Xixiang	32.9870	107.7640	99867
Xiuying	20.0007	110.2936	290000
Xiulin	29.7167	112.4000	240082
Xiugu	27.9113	116.7764	81153
Xiongzhou	25.1167	114.3000	79050
Huayuan	28.2863	117.2066	73732
Xinzhou	38.4092	112.7333	544683
Xinzhou	30.8667	114.8000	78767
Xinzhou	19.7145	109.3115	67316
Xinzhi	36.4989	111.7047	72303
Xinzhai	36.4000	118.6167	100168
Xinyu	27.8043	114.9334	839488
Xinye	32.5288	112.3651	61633
Xinyang	32.1228	114.0656	1416800
Xinxiang	35.1903	113.8015	1047088
Xintai	35.9006	117.7519	222459
Xinshi	31.0470	113.1410	98422
Xinqiao	31.0650	121.3075	155856
Xinji	37.9260	115.2191	145911
Xining	36.6255	101.7574	2467965
Shangmei	27.7428	111.2956	75233
Xinhe	36.9250	119.5931	69884
Xingtai	37.0622	114.4927	798770
Xingren	25.4333	105.2333	91579
Xingguo	34.8586	105.6686	95211
Ankang	32.6800	109.0172	870126
Xindian	36.7975	118.2944	82555
Xindi	29.8167	113.4667	175761
Feicheng	36.2486	116.7658	968100
Xinyi	34.3842	118.3462	300511
Sanshui	23.1549	112.8916	153714
Ximeicun	24.9877	118.3858	94326
Wacheng Neighborhood	33.7833	114.5167	66848
Xihe	31.6864	113.4659	90422
Xigang	38.5526	106.3481	112061
Xiema	29.7741	106.3688	60933
Xichang	27.8964	102.2634	481796
Xichang	21.6333	108.9500	80064
Xiazhuang	36.4492	119.8356	88710
Xiazhuang	34.9161	118.6389	63285
Xiazhuang	25.4000	100.8333	53954
Xiazhen	34.8022	117.1117	125667
Haining	30.5363	120.6864	70171
Gongyi	34.7553	113.0114	56033
Xiaoweizhai	26.1903	107.5125	58913
Xiaoshan	30.1675	120.2588	95234
Xiaolingwei	32.0324	118.8540	66031
Jinfeng	28.2385	116.6005	127076
Xiaogan	30.9269	113.9222	908266
Xianyang	34.3378	108.7026	1034081
Xiantao	30.3708	113.4429	239406
Xianshuigu	38.9850	117.3828	74028
Xiannü	32.4281	119.5605	83936
Xianning	29.8435	114.3220	512517
Xianju	28.8547	120.7317	61532
Xiangzhou	36.1644	119.4189	61748
Zhuhai	22.2769	113.5678	2207090
Xiangcheng	25.4669	100.5625	121959
Wenxing	28.6821	112.8786	57117
Xiangxiang	27.7333	112.5333	235000
Xiangtan	27.8500	112.9000	959303
Xiangyang	32.0422	112.1448	1294733
Xiangcheng	33.8541	113.4872	65833
Xi’an	34.2583	108.9286	12952907
Xiamen	24.4798	118.0819	4617251
Wuzhou	23.4805	111.2885	761948
Wuzhong	37.9867	106.2010	7202654
Wuzhen	30.7454	120.4851	60000
Wuyang	31.9925	116.2472	79070
Wuxue	29.8506	115.5525	220661
Wushan	31.0775	109.8764	117873
Wuxi	31.5689	120.2886	4396835
Wushan	34.7208	104.8858	68643
Dongyang	29.2678	120.2253	130387
Changde	29.0321	111.6984	1457419
Wujing	36.4500	118.4000	60260
Wuhu	31.3526	118.4295	1598165
Wuhan	30.5833	114.2667	13739000
Wuhai	39.6844	106.8158	218427
Wugang	26.7279	110.6320	132457
Wuda	39.4994	106.7117	122696
Wucheng	29.6008	118.1749	60212
Wuchang	30.5431	114.3007	1102188
Wenzhou	27.9994	120.6668	2650000
Wenshang	35.7275	116.4961	59455
Wenling	28.3752	121.3842	67433
Wenjiang	28.3881	104.5634	68433
Tianfu	37.2637	122.0523	115370
Wenchang	19.5516	110.8028	560894
Weinan	34.5035	109.5089	1199290
Weimiao	34.5833	117.0667	51820
Weihai	37.5091	122.1136	844310
Weifang	36.7100	119.1019	9386705
Wayaobu	37.1361	109.6597	113698
Wanxian	30.8160	108.3741	859662
Wansheng	28.9629	106.9284	113751
Wanning	18.7993	110.3841	545992
Wangji	33.9833	117.7500	54578
Yinzhu	35.8786	119.9753	75656
Wafangdian	39.6183	122.0081	454338
Huangshan	29.7114	118.3125	460786
Loushanguan	28.1368	106.8220	80344
Tongzhou	39.9040	116.6618	163326
Fuding	27.3273	120.2140	192352
Tongren	27.7172	109.1853	90593
Tongling	30.9500	117.7833	402062
Tongchuan	31.0941	105.0873	58346
Tiefu	34.5333	118.0333	87689
Tianzhuang	36.7958	119.7367	64957
Tianshui	34.5795	105.7424	1212791
Tianpeng	30.9866	103.9393	60797
Tianliu	37.0000	118.7833	67165
Tianjin	39.1422	117.1767	13866009
Chengtangcun	35.0836	117.1907	1756300
Taozhuang	34.8500	117.3333	60137
Taozhou	30.9064	119.4086	146610
Taoyuan	33.8528	117.7703	52861
Taoluo	35.2739	119.3703	61852
Tantou	26.0303	119.5974	69050
Tangzhai	34.4328	116.5911	67936
Tangwu	36.4467	118.8597	93260
Tangshan	39.6438	118.1832	3372102
Tangping	22.0318	111.9354	81729
Tangjiazhuang	39.7433	118.4510	79489
Tanghe	32.6855	112.8323	278055
Tanggu	39.0211	117.6469	535298
Taizhou	32.4907	119.9081	1607108
Taiyuan	37.8694	112.5603	5305061
Taixing	32.1667	120.0136	79655
Taihe	30.0995	106.0489	66506
Taishan	22.2513	112.7799	145440
Taicang	31.4478	121.0939	831113
Tai’an	36.1853	117.1200	1735425
Suzhou	33.6361	116.9789	1647642
Suyangshan	34.3928	117.7556	65333
Suqian	33.9492	118.2958	1437685
Suozhen	36.9539	118.1047	58766
Suizhou	31.7111	113.3631	618582
Suixi	33.8907	116.7747	74172
Suicheng	33.8963	117.9331	256665
Suining	30.5080	105.5733	656760
Songnan	31.3504	121.4822	127347
Songjiang	31.0344	121.2233	1973500
Songcheng	26.8819	120.0011	165730
Shangsi	22.1563	107.9795	71468
Sitou	36.3128	118.4119	56289
Sishui	35.6489	117.2758	552300
Pu'er	22.7886	100.9748	296565
Shuozhou	39.3158	112.4225	433700
Shuizhai	23.9296	115.7650	140493
Shuikou	23.9837	115.8958	62321
Shuijiang	29.2476	107.2844	50918
Laixi	36.8592	120.5269	341470
Shouxian	34.8465	116.4588	76030
Shouguang	36.8800	118.7375	473620
Huinong	39.2333	106.7694	136570
Shizilu	35.1711	118.8289	86749
Shiyan	32.6475	110.7781	3460000
Shiwan	23.0011	113.0770	82031
Shitanjing	39.2342	106.3439	78765
Shiquan	33.0408	108.2364	53422
Shiqiaozi	36.1617	119.2631	58538
Shiqiao	22.9464	113.3577	135308
Shiqi	22.5168	113.3852	257472
Shima	24.4465	117.8122	68375
Shilong	23.1144	113.8472	109733
Tongchuanshi	35.0747	109.0850	223603
Shikang	21.7667	109.3167	64818
Shijiazhuang	38.0414	114.4786	5758403
Shibuzi	36.1239	119.1028	58333
Shenzhen	22.5455	114.0683	17494398
Yanta	36.2411	115.6672	79196
Shenjiamen	29.9576	122.2980	95433
Shaping	22.7702	112.9578	107589
Shaoxing	30.0024	120.5786	2300000
Shaowu	27.3409	117.4831	112585
Shaoshan	27.9167	112.5167	118000
Shaoguan	24.8000	113.5833	1028460
Shancheng	34.7953	116.0817	74459
Shanwei	22.7820	115.3475	491766
Shantou	23.3549	116.6788	3838900
Shanting	35.0753	117.4578	80843
Shankou	21.6000	109.7167	70153
Shanji	34.2047	117.5956	50617
Shangluo	33.8667	109.9306	531696
Shangqiu	34.4143	115.6561	1859723
Shangkou	36.9656	118.8831	65770
Shanghai	31.2222	121.4581	24874500
Shajing	22.7463	113.8190	127089
Shahecheng	36.9383	114.5058	125132
Sanzhuang	35.5033	119.1717	52214
Sanya	18.2543	109.5095	1031396
Sanming	26.2486	117.6186	602166
Sanmenxia	34.7808	111.1929	669307
Sanhui	30.0817	106.5912	51413
Sanhe	39.9805	117.0689	965075
Changsha	22.3812	112.6849	688242
Runan	33.0002	114.3459	60202
Rui’an	27.7761	120.6586	1125000
Tongren	35.5148	102.0160	103700
Fuqing	25.7294	119.3747	67397
Jieyang	23.5418	116.3658	1899394
Renzhao	36.6386	120.2036	64569
Renqiu	38.7094	116.1009	98569
Quzhou	28.9594	118.8686	902767
Qujing	25.4833	103.7833	1408500
Qufu	35.5967	116.9911	85144
Quanzhou	24.9139	118.5858	1469157
Wuxi	26.5844	111.8590	66442
Zhuangyuan	37.3055	120.8275	79106
Qiuji	33.8000	118.0000	76343
Qishan	34.6333	116.8000	51750
Qiongshan	20.0086	110.3538	87657
Qionghu	28.8412	112.3551	66145
Qinzhou	21.9825	108.6506	1296300
Qinnan	33.2531	119.9133	55975
Qinhuangdao	39.9410	119.5894	759718
Yizhou	24.5000	108.6667	155872
Jinjiang	24.8198	118.5742	1416151
Qingshuping	27.3808	112.0206	62800
Qingquan	30.4511	115.2559	76154
Qingpu	31.1539	121.1141	1271424
Huai'an	33.5886	119.0192	4556230
Qingfu	28.4370	104.5162	56650
Qingdao	36.0649	120.3804	7172451
Qingyuan	23.7000	113.0333	1738424
Qincheng	27.2127	116.5301	99987
Qishan	29.8443	117.7194	55500
Hongqiao	26.7684	112.1081	58287
Qibao	31.1527	121.3569	283352
Qiaotou	36.9350	101.6736	114712
Qiaoguan	36.5644	118.8839	82467
Puyang Chengguanzhen	35.7062	115.0279	104994
Puyang	29.4568	119.8887	3590000
Putuo	31.2510	121.3897	1239100
Putian	25.4394	119.0103	1539389
Puji	36.1319	119.7211	52563
Puqi	29.7167	113.8833	132891
Yongning	22.7610	108.4836	61690
Pulandian	39.3953	121.9669	104277
Pudong	31.2400	121.5009	5681512
Poyang	28.9924	116.6675	70787
Pingyin	36.2831	116.4453	374900
Pingyi	35.5006	117.6308	78254
Pingxiang	27.6167	113.8535	893550
Pingxiang	22.0969	106.7567	129843
Pingshan	22.9938	114.7131	113631
Pingnan	23.5418	110.3893	62483
Pingliang	35.5392	106.6861	504848
Pingjin	30.6118	107.5450	55139
Pingdu	36.7844	119.9464	542234
Pingdingshan	33.7309	113.3155	979130
Pengze	29.8988	116.5457	350000
Pengpu	31.2855	121.4367	152725
Pengcheng	36.4311	114.1700	68442
Peicheng	34.7361	116.9247	195363
Picheng	34.4667	117.9667	64585
Panlong	29.5003	105.3707	51177
Pan’an	34.7547	105.1117	70072
Guang’an	30.4741	106.6370	858159
Ningyang	35.7642	116.7914	82994
Yutan	28.2583	112.5605	55312
Hanyuan	32.8340	106.2503	50440
Ninghai	37.3842	121.6086	56937
Ninghai	29.2892	121.4247	68330
Ning’er	23.0405	101.0368	162711
Ningbo	29.8782	121.5494	3731203
Nianbo	36.4800	102.4164	260184
Neijiang	29.5835	105.0622	1251095
Nanzhou	29.3638	112.4065	54449
Nanzhang Chengguanzhen	31.7839	111.8275	83604
Nanyang	33.0052	112.5466	1811812
Nanxi	28.8421	104.9796	96061
Nantong	32.0303	120.8747	2273326
Nanqiao	30.9161	121.4494	361185
Pucheng	27.9233	118.5333	59832
Nanping	26.6450	118.1736	467875
Nanning	22.8167	108.3167	5977185
Nanma	36.1848	118.1549	74406
Nanlong	31.3533	106.0631	63405
Nanjing	32.0617	118.7778	9314685
Nanjian	25.0449	100.5144	50083
Nanhu	35.4878	119.3458	61034
Nangong	37.3546	115.3888	82386
Nanfeng	23.7269	111.7972	86129
Nandu	22.8525	110.8233	61881
Nanding	36.7483	118.0558	85495
Nancun	36.5328	120.1339	124210
Nanchong	30.7951	106.0847	1858875
Nanchang	28.6840	115.8531	2357839
Nanbin	29.9994	108.1091	118597
Nada	19.5213	109.5790	256652
Miyang	24.4042	103.4428	72485
Minhang	31.1088	121.3747	2716600
Mingshui	36.7167	117.5000	114858
Mingguang	32.7802	117.9638	645000
Minggang	32.4586	114.0486	67945
Mingcun	36.7536	119.6408	53926
Micheng	25.3429	100.4873	89144
Miaohang	31.3247	121.4395	89615
Mianyang	31.4678	104.6817	1550000
Mianyang	33.1570	106.6945	84606
Mentougou	39.9382	116.0931	197772
Mengyin	35.7069	117.9264	65889
Mengcheng Chengguanzhen	33.2661	116.5661	69916
Meizhou	24.2886	116.1177	992351
Meishan	30.0439	103.8370	1107742
Wuchuan	21.4571	110.7659	907354
Maoming	21.6663	110.9136	1307802
Maocun	34.3767	117.2506	57649
Majie	25.0319	102.6380	131696
Zhijiang	30.4214	111.7533	408487
Macheng	31.1801	115.0221	435076
Maba	24.6841	113.5984	113609
Ma’anshan	31.6858	118.5101	741531
Luzhou	28.8903	105.4257	998900
Lüshun	38.8000	121.2667	82345
Lushar	36.4842	101.5633	67153
Luoyang	34.6735	112.4368	1390581
Luoyang	24.9594	118.6830	66188
Luoyang	23.1624	114.2734	123144
Luorong	24.4058	109.6086	67593
Luomen	34.7542	105.0247	89998
Luojing	31.4782	121.3391	54329
Luojiang	31.3050	104.5048	212186
Luohuang	29.3466	106.4351	71515
Luohe	33.5742	114.0326	1294974
Luodian	31.4156	121.3344	118323
Luocheng	29.3848	104.0286	73581
Lulou	34.7167	116.7667	63704
Lucheng	31.2336	117.2806	89119
Lüeyang Chengguanzhen	33.3321	106.1550	67496
Kangding	30.0022	101.9569	100000
Lubu	23.1723	112.2830	95820
Luancheng	37.8845	114.6463	597130
Lu’an	31.7356	116.5169	1644344
Loudi	27.7344	111.9944	497171
Longyan	25.0749	117.0178	1025087
Longtan	28.7572	108.9641	57769
Longshui	29.5656	105.7621	121609
Longshi	30.2147	106.4574	56142
Longquan	24.6719	102.1613	91534
Longgang	37.6518	120.3306	60444
Longgu	34.9033	116.8067	59086
Longgang	29.6974	105.7137	74605
Longgang	22.7229	114.2633	215273
Longfeng	30.3879	109.5071	61862
Licheng	31.4281	119.4835	72276
Lixian	34.1900	105.1725	58300
Guankou	28.1586	113.6271	1380000
Liuxin	34.3686	117.1150	65258
Puning	23.3107	116.1687	1998619
Liuquan	34.4342	117.2983	51657
Lishui	28.4604	119.9103	451418
Lishi	29.0789	106.2620	66620
Lintong	34.3780	109.2089	75882
Liuzhou	24.3240	109.4070	1436599
Linyi	35.0631	118.3428	2743843
Linxia Chengguanzhen	35.6003	103.2064	274466
Linxi	39.7118	118.4495	100316
Linshui	36.4247	114.2047	109955
Linqu	36.5156	118.5397	299646
Linqiong	30.4159	103.4609	55587
Qingnian	36.8409	115.7109	110046
Linping	30.4225	120.2972	78180
Linjiang	31.0996	108.2196	71149
Linjiacun	35.9939	119.6503	88509
Linghe	36.3642	119.0769	99069
Lingcheng	33.8164	118.1136	53841
Beiliu	22.7072	110.3492	199769
Lingao	19.9087	109.6872	64874
Linfen	36.0889	111.5189	959198
Lincang	23.8797	100.0945	323708
Xishan	27.6667	113.5000	98162
Ligezhuang	36.3578	120.1428	65714
Lidu	29.7386	107.2948	88124
Lichuan	30.3000	108.8500	120587
Licheng	23.2955	113.8247	172775
Licha	36.0572	119.7833	55140
Liaolan	36.6744	119.8753	84306
Liaocheng	36.4506	116.0025	1229768
Lianzhou	24.7819	112.3712	92827
Hepu	21.6592	109.2001	192813
Anning	24.9227	102.4850	106795
Wuwei	37.9267	102.6320	1010295
Liangzhai	34.5000	116.7500	54742
Liangxiang	39.7360	116.1329	76744
Jiangbei	29.7283	106.6351	60466
Liancheng	25.7183	116.7489	60504
Lianjiang	21.6467	110.2817	1363470
Leshan	29.5623	103.7639	662814
Lengshuitan	26.4111	111.5956	88935
Lengshuijiang	27.6881	111.4294	198299
Leiyang	26.4024	112.8591	129116
Lecheng	25.1280	113.3504	124268
Laohekou	32.3858	111.6678	241431
Lanzhou	36.0570	103.8399	4359446
Lanxi	29.2159	119.4716	73706
Lianyuan	27.6883	111.6642	66501
Langfang	39.5208	116.7147	868066
Laizhou	37.1807	119.9422	188000
Laiyang	36.9758	120.7136	872000
Laiwu	36.1928	117.6569	989535
Laibin	23.7474	109.2222	910282
Kunyang	27.6658	120.5658	65009
Kunming	25.0389	102.7183	5950578
Kaiyuan	23.6977	103.3037	198423
Kaili	26.5858	107.9797	275745
Kaihua	23.3695	104.2772	64404
Kaifeng	34.7986	114.3074	1451741
Juye	35.3874	116.0717	58107
Junlian	28.1711	104.5116	80708
Juegang	32.3174	121.1855	73317
Jiyuan	35.0891	112.5881	242143
Jizhou	37.5505	115.5687	362013
Xixiang	22.5931	113.8889	78022
Jiujiang	29.7048	116.0021	1164268
Jiudian	36.9918	120.2041	97604
Jishui	33.7333	115.4000	77540
Jishou	28.3193	109.7335	102332
Jinzhou	39.1000	121.7167	215386
Jinxiang	27.4326	120.6063	84231
Jinshi	29.6049	111.8701	82906
Jinsha	32.0898	121.0735	95647
Jinjiang	19.7378	110.0093	68720
Jinji	23.2281	110.8261	56816
Jining	35.4050	116.5814	1241012
Jinhua	29.1068	119.6442	1463990
Jingzhou	30.3503	112.1903	1052282
Jingzhi	36.3100	119.3875	126703
Tianchang	37.9981	114.0156	61292
Jingmen	31.0336	112.2047	632954
Jingling	30.6500	113.1000	224871
Jingdezhen	29.2947	117.2079	473561
Jing’an	31.2200	121.4158	936500
Jing’an	22.2107	113.2922	186000
Jinchang	38.5006	102.1938	228561
Jincheng	35.5022	112.8328	476945
Jinan	36.6683	116.9972	8352574
Jimo	36.3897	120.4622	70733
Jijiang	29.2899	106.2500	196787
Jiexiu	37.0244	111.9125	222100
Jieshou	33.2634	115.3611	141993
Jieshi	22.8103	115.8306	137444
Jiehu	35.5428	118.4550	69245
Jiazi	22.8793	116.0732	130298
Jiayue	36.0236	119.1761	93228
Jiaxing	30.7522	120.7500	1180000
Jiawang	34.4328	117.4419	133861
Jiaozuo	35.2392	113.2391	865413
Jiaozhou	36.2839	120.0033	619266
Ningde	26.6617	119.5228	429260
Jian’ou	27.0415	118.3190	59187
Jiangzhuang	36.4944	119.7942	72453
Jiangyan	32.5061	120.1428	70375
Jianguang	28.1938	115.7836	61469
Jiangshan	36.6781	120.5292	86642
Jiangmen	22.5833	113.0833	1795459
Jiangkou	25.4869	119.1983	59902
Yangjiang	21.8556	111.9627	1292987
Jiang’an	28.7334	105.0683	67776
Jianchang	27.5583	116.6398	109108
Ji’an	27.1172	114.9793	538699
Guangyuan	32.4420	105.8230	516424
Qionghai	19.2425	110.4642	528238
Jiading	31.3858	121.2446	1886100
Huzhou	30.8703	120.0933	1015937
Hutang	31.5343	119.4900	56370
Cixi	30.1764	121.2457	1457510
Huoqiu Chengguanzhen	32.3547	116.2939	61904
Humen	22.8190	113.6731	191891
Huizhou	23.1115	114.4152	2900113
Huilong	31.8111	121.6550	74818
Huicheng	29.8693	118.4336	74349
Huicheng	23.0385	116.2899	125919
Huguo	28.5863	105.3666	54795
Huazhou	21.6333	110.5833	91701
Huayin	34.5653	110.0664	263352
Huashan	34.6300	116.7358	71281
Huankou	34.8700	116.6697	77758
Huangzhou	30.4500	114.8000	122563
Huangshi	30.2471	115.0481	688090
Dasha	23.1104	113.4418	116307
Huangpi	30.8845	114.3779	57554
Huangmei	30.1924	116.0250	77633
Huanghua	35.8892	119.4578	65646
Huanggang	23.6770	116.9996	225956
Daxing	39.7403	116.3269	104904
Huangchuan	32.1390	115.0429	72663
Xingyi	25.0962	104.9064	322890
Huaiyuan Chengguanzhen	32.9589	117.1657	65530
Huainan	32.6264	116.9969	3033528
Huaicheng	23.9195	112.1763	89294
Huaihua	27.5634	110.0040	552622
Huaidian	33.4333	115.0333	89978
Huaibei	33.9744	116.7917	1113321
Huacheng	24.0670	115.6131	101165
Houzhen	36.9914	118.9658	96737
Hongkou	31.2500	121.4892	687500
Donghe	32.2334	106.3013	81953
Hongjiang	27.1100	109.9956	476000
Honghe	36.4028	118.9181	88458
Hezuo	34.9856	102.9094	59148
Heze	35.2393	115.4736	1346717
Hechuan	29.9923	106.2646	377213
Heshan	28.5694	112.3473	1249807
Hepo	23.4308	115.8299	131238
Hengyang	26.8895	112.6189	1075516
Hengshui	37.7391	115.6835	522147
Hengbei	23.8797	115.7255	78575
Hejiang	28.8116	105.8336	137437
Hefei	31.8639	117.2808	9465881
Hede	33.7722	120.2618	89107
Hecun	36.5333	114.1111	494412
Hebi	35.7323	114.2862	634721
Hanzhong	33.0751	107.0221	1006557
Hanyin Chengguanzhen	32.8914	108.5047	66926
Fu’an	27.0913	119.6445	154439
Hanting	36.7708	119.2108	90637
Hanjia	29.2952	108.1613	108430
Hangzhou	30.2936	120.1614	11936010
Hangu	39.2489	117.7892	208369
Hanfeng	31.1695	108.4031	196528
Changzhi	36.1839	113.1053	1214940
Handan	36.6100	114.4876	1358318
Hanchuan	30.6500	113.7667	87737
Hancheng	35.4603	110.4292	397020
Haizhou	34.5817	119.1289	59098
Jiaojiang	28.6984	121.4733	826100
Haimen	23.1935	116.6122	125427
Haikou	24.7798	102.5755	112644
Haikou	20.0342	110.3465	3001600
Guyuan	36.0067	106.2808	411854
Guozhen	34.3659	107.3590	85415
Gunan	29.0231	106.6480	208010
Gulin	28.0422	105.8104	116527
Guli	28.8816	120.0331	964203
Guiyang	26.5833	106.7167	4506134
Guixi	30.3335	107.3454	188980
Guiren	33.6697	118.1889	57446
Guiping	23.3948	110.0743	71066
Guilin	25.2802	110.2964	1572300
Guigang	23.1160	109.5947	1086327
Gucun	31.3493	121.3934	240185
Gucheng Chengguanzhen	32.2660	111.6348	74038
Guanzhuang	36.2633	119.1939	50826
Guanyin	29.0993	104.3942	63606
Guanhu	34.4253	117.9953	97705
Guangzhou	23.1167	113.2500	18676605
Guangshui	31.6199	113.9978	154771
Gongguan	21.8000	109.6000	96492
Gelan	30.0359	107.1161	55938
Gejiu	23.3608	103.1537	136135
Gaozhou	21.9197	110.8568	292164
Gaoyou	32.7893	119.4418	90911
Gaoping	30.7758	106.1029	204368
Gaomi	36.3833	119.7528	391986
Gaoliu	36.8000	118.5000	67339
Gaogou	34.0175	119.1886	56214
Ganzhou	25.8466	114.9326	1977253
Gantang	27.4375	111.9731	89000
Ganshui	28.7422	106.7111	65994
Gangu Chengguanzhen	34.7356	105.3263	103589
Fuzhou	27.9600	116.3333	1089888
Fuzhou	26.0614	119.3061	4094491
Fuyang	32.9000	115.8167	1768947
Fuyang	30.0533	119.9519	70183
Qingyang	37.4958	121.2581	65622
Fuling	29.7100	107.3939	268658
Fuji	29.1482	105.3739	131927
Foshan	23.0268	113.1315	9042509
Fenyi	27.8112	114.6680	58478
Fenshui	30.7197	108.0833	60308
Fengyi	25.5840	100.3118	61890
Fengcheng	34.7039	116.5872	161850
Fengrun	39.8266	118.1382	65150
Fengkou	30.0827	113.3335	67139
Fenggang	27.5457	116.2146	64715
Feicheng	35.2606	117.9675	80929
Fangshan	39.6870	115.9966	97026
Fangcun	34.0864	117.4736	54035
Fangcheng	33.2569	113.0010	93808
Ezhou	30.4000	114.8333	193652
Enshi	30.3000	109.4833	279185
Encheng	22.1866	112.3042	110921
Duzhou	29.8785	107.0784	51888
Duyun	26.2667	107.5167	198516
Dushan	25.8333	107.5333	80045
Duobao	30.6700	112.6895	90257
Dunhou	27.0500	114.9000	94445
Ducheng	23.2421	111.5284	95525
Duoba	36.6579	101.5337	66767
Xinyi	22.3730	110.9475	1014577
Dongying	37.4627	118.4917	998968
Dongxing	21.5500	107.9667	130000
Dongxi	28.7614	106.6611	58169
Dongtai	32.8523	120.3095	262873
Dongsheng	39.8161	109.9776	574242
Dongkan	33.9997	119.8308	72789
Donghai	22.9459	115.6420	264709
Dongguan	23.0180	113.7487	9644871
Dongdu	35.8500	117.7000	72957
Dongcun	36.7767	121.1597	658000
Xinle	38.3490	114.6853	99347
Dingzhou	38.5147	114.9868	152934
Dingxi	35.5709	104.6230	420614
Dingtao	35.0744	115.5658	58206
Dingjia	29.4090	106.1423	60585
Dezhou	37.4466	116.3671	679535
Deyang	31.1302	104.3820	735070
Deqing	30.5449	119.9599	87576
Dengzhou	37.8082	120.7591	85279
Dengzhou	32.6827	112.0887	285032
Songyang	34.4555	113.0319	62375
Degan	29.2785	106.2316	83950
Liping	26.2311	109.1314	82710
Dazhong	33.1997	120.4578	84323
Zhangjiajie	29.1294	110.4783	441804
Daye	30.0833	114.9500	871214
Lijiang	26.8688	100.2207	211151
Daxing	27.2637	100.8639	52568
Dazhou	31.2106	107.4631	1589435
Dawukou	39.0419	106.3958	131880
Datun	34.8092	116.9017	110258
Datong	32.6208	117.0632	61085
Fenghua	29.6563	121.4064	76653
Daotian	36.8339	118.8978	93728
Daokou	35.5690	114.5159	56637
Danshui	22.7984	114.4672	126701
Danjiangkou	32.5428	111.5086	92008
Gushu	31.5605	118.4815	60335
Dancheng	33.6441	115.1816	65411
Damiao	34.2641	117.3638	77179
Daliang	22.8407	113.2503	210411
Dalian	38.9122	121.6022	7450785
Dali	25.5847	100.2123	235305
Dachang	31.3087	121.4153	371856
Chuzhou	32.3219	118.2978	782671
Chuxiong	25.0364	101.5456	555081
Yangchun	22.1667	111.7833	153547
Yiwu	29.3151	120.0768	1481384
Chongqing	29.5603	106.5577	22000000
Chengqiao	31.6308	121.3925	113442
Chonglong	29.7806	104.8522	58441
Chóngfú	30.5311	120.4309	112060
Chizhou	30.6613	117.4778	615274
Chenzhou	25.8000	113.0333	822534
Chengyang	35.5794	118.8328	66588
Chengxian Chengguanzhen	33.7478	105.7329	69427
Jiangyin	31.9110	120.2630	1779515
Chenggu	33.1492	107.3258	116375
Chengdu	30.6667	104.0667	20937757
Chenghua	23.4613	116.7701	152453
Chaozhou	23.6540	116.6226	1750945
Chaohu	31.6000	117.8667	138463
Changzhou	31.7736	119.9540	3290918
Changzhi	35.2089	111.7386	699514
Changyuan	29.4050	105.5883	186653
Changyi	36.8536	119.3908	302072
Changsha	28.1987	112.9709	3093980
Changqing	36.5575	116.7272	82598
Changning	31.2174	121.4210	694900
Changning	28.5777	104.9209	81248
Changli	39.7065	119.1603	64476
Changleng	28.7000	115.8167	56429
Changle	36.7058	118.8275	259161
Changle	21.8333	109.4167	62763
Changcheng	36.0906	119.4517	63208
Chaigou	36.2489	119.6242	79043
Caoqiao	34.3405	118.1104	65243
Caohe	30.2297	115.4335	67370
Weining	26.8500	104.2333	56744
Cangzhou	38.3112	116.8533	527681
Caidian	30.5833	114.0333	71891
Buhe	30.2876	112.2298	106347
Bozhou	33.8772	115.7703	1409436
Botou	38.0737	116.5667	63045
Boshan	36.4833	117.8333	153596
Baise	23.8901	106.6268	686078
Bishan	29.5949	106.2248	204702
Binzhou	37.3667	118.0167	682717
Bijie	27.3019	105.2863	1137383
Bianzhuang	34.8486	118.0447	65381
Bengbu	32.9408	117.3608	972784
Beisu	38.1548	114.8069	52752
Beimeng	36.6044	119.4956	66277
Beijing	39.9075	116.3972	18960744
Beihai	21.4835	109.1155	525329
Beidao	34.5686	105.8933	74767
Beibei	29.8274	106.4364	247702
Bayiji	34.2667	117.6833	65830
Bayan Hot	38.8386	105.6686	94445
Basuo	19.1027	108.6656	444458
Bashan	27.7682	116.0502	103748
Barkam	31.9006	102.2209	58390
Baoying	33.2292	119.3092	80292
Baoshan	31.4084	121.4896	2265900
Shaoyang	27.2382	111.4621	753194
Langzhong	31.5504	105.9938	60542
Baoding	38.8729	115.4625	2739887
Baiyin	36.5470	104.1702	294400
Baixi	28.6997	104.5492	88251
Baisha	29.0623	106.1189	115761
Baisha	21.7167	109.6833	89759
Baimajing	19.7120	109.2180	59585
Baihecun	22.1132	107.2359	63629
Shangyu	30.0156	120.8711	839747
Bachuan	29.8486	106.0505	208520
Babu	24.4167	111.5167	65603
Aoxi	27.4259	115.8364	82717
Shenliu	29.4137	112.1643	57769
Ānwén	29.0595	120.4377	51994
Anshun	26.2500	105.9333	765313
Anqiu	36.4342	119.1925	364208
Anqing	30.5136	117.0472	804493
Mabai	23.0128	104.4508	63569
Anlu	31.2575	113.6783	71198
Anlong	25.1000	105.5167	86416
Anliu	23.6982	115.6795	115560
Anjiang	27.3194	110.1031	55421
Naxi	28.7742	105.3649	50020
Anbu	23.4489	116.6809	162964
Ahu	34.3766	118.6031	55298
Jiangyou	31.7667	104.7167	127225
Suzhou	31.3041	120.5954	6715559
Zhoushan	29.9887	122.2049	882932
Dacheng	19.5093	109.3928	84620
Guanshan	33.7983	117.8664	51086
Mudu	31.2560	120.5186	61902
Songling	31.1933	120.7176	77566
Xinxing	34.7760	105.3222	97483
Shima	28.9877	105.9244	69881
Banan	29.3786	106.5400	508703
Nanhai	23.0219	113.1428	3667247
Dianbu	36.7017	120.3511	52613
Yunshan	36.8242	120.2261	52249
Nantou	22.7217	113.2926	130370
Tanzhou	22.2550	113.4669	382445
Sandu	19.7894	109.2150	76757
Wuzhishan	18.7823	109.5013	112269
Shijie	23.0955	113.7919	246960
Lianghu	29.9915	120.8984	155000
Zhoucheng	35.9122	116.3117	72070
Dalianwan	39.0286	121.6950	55841
Wuyishan	27.7599	118.0307	137133
Yueyang	29.3745	113.0948	991465
Hedong	23.9196	115.7801	101825
Zhenlai	45.8496	123.1979	67760
Shuangliao	43.5107	123.5007	93666
Zhaozhou	45.7060	125.2661	114009
Zhaoyuan	45.5197	125.0763	93505
Zhaodong	46.0522	125.9552	154406
Zhangjiakou	40.7834	114.8714	692602
Zhalantun	48.0095	122.7365	132224
Yushu	44.8275	126.5406	124736
Youhao	47.8531	128.8356	78402
Yingkou	40.6647	122.2318	591159
Yilan	46.3223	129.5608	71180
Yichun	47.7214	128.8753	155762
Yebaishou	41.3975	119.6408	65536
Yantongshan	43.2919	126.0094	57515
Yanji	42.8882	129.5024	326957
Yakeshi	49.2833	120.7333	116284
Xuanhua	40.6121	115.0646	373422
Xiuyan	40.2928	123.2744	71614
Xinqing	48.2870	129.5234	55415
Xinmin	41.9908	122.8253	565634
Xinglongshan	43.9561	125.4661	58432
Xingcheng	40.6167	120.7167	98968
Xilin Hot	43.9667	116.0333	213000
Xifeng	42.7372	124.7222	61087
Xiaoshi	41.2971	124.1209	68994
Wūdān	42.9344	119.0239	138695
Wuchang	44.9275	127.1604	94786
Wangqing	43.3108	129.7633	88732
Hepingjie	42.0597	126.9158	65298
Wangkui	46.8321	126.4766	99617
Ulanhot	46.0833	122.0833	265600
Tumen	42.9656	129.8420	78719
Tongliao	43.6125	122.2653	261110
Tonghua	41.7197	125.9264	510000
Tieling	42.2931	123.8414	459985
Tieli	46.9754	128.0480	107621
Taonan	45.3332	122.7846	112819
Tailai	46.3900	123.4085	66623
Dorbod	46.8614	124.4420	55316
Tahe	52.3215	124.6976	60874
Sujiatun	41.6592	123.3392	148113
Suiling	47.2349	127.1077	57124
Suihua	46.6481	126.9666	252245
Suifenhe	44.3998	131.1478	100000
Songjianghe	42.1859	127.4789	67672
Siping	43.1614	124.3778	627957
Shunyi	40.1217	116.6478	117623
Shulan	44.4113	126.9483	77420
Shuangyashan	46.6769	131.1327	600000
Shuangyang	43.5226	125.6595	62137
Shuangcheng	45.3798	126.3071	130710
Shiguai	40.7058	110.2856	70357
Shenyang	41.7922	123.4328	9070093
Shanhecun	45.7113	128.5803	57550
Shanhaiguan	40.0012	119.7540	140000
Shangzhi	45.2056	128.0024	131006
Sanchazi	42.0817	126.6003	66576
Salaqi	40.5414	110.5108	104090
Fendou	46.6414	124.8628	226298
Qitaihe	45.7680	130.9953	345033
Qiqihar	47.3392	123.9615	882364
Qinggang	46.6983	126.0921	64182
Songyuan	45.1290	124.8277	113611
Pingzhuang	42.0372	119.2889	67273
Panshi	42.9372	126.0574	80200
Panshan	41.1881	122.0494	625040
Nianzishan	47.5134	122.8879	62131
Nenjiang	49.1741	125.2197	87236
Nehe	48.4793	124.8702	108253
Nantai	40.9241	122.8044	56478
Nanpiao	41.0982	120.7479	157044
Lianhe	47.1333	129.2743	121367
Mujiayingzi	42.1167	118.7833	60627
Mudanjiang	44.5480	129.6259	665915
Mishan	45.5500	131.8833	87257
Antu	43.1025	128.9085	58872
Mingshui	47.1794	125.9028	59369
Meihekou	42.5287	125.6788	99419
Manzhouli	49.6000	117.4333	54808
Longjing	42.7713	129.4231	117185
Longjiang	47.3360	123.1960	106384
Longfeng	46.5317	125.1038	152074
Liuhe	42.2847	125.7454	66975
Lishu	43.3073	124.3337	61584
Linkou	45.2762	130.2733	77754
Linjiang	41.8069	126.9078	69149
Lingyuan	41.2400	119.4011	646000
Lingdong	46.5543	131.1449	83636
Liaozhong	41.5061	122.7242	395017
Longshan	42.8854	125.1367	465249
Liaoyang	41.2719	123.1731	687890
Lanxi	46.2577	126.2806	72528
Langxiang	46.9498	128.8685	57318
Langtoucun	40.0407	124.3353	59046
Kuandian	40.7286	124.7847	70867
Kaiyuan	42.5331	124.0403	112462
Kaitong	44.8091	123.0811	62537
Jixi	45.2932	130.9622	403759
Jiutai	44.1513	125.8298	175115
Jiupu	41.0667	122.9500	123843
Jishu	44.3167	126.8000	103988
Jinzhou	41.1078	121.1417	1524362
Lianshan	40.7643	120.8533	313247
Jining	41.0275	113.1058	258757
Jilin	43.8465	126.5608	1895865
Jidong	45.2560	131.1164	58520
Jiaohe	43.7213	127.3347	123018
Ji’an	41.1282	126.1946	67673
Jiamusi	46.7971	130.3112	549549
Jalai Nur	49.4500	117.7000	107828
Jiagedaqi	50.4167	124.1167	137105
Hushitai	41.9417	123.5027	61979
Hunchun	42.8674	130.3569	77028
Huludao	40.7524	120.8355	944495
Hulan Ergi	47.2042	123.6333	265344
Hulan	45.8933	126.5784	109104
Huinan	42.6225	126.2614	66315
Huanren	41.2647	125.3667	229953
Huangnihe	43.5583	128.0239	54959
Huanan	46.2362	130.5464	66087
Huadian	42.9721	126.7411	139047
Honggang	46.3974	124.8845	147977
Hohhot	40.8106	111.6522	3446100
Hengshan	45.2084	130.8981	164844
Helong	42.5397	128.9972	85756
Heishan	41.6892	122.1128	68603
Heihe	50.2441	127.4902	223832
Hegang	47.3473	130.2903	743307
Harbin	45.7500	126.6500	10009854
Hailun	47.4466	126.9248	109881
Hailin	44.5715	129.3854	144443
Hailar	49.2000	119.7000	211066
Haicheng	40.8516	122.7475	191651
Beining	41.5956	121.7928	152033
Gongzhuling	43.5007	124.8198	180700
Gongchangling	41.1167	123.4500	70761
Genhe	50.7833	121.5167	73631
Gannan	47.9204	123.5005	59239
Fuyu	47.7949	124.4577	75147
Fuyu	45.1833	124.8167	138704
Fuxin	42.0156	121.6589	689050
Fushun	41.8867	123.9436	1400646
Jixian	46.7259	131.1331	59160
Fujin	47.2472	132.0296	89442
Beichengqu	40.4394	113.1536	72444
Fengcheng	40.4536	124.0717	195700
Erdaojiang	41.7764	126.0319	60831
Dunhua	43.3695	128.2286	148844
Dongning	44.0844	131.1184	61440
Dongling	41.8144	123.5758	171454
Donghe	40.5661	110.0197	484218
Dongfeng	42.6739	125.5289	67820
Didao	45.3473	130.8369	109561
Dehui	44.5367	125.6943	108818
Datong	40.0936	113.2914	3105591
Dashitou	43.3067	128.5114	65683
Dashiqiao	40.6373	122.5025	80223
Daqing	46.5833	125.0000	1604027
Dandong	40.1292	124.3947	815858
Linghai	41.1653	121.3667	56176
Dalai	45.5000	124.3000	93297
Chifeng	42.2683	118.9636	346654
Chengzihe	45.3361	131.0049	98188
Chengde	40.9519	117.9588	920395
Chaoyang	42.6622	126.0263	75347
Chaoyang	41.5703	120.4586	410005
Changtu	42.7788	124.0954	71284
Changping	40.2161	116.2347	93174
Changling	44.2730	123.9756	55841
Changchun	43.8800	125.3228	5691024
Changbai	41.4177	128.1962	58266
Chaihe	44.7598	129.6783	67963
Boli	45.7529	130.5845	95260
Bin Xian	45.7427	127.4605	62017
Benxi	41.2886	123.7650	865215
Beipiao	41.7919	120.7792	190315
Bei’an	48.2667	126.6000	436444
Bayan	46.0762	127.3937	55186
Baotou	40.6516	109.8439	2761700
Baoshan	46.5747	131.3932	123791
Baoqing	46.3245	132.1897	62991
Muling	44.9165	130.5171	66170
Baishishan	43.5833	127.5667	56992
Baiquan	47.6066	126.0823	70472
Baicheng	45.6175	122.8330	316970
Baishan	41.9385	126.4197	183880
Anshan	41.1236	122.9900	3325372
Anda	46.4487	125.3016	181271
Oroqen Zizhiqi	50.5667	123.7167	61582
Aihui	49.9795	127.4812	192764
Acheng	45.5456	126.9519	144665
Songlingcun	40.2939	118.2714	52277
Hondlon	40.6483	109.7939	787681
Qingshan	40.6631	109.8817	719255
Doilungdêqên	29.6550	90.9918	137451
E’zhou	30.3961	114.8865	668727
Jinniu	25.8006	100.5743	96883
Shuifu	28.6321	104.4078	102143
Shilin	24.8188	103.3324	55000
Panzhihua	26.5851	101.7128	787177
Maozhou	22.7636	113.8129	74910
Gongheyong	22.7592	113.7945	204881
Tantou	22.7512	113.8350	320304
Taifu	28.9820	105.6370	58663
Zhongshan	22.5231	113.3791	3841873
Tongchuan	34.8988	108.9506	417740
Changshu	31.6461	120.7422	1677050
Shixing	24.9482	114.0657	72996
Jiashan	30.8492	120.9258	137112
Fenghuang	27.9356	109.5996	370000
Dengbu	28.2084	116.8172	63814
Hezhou	24.4036	111.5667	1005490
Zhu Cheng City	35.9950	119.4026	1000000
Xingqiao	30.3994	120.2517	52400
Gaojing	31.3223	121.4751	127512
Changzheng	31.2391	121.3678	229925
Xiayang	31.1497	121.1159	137321
Shangri-La	27.8251	99.7078	186400
Maqin County	34.4744	100.2450	59900
Xilinhot	43.9389	116.0702	349953
Lhoka	29.2430	91.7724	353700
Huajing	31.1220	121.4493	67415
Huangpu	31.2378	121.4781	656200
Ulanqab	40.9930	113.1330	550231
Ordos	39.6086	109.7816	2153638
Chengxiang	31.3980	109.5706	89080
Baidi	31.0576	109.5909	56216
Taizhou	28.6627	121.4331	1485502
Zhoujiaba	30.8435	108.3664	88494
Taibai	30.8248	108.3578	108387
Zhonggulou	30.8249	108.3841	85873
Pailou	30.7964	108.3858	104351
Bai’anba	30.7628	108.4372	91947
Sanhe	29.8686	107.7303	140954
Qingxichang	28.4042	108.9044	53552
Qianjiang	29.5328	108.7748	143727
Lizhi	29.7032	107.3952	156753
Fengcheng	29.8259	107.0602	175576
Shuangfengqiao	29.7186	106.6271	67717
Huixing	29.6840	106.6149	186972
Qiantang	30.1842	106.3165	65894
Dashi	30.0937	106.2223	61426
Yangcheng	29.9997	106.2560	186242
Nanjin	29.9850	106.2653	143766
Tangxiang	29.7023	105.7236	66325
Shenglilu	29.3505	105.8775	134218
Nandajie	29.3377	105.8924	88948
Qinggang	29.4677	106.2362	78582
Wenshan City	23.3631	104.2505	450000
Tuanbao	30.3367	109.1346	59580
Bole	44.8933	82.0699	235585
Liupanshui	26.5944	104.8333	1320825
Huanggang	30.4514	114.8704	366769
Nanchuan	29.1520	107.1034	204775
Datong	28.5965	106.6675	51025
Xingning	24.1483	115.7227	274499
Bageqi	37.1407	79.8351	57153
Rizhao	35.4141	119.5291	661943
Shanwang	36.5454	118.7110	63195
Puyang	35.7564	115.0436	655674
Jianshui	24.2774	101.2240	490000
Liuzhi	26.2342	105.4260	138826
Xuzhou	34.2044	117.2839	1253991
Panjin	41.1210	122.0739	1166481
Lianyungang	34.5984	119.2156	2001009
Rugao	32.3704	120.5765	257400
Jinzhong	37.6840	112.7547	1226617
Baoji	34.3678	107.2370	1437802
Puxi	31.2441	121.4659	6683712
Sino-Singapore Tianjin Eco-city	39.1531	117.7835	100000
Qipan	34.2447	118.2211	66419
Huocheng	44.0530	80.8717	360000
Longnan	33.3979	104.9170	85826
Bayan Nur	40.7414	107.3860	1760000
Bazhong	31.8694	106.7443	2712894
Tumxuk	39.8698	79.0612	135727
Wulong	29.3243	107.7606	78225
Chongzuo	22.3816	107.3683	384905
Kageleke	37.3010	79.6013	75730
Fangchenggang	21.7694	108.3566	276315
Dali Old Town	25.6886	100.1589	82566
Yunlong	34.2528	117.2517	345393
Dapeng	34.2844	117.0752	52219
Daxu	34.2824	117.5527	66563
Liguo	34.5529	117.3330	54960
Dashahe	34.5385	116.6245	51916
Wanggou	34.6715	116.4921	67140
Jing'an	34.4962	116.9225	57825
Yingqiu	36.5266	118.9929	92564
Yishan	36.2211	118.6966	78408
Huiqu	36.2714	119.0490	59323
Buzhuang	36.9122	119.5566	53474
Baicheng	36.3274	119.7788	77235
Jinggou	36.2818	119.5519	62917
Kanjia	36.3723	119.5821	75669
Huanglou	36.6471	118.6055	80055
Yidu	36.7712	118.4245	105070
Dongxia	36.7492	118.5827	84083
Heguan	36.8900	118.5738	73470
Shaozhuang	36.7470	118.3166	66728
Tanfang	36.6998	118.6709	91460
Gucheng	36.9535	118.7625	60149
Hualong	36.9459	118.5886	52660
Jitai	36.7572	118.7387	52144
Taitou	37.0273	118.6339	60354
Yingli	37.0650	118.8103	57091
Lingwu	38.1019	106.3402	52863
Shizuishan	38.9808	106.3892	739400
Hechi	24.6928	108.0838	330131
Menghuan	24.4353	98.5837	99970
Fengping	24.3973	98.5177	69586
Miaojie	25.3123	100.2798	62540
Yongjian	25.4254	100.2124	53970
Yousuo	26.0253	100.0677	53233
Sanchuan	26.7504	100.6589	56345
Wanzhou	30.7645	108.3959	1545900
Zhuyi	31.0254	109.3856	55627
Yintai	35.1152	109.0970	217509
Qingyang	35.7098	107.6445	2125400
Daxing’anling	52.3338	124.7124	520000
Zhawa	37.2142	79.6290	52165
Dazeshan	36.9887	119.9222	60034
Dianzi	36.9011	119.8657	51267
Yanghe	36.1381	119.9135	50371
Shuanglonghu	29.7162	106.6068	128563
Liangping	30.6611	107.7661	137620
Longling County	24.5866	98.6893	270000
Mianzhu, Deyang, Sichuan	31.3379	104.2206	510000
Pingwu County	32.4073	104.5274	180000
Hulunbuir	49.2114	119.7558	349400
Shajing Town	22.7385	113.8076	67093
Bao'an	22.5521	113.8829	4476554
Shenzhen City Centre	22.5359	114.0771	70826
Bao'an Centre	22.5795	113.9163	120170
Luohu District	22.5472	114.1315	1143801
Mengzi	23.3678	103.3821	595100
Lushui	25.8232	98.8585	197000
Lüliang	37.5192	111.1444	3346500
Nyingchi	29.6488	94.3551	200000
Lhünzhub	29.8931	91.2617	50596
Chéngguān Qū	29.6384	91.0444	478275
Nossa Senhora de Fátima	22.2077	113.5483	126000
Santo António	22.2021	113.5439	129800
São Lourenço	22.1885	113.5349	51700
Jinshan	30.8356	121.2937	822776
Fengxiang	30.8584	121.4678	1140872
Chongming	31.6185	121.6962	637921
Pánlóngchéng Jīngjì Kāifāqū	30.6931	114.2707	59207
Zipaquirá	5.0221	-74.0048	130432
Yumbo	3.5824	-76.4915	71436
Yopal	5.3357	-72.3939	168433
Villavicencio	4.1324	-73.6256	321717
Villa del Rosario	7.8339	-72.4742	64951
Valledupar	10.4654	-73.2531	490075
Turbo	8.0926	-76.7282	50508
Turbaco	10.3294	-75.4114	56171
Tunja	5.5448	-73.3576	172548
Tumaco	1.7911	-78.7927	86713
Tuluá	4.0848	-76.1955	221684
Soledad	10.9184	-74.7646	342556
Sogamoso	5.7143	-72.9339	111336
Soacha	4.5794	-74.2168	655025
Sincelejo	9.3045	-75.3905	277773
Santa Rosa de Cabal	4.8689	-75.6219	57928
Santander de Quilichao	3.0097	-76.4850	99354
Santa Marta	11.2386	-74.1943	499192
San Marcos	8.6597	-75.1281	60735
San Andrés	12.5786	-81.6997	58257
Sahagún	8.9462	-75.4428	59188
Sabaneta	6.1515	-75.6166	82375
Sabanalarga	10.6307	-74.9221	102334
Rionegro	6.1551	-75.3737	128153
Riohacha	11.5444	-72.9072	188014
Quibdó	5.6919	-76.6583	129237
Puerto Berrío	6.4916	-74.4033	51079
Popayán	2.4382	-76.6132	318059
Planeta Rica	8.4115	-75.5851	69708
Pitalito	1.8537	-76.0507	135711
Piedecuesta	6.9879	-73.0495	163362
Pereira	4.8143	-75.6949	467269
Pasto	1.2146	-77.2785	392930
Pamplona	7.3757	-72.6479	53587
Palmira	3.5348	-76.2977	312519
Ocaña	8.2377	-73.3560	101158
Neiva	2.9300	-75.2797	357392
Mosquera	4.7059	-74.2302	128012
Montería	8.7508	-75.8782	490935
Montelíbano	7.9792	-75.4202	90450
Mocoa	1.1528	-76.6521	56398
Medellín	6.2450	-75.5715	1999979
Marinilla	6.1736	-75.3362	57403
Manizales	5.0668	-75.5068	434403
Malambo	10.8595	-74.7739	129148
Maicao	11.3784	-72.2395	166603
Magangué	9.2420	-74.7547	123982
Madrid	4.7325	-74.2642	135000
Los Patios	7.8379	-72.5037	58661
La Dorada	5.4478	-74.6631	81950
Itagüí	6.1846	-75.5991	281853
Ipiales	0.8250	-77.6397	77729
Ibagué	4.4357	-75.2029	529635
Granada	3.5463	-73.7069	68876
Girón	7.0682	-73.1698	108466
Girardot City	4.3008	-74.8075	107324
Fusagasugá	4.3365	-74.3638	88820
Funza	4.7164	-74.2120	116890
Fundación	10.5207	-74.1850	59175
Floridablanca	7.0622	-73.0864	267591
Florencia	1.6155	-75.6041	168346
Facatativá	4.8137	-74.3545	141762
Espinal	4.1492	-74.8843	56213
Envigado	6.1759	-75.5917	163007
El Banco	9.0011	-73.9758	54522
El Bagre	7.6035	-74.8095	51150
Duitama	5.8245	-73.0341	92040
Dosquebradas	4.8366	-75.6693	206693
Cúcuta	7.9074	-72.5049	777106
Cimitarra	6.3142	-73.9497	50892
Ciénaga	11.0070	-74.2476	88311
Chinú	9.1057	-75.3981	50743
Chinchiná	4.9832	-75.6049	68512
Chigorodó	7.6664	-76.6811	86239
Chía	4.8588	-74.0587	124309
Cereté	8.8848	-75.7905	94935
Caucasia	7.9865	-75.1935	58034
Cartago	4.7454	-75.9125	134972
Cartagena	10.3982	-75.4933	914552
Cali	3.4305	-76.5199	2392877
Caldas	6.0911	-75.6357	82234
Calarcá	4.5286	-75.6402	79569
Cajicá	4.9186	-74.0280	54111
Guadalajara de Buga	3.9010	-76.2983	114316
Buenaventura	3.8796	-77.0310	240387
Buenaventura	3.5833	-77.0000	432385
Bucaramanga	7.1250	-73.1189	581130
Bogotá	4.6097	-74.0817	7674366
Bello	6.3373	-75.5580	392939
Barranquilla	10.9685	-74.7813	1206319
Barrancabermeja	7.0653	-73.8547	191403
Barbosa	6.4381	-75.3314	53943
Baranoa	10.7941	-74.9164	68383
Ayapel	8.3137	-75.1398	56082
Armenia	4.5366	-75.6726	304314
Arjona	10.2544	-75.3439	50405
Arauca	7.0847	-70.7591	85585
Apartadó	7.8830	-76.6259	86438
Aguachica	8.3084	-73.6166	97525
Agustín Codazzi	10.0367	-73.2356	51478
San José del Guaviare	2.5680	-72.6397	52815
Orito	0.6675	-76.8730	57774
Kennedy	4.6165	-74.1460	979914
San José	9.9339	-84.0849	335007
San Francisco	9.9938	-84.1274	55923
Limón	9.9907	-83.0360	63081
Vedado del Cotorro	23.0500	-82.2500	74650
Vedado	23.1377	-82.3934	108369
Trinidad	21.7996	-79.9835	60206
Santiago de Cuba	20.0229	-75.8217	555865
Santa Clara	22.4071	-79.9658	250512
San Miguel del Padrón	23.0954	-82.3267	159273
San Luis	20.1881	-75.8503	67293
San José de las Lajas	22.9612	-82.1515	54847
Sancti Spíritus	21.9343	-79.4398	127069
San Cristobal	22.7166	-83.0565	59579
Sagua la Grande	22.8060	-80.0742	62073
Puerto Padre	21.1959	-76.6035	76838
Placetas	22.3138	-79.6538	55408
Pinar del Río	22.4165	-83.6966	186990
Palma Soriano	20.2115	-75.9944	102826
Nuevitas	21.5445	-77.2649	54022
Morón	22.1088	-78.6269	66060
Moa	20.6578	-74.9507	92852
Matanzas	23.0439	-81.5828	146733
Marianao	23.0739	-82.4297	134057
Manzanillo	20.3424	-77.1193	128188
Mantilla	23.0679	-82.3414	206918
Las Tunas	20.9613	-76.9519	203684
Havana	23.1330	-82.3830	2163824
Jesús Menéndez	21.1615	-76.4777	51002
Jagüey Grande	22.5263	-81.1286	54363
Holguín	20.8872	-76.2631	319102
Güira de Melena	22.7969	-82.5065	69879
Güines	22.8384	-82.0267	68935
Guantánamo	20.1444	-75.2092	272801
Guanabacoa	23.1252	-82.3007	112964
Fontanar	23.0239	-82.4080	178601
Florida	21.5264	-78.2255	63007
Corralillo	22.9821	-80.5853	51881
Contramaestre	20.2988	-76.2450	70438
Consolación del Sur	22.5054	-83.5131	69857
Colón	22.7211	-80.9037	63882
Cienfuegos	22.1468	-80.4481	186644
Ciego de Ávila	21.8422	-78.7603	142027
Cerro	23.1079	-82.3836	132351
Cárdenas	23.0363	-81.2060	98515
Camagüey	21.3808	-77.9169	347562
Bayamo	20.3737	-76.6427	192632
Bartolomé Masó	20.1666	-76.9440	53024
Banes	20.9613	-75.7231	53104
Balcón de la Lisa	23.0535	-82.4476	147415
Artemisa	22.8137	-82.7581	68073
Arroyo Naranjo	23.0381	-82.3770	210053
Almendares	23.1101	-82.4232	240000
Alamar	23.1579	-82.2784	100000
Ciudad Camilo Cienfuegos	23.1608	-82.3280	178041
Centro Habana	23.1349	-82.3689	158151
La Habana Vieja	23.1303	-82.3531	95383
Boyeros	23.0072	-82.4017	188593
Diez de Octubre	23.0881	-82.3597	227293
Plaza de la Revolución	23.1194	-82.3920	139135
Praia	14.9315	-23.5125	137868
Mindelo	16.8901	-24.9804	69013
Willemstad	12.1225	-68.8864	125000
Stróvolos	35.1487	33.3338	67904
Nicosia	35.1728	33.3540	200452
Limassol	34.6841	33.0379	154000
Larnaca	34.9221	33.6279	72000
Zlín	49.2264	17.6706	72973
Žižkov	50.0833	14.4500	58267
Ústí nad Labem	50.6607	14.0323	90378
Teplice	50.6404	13.8245	50856
Stodůlky	50.0500	14.3167	60758
Prague	50.0880	14.4208	1165581
Pilsen	49.7475	13.3776	187863
Pardubice	50.0408	15.7766	88520
Ostrava	49.8347	18.2820	280853
Opava	49.9387	17.9026	54881
Olomouc	49.5955	17.2518	99496
Most	50.5030	13.6362	63474
Liberec	50.7671	15.0562	102951
Kladno	50.1473	14.1029	69728
Jihlava	49.3961	15.5912	50108
Hradec Králové	50.2092	15.8328	90596
Havířov	49.7798	18.4369	82768
Frýdek-Místek	49.6833	18.3500	53590
Chodov	50.0367	14.5044	50043
České Budějovice	48.9745	14.4743	93426
Brno	49.1952	16.6080	404296
Brno střed	49.1934	16.6071	86685
Zwickau	50.7272	12.4884	98796
Zehlendorf	52.4333	13.2500	54328
Würzburg	49.7939	9.9512	133731
Wuppertal	51.2563	7.1482	360797
Worms	49.6328	8.3592	81099
Wolfsburg	52.4236	10.7760	123064
Wolfenbüttel	52.1644	10.5410	54740
Witten	51.4436	7.3526	91808
Winterhude	53.5937	10.0112	56382
Wilmersdorf	52.4833	13.3167	101877
Willich	51.2637	6.5473	51843
Wilhelmshaven	53.5476	8.1039	84393
Wilhelmsburg	53.4928	10.0137	53064
Wiesbaden	50.0860	8.2444	288850
Wetzlar	50.5611	8.5049	52656
Wesel	51.6669	6.6204	61685
Weimar	50.9803	11.3290	64727
Wedding	52.5473	13.3559	85275
Wattenscheid	51.4806	7.1425	73965
Waiblingen	48.8324	9.3164	52945
Villingen-Schwenningen	48.0623	8.4936	81770
Viersen	51.2544	6.3944	76153
Velbert	51.3354	7.0435	87669
Unna	51.5380	7.6897	66734
Ulm	48.3984	9.9916	120451
Tübingen	48.5227	9.0522	92322
Troisdorf	50.8090	7.1497	74749
Trier	49.7557	6.6394	100129
Tempelhof	52.4667	13.4000	61769
Stuttgart	48.7823	9.1770	612663
Stralsund	54.3091	13.0818	58976
Stolberg	50.7737	6.2260	57684
Steglitz	52.4561	13.3320	72464
Speyer	49.3208	8.4311	50343
Solingen	51.1734	7.0845	164359
Sindelfingen	48.7000	9.0167	61311
Siegen	50.8748	8.0243	107242
Schwerte	51.4439	7.5675	50399
Schwerin	53.6294	11.4132	96641
Schweinfurt	50.0494	10.2218	54012
Schwäbisch Gmünd	48.7995	9.7981	61216
Schöneberg	52.4980	13.3443	122658
Sankt Augustin	50.7754	7.1970	56094
Salzgitter	52.1570	10.4154	104970
Saarbrücken	49.2326	7.0098	182971
Rüsselsheim am Main	49.9896	8.4225	59730
Rostock	54.0887	12.1405	198293
Rosenheim	47.8564	12.1225	60167
Rheinhausen	51.4006	6.7119	78203
Rheine	52.2851	7.4405	76491
Reutlingen	48.4914	9.2043	112627
Remscheid	51.1798	7.1925	117118
Reinickendorf	52.5639	13.3355	83972
Regensburg	49.0151	12.1016	151389
Recklinghausen	51.6138	7.1974	122438
Ratingen	51.2972	6.8493	91606
Rahlstedt	53.6019	10.1567	92511
Pulheim	50.9997	6.8063	53762
Prenzlauer Berg	52.5388	13.4244	148878
Potsdam	52.3989	13.0657	184754
Porz am Rhein	50.8864	7.0583	113415
Plauen	50.4973	12.1378	66412
Pforzheim	48.8844	8.6989	119313
Passau	48.5665	13.4312	50560
Pankow	52.5693	13.4019	65375
Paderborn	51.7191	8.7544	142161
Osnabrück	52.2726	8.0498	166462
Oldenburg	53.1404	8.2148	159218
Offenburg	48.4738	7.9450	59238
Offenbach	50.1006	8.7665	119192
Oberhausen	51.4781	6.8625	219176
Nuremberg	49.4542	11.0775	515543
Nordhorn	52.4308	7.0683	52803
Norderstedt	53.7018	9.9933	82844
Nippes	50.9654	6.9531	113487
Neuwied	50.4336	7.4706	66805
Neu-Ulm	48.3928	10.0111	51389
Neustadt an der Weinstraße	49.3501	8.1389	53984
Neue Neustadt	52.1500	11.6333	226851
Neuss	51.1981	6.6850	152457
Neumünster	54.0740	9.9846	80196
Neukölln	52.4772	13.4313	164636
Neubrück	51.1343	6.6386	51109
Neubrandenburg	53.5573	13.2610	68082
Münster	51.9624	7.6257	308258
Munich	48.1374	11.5755	1505005
Mülheim	51.4322	6.8797	173050
Mönchengladbach	51.1854	6.4417	261742
Moers	51.4534	6.6326	103487
Moabit	52.5264	13.3390	81021
Minden	52.2895	8.9146	82879
Menden	51.4434	7.7782	52452
Meerbusch	51.2527	6.6881	54826
Marzahn	52.5453	13.5698	111508
Marl	51.6567	7.0904	91398
Mariendorf	52.4378	13.3811	52734
Marburg an der Lahn	50.8090	8.7707	78895
Mannheim	49.4891	8.4669	307960
Mainz	49.9819	8.2801	222889
Magdeburg	52.1313	11.6319	244329
Lünen	51.6163	7.5287	91009
Lüneburg	53.2512	10.4155	71260
Ludwigshafen am Rhein	49.4812	8.4464	163196
Ludwigsburg	48.8973	9.1916	87603
Lüdenscheid	51.2198	7.6273	79386
Lübeck	53.8689	10.6873	212207
Lippstadt	51.6737	8.3448	67219
Lingen	52.5227	7.3255	51310
Lichterfelde	52.4333	13.3076	85885
Lichtenrade	52.3984	13.4064	52110
Leverkusen	51.0303	6.9843	162738
Leipzig	51.3396	12.3713	504971
Langenhagen	52.4422	9.7365	50439
Langenfeld	51.1082	6.9483	59112
Landshut	48.5296	12.1618	71863
Lahr	48.3404	7.8689	50775
Kreuzberg	52.4997	13.4034	153135
Krefeld	51.3364	6.5538	237984
Köpenick	52.4455	13.5746	67148
Berlin Köpenick	52.4425	13.5823	59561
Konstanz	47.6603	9.1758	81275
Köln	50.9333	6.9500	1024621
Koblenz	50.3536	7.5788	107319
Kiel	54.3213	10.1349	252668
Kerpen	50.8699	6.6969	64226
Kempten (Allgäu)	47.7267	10.3139	61399
Kassel	51.3167	9.5000	197230
Karlsruhe	49.0094	8.4044	283799
Kaiserslautern	49.4430	7.7716	98732
Jena	50.9288	11.5899	104712
Iserlohn	51.3755	7.7028	91811
Ingolstadt	48.7651	11.4237	120658
Ibbenbueren	52.2796	7.7146	50577
Hürth	50.8708	6.8676	54678
Hildesheim	52.1508	9.9511	103052
Hilden	51.1682	6.9309	56565
Herten	51.5964	7.1439	65306
Herne	51.5388	7.2257	172108
Herford	52.1146	8.6734	64879
Hellersdorf	52.5332	13.6088	84103
Heilbronn	49.1399	9.2205	120733
Heidenheim an der Brenz	48.6780	10.1516	50067
Heidelberg	49.4077	8.6908	143345
Hattingen	51.3989	7.1856	56866
Harburg	53.4606	9.9839	169221
Hannover	52.3705	9.7332	515140
Hanau am Main	50.1342	8.9142	88648
Hamm	51.6803	7.8209	178967
Hameln	52.1040	9.3562	58666
Wandsbek	53.5833	10.0831	411422
Marienthal	53.5667	10.0833	287101
Hamburg-Mitte	53.5500	10.0167	301231
Eimsbüttel	53.5742	9.9568	269118
Altona	53.5500	9.9333	250192
Hamburg	53.5507	9.9930	1973896
Halle (Saale)	51.4816	11.9795	237865
Hagen	51.3608	7.4717	198972
Gütersloh	51.9069	8.3785	96180
Gummersbach	51.0261	7.5647	53131
Gronau	52.2110	7.0224	50547
Grevenbroich	51.0910	6.5827	64779
Universitäts- und Hansestadt Greifswald	54.0891	13.4024	52731
Göttingen	51.5344	9.9323	122149
Görlitz	51.1552	14.9885	57751
Göppingen	48.7035	9.6521	58040
Gladbeck	51.5708	6.9859	75499
Gießen	50.5873	8.6755	89179
Gesundbrunnen	52.5504	13.3914	93862
Gera	50.8803	12.0819	104659
Gelsenkirchen	51.5051	7.0965	270028
Garbsen	52.4196	9.6033	63355
Fürth	49.4759	10.9886	132036
Fulda	50.5516	9.6752	63760
Friedrichshain	52.5156	13.4548	117829
Friedrichshafen	47.6569	9.4755	58403
Friedrichsfelde	52.5057	13.5081	55423
Freiburg	47.9959	7.8522	237460
Frechen	50.9149	6.8118	52309
Frankfurt am Main	50.1155	8.6842	650000
Frankfurt (Oder)	52.3471	14.5506	57107
Flensburg	54.7880	9.4372	85838
Euskirchen	50.6606	6.7872	54889
Esslingen	48.7396	9.3047	92390
Essen	51.4566	7.0123	593085
Eschweiler	50.8185	6.2718	55778
Erlangen	49.5910	11.0078	102675
Erfurt	50.9773	11.0354	218793
Erftstadt	50.8148	6.7939	51207
Emden	53.3659	7.2085	51526
Düsseldorf	51.2232	6.7793	618685
Düren	50.8043	6.4930	93440
Duisburg	51.4325	6.7652	504358
Dresden	51.0509	13.7383	564904
Dortmund	51.5149	7.4660	588462
Dorsten	51.6617	6.9651	79981
Dormagen	51.0968	6.8317	63582
Dinslaken	51.5623	6.7434	66993
Detmold	51.9385	8.8732	73680
Dessau	51.8386	12.2455	67747
Delmenhorst	53.0511	8.6309	75893
Darmstadt	49.8717	8.6503	167029
Cuxhaven	53.8683	8.6990	52677
Cottbus	51.7577	14.3289	84754
Chemnitz	50.8357	12.9292	247220
Charlottenburg	52.5167	13.2833	129359
Celle	52.6226	10.0805	71010
Castrop-Rauxel	51.5566	7.3116	77924
Bremerhaven	53.5536	8.5755	118610
Bremen	53.0758	8.8072	546501
Braunschweig	52.2659	10.5267	244715
Brandenburg an der Havel	52.4167	12.5500	59826
Bottrop	51.5239	6.9285	119909
Bonn	50.7344	7.0955	330579
Bogenhausen	48.1522	11.6159	77542
Bochum	51.4817	7.2165	385729
Bocholt	51.8388	6.6153	73943
Billstedt	53.5500	10.1333	71077
Bielefeld	52.0333	8.5333	331906
Berlin	52.5244	13.4105	3426354
Bergkamen	51.6163	7.6445	52329
Bergisch Gladbach	50.9856	7.1330	106184
Bergheim	50.9557	6.6399	63558
Bayreuth	49.9478	11.5789	72940
Bamberg	49.8987	10.9007	70047
Bad Salzuflen	52.0862	8.7443	54899
Bad Homburg vor der Höhe	50.2268	8.6182	51859
Baden-Baden	48.7606	8.2398	56881
Augsburg	48.3715	10.8985	301105
Aschaffenburg	49.9770	9.1521	68551
Arnsberg	51.3833	8.0833	74879
Ahlen	51.7634	7.8887	55280
Aalen	48.8378	10.0933	67085
Aachen	50.7766	6.0834	265208
Mitte	52.5200	13.4049	102338
Bergedorf	53.4846	10.2290	119665
Treptow	52.4938	13.4447	50000
Neu-Hohenschönhausen	52.5668	13.5125	56921
Alt-Hohenschönhausen	52.5461	13.5013	50070
Hamburg-Nord	53.5894	9.9840	315514
Rodenkirchen	50.8933	6.9948	110158
Djibouti	11.5890	43.1450	626512
Ali Sabih	11.1558	42.7125	50006
Balbala	11.5619	43.1067	554350
Vejle	55.7093	9.5357	60231
Roskilde	55.6415	12.0803	51916
Randers	56.4607	10.0364	62802
Odense	55.3959	10.3883	180863
Copenhagen	55.6759	12.5655	1153615
Kolding	55.4904	9.4722	61638
Klinteby Frihed	55.1970	11.5960	53443
Hvidovre	55.6430	12.4771	53527
Horsens	55.8607	9.8503	61074
Herning	56.1362	8.9766	50565
Frederiksberg	55.6794	12.5346	95029
Esbjerg	55.4703	8.4519	71698
Avedøre	55.6272	12.4564	53443
Århus	56.1567	10.2108	285273
Aalborg	57.0480	9.9187	142937
Villa Francisca	18.4828	-69.8891	50185
Santo Domingo	18.4719	-69.8923	2201941
Santiago de los Caballeros	19.4504	-70.6908	1200000
Santa Cruz de Barahona	18.2086	-71.1007	77160
San Pedro de Macorís	18.4539	-69.3086	217899
San Juan de la Maguana	18.8064	-71.2263	72950
San Francisco de Macorís	19.2938	-70.2528	124763
Puerto Plata	19.7934	-70.6884	146000
Salvaleón de Higüey	18.6150	-68.7080	123787
Punta Cana	18.5818	-68.4043	100023
Moca	19.3929	-70.5235	61834
La Romana	18.4233	-68.9664	208437
Cristo Rey	18.5000	-69.9333	57084
La Vega	19.2203	-70.5310	102426
Bonao	18.9415	-70.4111	73269
San Cristóbal	18.4171	-70.1068	154040
Bella Vista	18.4554	-69.9454	175683
Baní	18.2797	-70.3318	66709
Bajos de Haina	18.4154	-70.0332	66784
Azua	18.4532	-70.7349	59139
Santo Domingo Oeste	18.5000	-70.0000	701269
Santo Domingo Este	18.4851	-69.8476	700000
Touggourt	33.1108	6.0700	143270
Tolga	34.7222	5.3784	50575
Tlemcen	34.8783	-1.3150	173531
Tizi Ouzou	36.7118	4.0459	104312
Tissemsilt	35.6072	1.8108	66084
Tiaret	35.3710	1.3170	178915
Tébessa	35.4042	8.1242	194461
Tamanghasset	22.7850	5.5228	81752
Souk Ahras	36.2864	7.9511	153479
Sougueur	35.1857	1.4961	71036
Skikda	36.8762	6.9092	182903
Sig	35.5283	-0.1937	61373
Sidi Bel Abbes	35.1899	-0.6309	210146
Sidi Aïssa	35.8855	3.7724	66856
Sétif	36.1911	5.4137	252127
Saïda	34.8303	0.1517	142497
Rouissat	31.9243	5.3502	80784
Rouiba	36.7383	3.2808	117558
Relizane	35.7373	0.5560	123255
Reghaïa	36.7359	3.3402	54962
Oum el Bouaghi	35.8754	7.1135	67201
Ouled Djellal	34.4300	5.0614	58481
Oued Rhiou	35.9612	0.9190	55430
Ouargla	31.9493	5.3250	169928
Oran	35.6991	-0.6359	803329
M'Sila	35.7089	4.5372	132975
Mostaganem	35.9312	0.0892	162885
Mohammadia	35.5886	0.0686	62410
Mila	36.4503	6.2644	63251
Messaad	34.1543	3.5031	97091
Médéa	36.2642	2.7539	145441
Mecheria	33.5445	-0.2812	65043
Mascara	35.3966	0.1403	108629
Mansoûra	34.8616	-1.3394	52285
Maghnia	34.8497	-1.7275	87373
Larbaâ	36.5647	3.1543	58295
Laghouat	33.8000	2.8651	134372
Ksar el Boukhari	35.8889	2.7490	59634
Ksar Chellala	35.2122	2.3189	51451
Kolea	36.6389	2.7685	61643
Khenchela	35.4358	7.1433	114472
Khemis Miliana	36.2610	2.2201	80512
Jijel	36.8210	5.7635	131513
Assi Bou Nif	35.6922	-0.4994	53700
Hassi Bahbah	35.0711	3.0299	77000
Hamma Bouziane	36.4121	6.5960	83603
Guerara	32.7921	4.4995	58572
Guelma	36.4621	7.4261	120004
Ghardaïa	32.4909	3.6735	142913
En Nedjma	35.6478	-0.5695	51665
El Oued	33.3561	6.8632	186525
El Khroub	36.2633	6.6936	90122
El Menia	30.5756	2.8842	57344
El Eulma	36.1528	5.6902	145380
El Bayadh	33.6832	1.0193	85577
Chlef	36.1653	1.3345	178616
El Achir	36.0639	4.6274	158333
Ech Chettia	36.1959	1.2554	60170
Drean	36.6848	7.7511	55147
Djelfa	34.6728	3.2630	265833
Constantine	36.3650	6.6147	448028
Cheria	35.2731	7.7519	66160
Chelghoum el Aïd	36.1629	6.1665	54495
Bou Saâda	35.2086	4.1740	111787
Bouïra	36.3749	3.9020	68545
Boufarik	36.5741	2.9121	57162
Boudouaou	36.7274	3.4099	56398
Bordj el Kiffan	36.7487	3.1925	123246
Bordj el Bahri	36.7907	3.2495	52816
Bordj Bou Arreridj	36.0739	4.7614	158812
Boghni	36.5422	3.9531	54666
Blida	36.4700	2.8277	331779
Biskra	34.8504	5.7280	204661
Birkhadem	36.7150	3.0500	71722
Bir el Djir	35.7200	-0.5450	68032
Bir el Ater	34.7449	8.0602	70749
Besbes	36.7022	7.8472	66287
Berrouaghia	36.1352	2.9108	55775
Beni Mered	36.5239	2.8613	92749
Béjaïa	36.7559	5.0843	176139
Béchar	31.6167	-2.2167	165241
Batna	35.5560	6.1741	289504
Barika	35.3890	5.3658	98141
Baraki	36.6666	3.0961	105402
Bab Ezzouar	36.7261	3.1829	275630
Arzew	35.8505	-0.3180	58162
Annaba	36.9000	7.7667	342703
Algiers	36.7323	3.0875	2364230
Aïn Touta	35.3768	5.9000	55736
Aïn Temouchent	35.2975	-1.1404	70810
Aïn Oussera	35.4514	2.9058	98107
Aïn Oulmene	35.9230	5.2960	51207
Aïn M’Lila	36.0369	6.5722	65371
Aïn Defla	36.2640	1.9679	55259
Aïn Beïda	35.7964	7.3928	116064
Aflou	34.1128	2.1023	93585
Adrar	27.8743	-0.2939	68276
Ali Mendjeli	36.2459	6.5671	64120
District of Taher	36.7720	5.8982	60426
Tulcán	0.8124	-77.7171	86498
Santo Domingo de los Colorados	-0.2537	-79.1763	458580
Riobamba	-1.6651	-78.6589	264048
Quito	-0.2298	-78.5250	2781641
Quevedo	-1.0288	-79.4626	213842
Portoviejo	-1.0576	-80.4514	321800
Milagro	-2.1340	-79.5934	133508
Manta	-0.9494	-80.7314	264281
Machala	-3.2589	-79.9588	289141
Loja	-3.9931	-79.2042	274112
Latacunga	-0.9342	-78.6152	205624
La Libertad	-2.2330	-80.9104	75881
Ibarra	0.3488	-78.1246	221149
Guayaquil	-2.1962	-79.8862	2723665
Esmeraldas	0.9592	-79.6540	218727
Eloy Alfaro	-2.1692	-79.8399	315724
Daule	-1.8603	-79.9768	173684
Cuenca	-2.8953	-78.9963	636996
Babahoyo	-1.8049	-79.5249	76279
Ambato	-1.2491	-78.6167	387309
Tartu	58.3806	26.7251	91407
Tallinn	59.4370	24.7535	394024
Narva	59.3772	28.1903	54409
Lasnamäe	59.4336	24.8602	115008
Mustamäe	59.4048	24.6812	67968
Kesklinn	59.4355	24.7575	67766
Haabersti	59.4233	24.6465	51423
Põhja-Tallinn	59.4490	24.6981	63240
Zefta	30.7142	31.2443	111700
Ţūkh	30.3549	31.2010	52593
Ţimā	26.9084	31.4347	101130
Tanta	30.7885	31.0019	576648
Ţāmiyah	29.4764	30.9612	73070
Ţalkhā	31.0539	31.3779	112851
Talā	30.6798	30.9436	72536
Ţahţā	26.7687	31.5020	134314
Sumusţā al Waqf	28.9210	30.8537	64965
Sohag	26.5570	31.6948	266944
Sirs al Layyānah	30.4428	30.9698	78168
Sinnūris	29.4135	30.8658	133532
Shubrā al Khaymah	30.1251	31.2505	1240289
Shirbīn	31.1969	31.5243	76081
Shibīn al Qanāţir	30.3127	31.3202	73711
Shibīn al Kawm	30.5526	31.0090	267945
Samannūd	30.9616	31.2407	87921
Samālūţ	28.3121	30.7101	142009
Rosetta	31.3995	30.4172	301795
Quwaysinā	30.5648	31.1578	65690
Qūş	25.9154	32.7629	84386
Qina	26.1642	32.7267	252883
Qalyub	30.1792	31.2056	156363
Nag Hammâdi	26.0495	32.2414	59601
Nabarūh	31.0975	31.3031	59202
Mīt Ghamr	30.7152	31.2592	153754
Minyat an Naşr	31.1262	31.6431	82429
Minyā al Qamḩ	30.5155	31.3463	99284
Munūf	30.4660	30.9320	125707
Maţāy	28.4187	30.7786	82328
Mashtūl as Sūq	30.3606	31.3776	75837
Marsá Maţrūḩ	31.3529	27.2372	176498
Manfalūţ	27.3126	30.9699	117925
Mallawī	27.7326	30.8413	212628
Maghāghah	28.6478	30.8410	118223
6th of October City	29.8167	31.0500	368650
Madīnat as Sādāt	30.3674	30.5087	71501
Madīnat an Naşr	30.0667	31.3000	668413
Al ‘Āshir min Ramaḑān	30.2964	31.7463	246148
Kirdāsah	30.0310	31.1111	137588
Kom Ombo	24.4767	32.9463	409311
Kawm Ḩamādah	30.7613	30.6997	55652
Kafr az Zayyāt	30.8248	30.8180	83348
Kafr ash Shaykh	31.1117	30.9399	194569
Kafr ad Dawwār	31.1338	30.1297	128539
Juhaynah	26.6742	31.4969	76555
Girga	26.3372	31.8929	151256
Ītāy al Bārūd	30.8870	30.6672	77606
Iţsā	29.2376	30.7894	74357
Esna	25.2934	32.5540	462787
Ihnāsyā al Madīnah	29.0895	30.9432	68976
Ihnāsīyah	29.0928	31.0204	64058
Idkū	31.3073	30.2981	177152
Edfu	24.9792	32.8772	79510
Ibshawāy	29.3590	30.6806	86186
Ḩalwān	29.8414	31.3008	230000
Hihyā	30.6713	31.5880	74823
Ḩawsh ‘Īsá	30.9128	30.2902	82999
Ḩadā’iq al Qubbah	30.0884	31.2835	339612
Fuwwah	31.2036	30.5491	93392
Farshūţ	26.0550	32.1627	71013
Fāqūs	30.7282	31.7970	116945
Damietta	31.4165	31.8133	305920
Diyarb Najm	30.7544	31.4402	80954
Disūq	31.1326	30.6478	149291
Dishnā	26.1224	32.4675	64744
Dikirnis	31.0890	31.5948	101082
Dayrūţ	27.5564	30.8106	102570
Dayr Mawās	27.6415	30.8501	60835
Darāw	24.4080	32.9232	61790
Damanhur	31.0341	30.4682	318207
Būsh	29.1482	31.1273	136441
Port Said	31.2653	32.3019	780515
Safaga	26.7491	33.9389	53639
Būlāq Abū al ‘Ilā	30.0604	31.2315	51741
Biyalā	31.1742	31.2218	89068
Birkat as Sab‘	30.6291	31.0824	50924
Bilqās	31.2145	31.3580	137080
Bilbeis	30.4204	31.5622	185237
Bibā	28.9241	30.9854	94677
Basyūn	30.9398	30.8134	75084
Banī Suwayf	29.0744	31.0979	273151
Banī Mazār	28.4946	30.8053	115759
Banhā	30.4598	31.1842	182254
Balţīm	31.5558	31.0892	51280
Zagazig	30.5877	31.5020	430445
Awsīm	30.1230	31.1357	94174
Assiut	27.1810	31.1837	528669
Aswān	24.0908	32.8994	379774
Suez	29.9737	32.5263	699541
As Sinbillāwayn	30.8825	31.4627	124020
As Sāḩil	27.0631	31.3442	54094
Aş Şaff	29.5647	31.2811	61531
Ash Shuhadā’	30.5968	30.8993	76071
Ashmūn	30.2974	30.9764	124483
Armant	25.6199	32.5431	78695
Al Wāsiţah	29.3378	31.2056	57870
Luxor	25.6989	32.6421	422407
Al Qūşīyah	27.4402	30.8171	99598
Al Qurayn	30.6162	31.7351	94632
Al Qanāyāt	30.6193	31.4616	70687
Al Qanāţir al Khayrīyah	30.1933	31.1370	83568
Cairo	30.0626	31.2497	9606916
Minya	28.0919	30.7581	283605
Al Maţarīyah	31.1829	32.0311	162045
Al Marāghah	26.6998	31.6046	53643
Al Manzalah	31.1582	31.9360	127394
Al Mansurah	31.0364	31.3807	621953
Al Minshāh	26.4775	31.8039	91149
Al Maḩallah al Kubrá	30.9706	31.1669	592573
Al Khuşūş	30.1529	31.3150	488904
Al Khārjah	25.4510	30.5465	83108
Al Khānkah	30.2103	31.3681	81646
Giza	30.0094	31.2086	4367343
Al Jammālīyah	31.1806	31.8650	99641
Ismailia	30.6043	32.2722	429465
Alexandria	31.2018	29.9158	5263542
Al Ibrāhīmīyah	30.7188	31.5630	53791
‘Izbat ‘Alī as Sayyid	31.1567	30.1477	53079
Al Ḩusaynīyah	30.8616	31.9181	50651
Al Ḩawāmidīyah	29.9000	31.2500	155055
Al Ḩāmūl	31.3115	31.1477	58430
Hurghada	27.2574	33.8129	207132
Al Ghanāyim	26.8752	31.3296	70884
Al Fayyum	29.3100	30.8418	519047
Al Fashn	28.8231	30.8990	112999
Al Burj	31.5823	30.9809	60320
Al Balyanā	26.2365	32.0039	68413
Al Bājūr	30.4305	31.0368	62961
Al Badrashayn	29.8500	31.2667	90833
Al Badārī	26.9931	31.4160	56033
Arīsh	31.1316	33.7984	199243
Akhmīm	26.5622	31.7457	151430
Ad Dilinjāt	30.8280	30.5355	68901
Abū Tīj	27.0451	31.3184	105418
Abū Qurqāş	27.9304	30.8383	90266
Abū Kabīr	30.7251	31.6715	154466
Abū Ḩummuş	31.0931	30.3142	61388
Abū an Numrus	29.9500	31.2000	86601
Abū al Maţāmīr	30.9102	30.1744	66946
Abnūb	27.2688	31.1523	111785
Al-Manākh	31.2679	32.2846	84679
Dumyāţ al Jadīdah	31.4348	31.6751	54508
Aş Şāliḩīyah al Jadīdah	30.6315	31.9393	59320
New Cairo	30.0300	31.4700	313139
El Shorouk	30.1381	31.6156	91899
Al Qāhirah al Jadīdah	30.0421	31.4445	313139
Būr Fu’ād	31.2441	32.3195	81591
Al-'Ubūr	30.2289	31.4815	138987
Al-Khārijah	25.2500	30.5500	83108
Ash-Shaykh Zāyid	30.0200	31.0000	95854
Aḍ-Ḍawāḥy	31.2441	32.2773	148624
Az-Zuhūr	31.2650	32.2640	266381
Laayoune	27.1418	-13.1880	196331
Dakhla	23.6848	-15.9580	106277
Keren	15.7779	38.4511	74800
Asmara	15.3381	38.9318	563930
Vila-real	39.9383	-0.1009	50577
Vélez-Málaga	36.7811	-4.1027	74190
Valencia	39.4739	-0.3797	824340
Utrera	37.1852	-5.7809	52617
Torrevieja	37.9787	-0.6822	82599
Torrent	39.4370	-0.4655	78543
Torremolinos	36.6204	-4.4998	65448
Toledo	39.8581	-4.0226	86526
Telde	27.9924	-15.4192	123265
Talavera de la Reina	39.9635	-4.8308	88856
Sevilla	37.3828	-5.9732	686741
San Vicent del Raspeig	38.3964	-0.5255	56715
Santa Lucía	27.9117	-15.5407	71863
Santa Cruz de Tenerife	28.4682	-16.2546	211359
Sanlúcar de Barrameda	36.7781	-6.3515	68037
San Fernando	36.4759	-6.1982	95174
La Laguna	28.4853	-16.3201	150661
San Bartolomé de Tirajana	27.9248	-15.5733	53588
Sagunto	39.6833	-0.2667	66070
Roquetas de Mar	36.7642	-2.6147	94925
Puertollano	38.6871	-4.1073	51842
Paterna	39.5026	-0.4408	64023
Palma	39.5694	2.6502	438234
Orihuela	38.0848	-0.9440	101321
Murcia	37.9870	-1.1300	471982
Motril	36.7507	-3.5179	60592
Molina de Segura	38.0546	-1.2076	64065
Mijas	36.5958	-4.6373	80630
Mérida	38.9180	-6.3429	59857
Melilla	35.2937	-2.9383	85985
Marbella	36.5154	-4.8858	156295
Málaga	36.7202	-4.4203	592346
Lorca	37.6712	-1.7017	93079
Linares	38.0952	-3.6360	57414
Las Palmas de Gran Canaria	28.1018	-15.4157	383516
La Línea de la Concepción	36.1681	-5.3478	64595
Jerez de la Frontera	36.6865	-6.1361	212879
Jaén	37.7692	-3.7903	113457
Huelva	37.2664	-6.9400	144258
Granada	37.1882	-3.6067	233532
Gandia	38.9667	-0.1833	73829
Fuengirola	36.5400	-4.6247	71482
Estepona	36.4276	-5.1459	67012
El Puerto de Santa María	36.5939	-6.2330	88364
El Ejido	36.7763	-2.8146	84710
Elda	38.4778	-0.7916	55168
Elche	38.2622	-0.7011	234765
Dos Hermanas	37.2829	-5.9209	122943
Córdoba	37.8916	-4.7728	325708
Ciudad Real	38.9863	-3.9291	74743
Chiclana de la Frontera	36.4198	-6.1437	83831
Castelló de la Plana	39.9857	-0.0493	183711
Cartagena	37.6020	-0.9840	213943
Campiña	38.2190	-2.9807	67904
Calvià	39.5657	2.5062	51774
Cadiz	36.5267	-6.2891	116979
Cáceres	39.4765	-6.3722	96068
Benidorm	38.5382	-0.1310	70450
Benalmádena	36.5961	-4.5727	58854
Badajoz	38.8779	-6.9706	150530
Arrecife	28.9630	-13.5477	61351
Arona	28.0996	-16.6810	78614
Almería	36.8381	-2.4597	196851
Alicante	38.3452	-0.4815	348901
Algeciras	36.1333	-5.4505	121414
Alcoy	38.7054	-0.4743	61552
Alcalá de Guadaira	37.3379	-5.8395	70155
Albacete	38.9942	-1.8564	173050
Grao de Murviedro	39.6417	-0.2389	62368
Zaragoza	41.6561	-0.8773	686986
Zamora	41.5063	-5.7446	61827
Gasteiz / Vitoria	42.8500	-2.6727	257407
Villaverde	40.3500	-3.7000	126802
Vilanova i la Geltrú	41.2239	1.7251	65890
Viladecans	41.3141	2.0143	66168
Vigo	42.2328	-8.7226	293642
Vicálvaro	40.4000	-3.6000	66439
Vallecas	40.3833	-3.6167	53208
Valladolid	41.6554	-4.7235	300618
Valdemoro	40.1908	-3.6789	74745
Rivas-Vaciamadrid	40.3261	-3.5109	68405
Torrelavega	43.3494	-4.0479	55297
Torrejón de Ardoz	40.4554	-3.4697	118162
Tetuán de las Victorias	40.4597	-3.6975	155000
Terrassa	41.5667	2.0167	218535
Tarragona	41.1191	1.2454	141542
Segovia	40.9481	-4.1184	51683
Cerdanyola del Vallès	41.4911	2.1408	58747
Barakaldo	43.2964	-2.9881	100435
Santiago de Compostela	42.8805	-8.5457	99536
Santander	43.4659	-3.8049	173635
Santa Coloma de Gramenet	41.4515	2.2081	118821
San Sebastián de los Reyes	40.5555	-3.6273	75912
Donostia / San Sebastián	43.3128	-1.9750	185357
Sant Cugat del Vallès	41.4706	2.0861	79253
Sant Boi de Llobregat	41.3436	2.0366	82428
Sant Andreu	41.4354	2.1898	142598
Salamanca	40.9688	-5.6639	144825
Sabadell	41.5433	2.1094	211734
Rubí	41.4923	2.0330	72987
Reus	41.1561	1.1069	103477
Puente de Vallecas	40.3935	-3.6620	244151
Pozuelo de Alarcón	40.4329	-3.8134	82428
Pontevedra	42.4310	-8.6443	82802
Ponferrada	42.5466	-6.5962	68736
Parla	40.2360	-3.7675	115611
Pamplona	42.8169	-1.6432	208243
Palencia	42.0095	-4.5241	78629
Oviedo	43.3603	-5.8448	220027
Ourense	42.3367	-7.8641	105233
Móstoles	40.3223	-3.8650	207095
Moratalaz	40.4074	-3.6494	104923
Mollet del Vallès	41.5403	2.2131	52484
Mataró	41.5421	2.4445	126988
Manresa	41.7281	1.8240	76250
Majadahonda	40.4735	-3.8718	68110
Madrid	40.4165	-3.7026	3255944
Lugo	43.0099	-7.5560	98025
Logroño	42.4661	-2.4512	151164
Lleida	41.6167	0.6222	140797
León	42.6000	-5.5703	124772
Leganés	40.3272	-3.7635	188425
Las Rozas de Madrid	40.4929	-3.8737	95550
A Coruña	43.3713	-8.3960	250438
Irun	43.3390	-1.7894	61983
Huesca	42.1362	-0.4087	53956
L'Hospitalet de Llobregat	41.3597	2.1003	257038
Hortaleza	40.4744	-3.6411	161661
Getxo	43.3569	-3.0115	80770
Guadalajara	40.6286	-3.1618	93470
Granollers	41.6080	2.2877	60981
Gràcia	41.4024	2.1564	121502
Gijón	43.5357	-5.6615	271780
Getafe	40.3057	-3.7330	187525
Girona	41.9831	2.8249	100266
Gamonal	42.3566	-3.6732	60000
Fuenlabrada	40.2842	-3.7942	190496
Fuencarral	40.5000	-3.6833	238765
El Prat de Llobregat	41.3278	2.0947	63418
Ferrol	43.4845	-8.2329	66799
Cuenca	40.0667	-2.1333	54898
Coslada	40.4238	-3.5613	81860
Cornellà de Llobregat	41.3500	2.0833	87173
Collado-Villalba	40.6351	-4.0049	63074
Ciudad Lineal	40.4451	-3.6513	228171
Chamartín	40.4621	-3.6766	140000
Castelldefels	41.2779	1.9703	66375
Burgos	42.3411	-3.7018	176418
Boadilla del Monte	40.4050	-3.8784	52626
Bilbao	43.2627	-2.9253	347342
Barcelona	41.3888	2.1590	1686208
Badalona	41.4500	2.2474	217741
Avilés	43.5547	-5.9248	78715
Ávila	40.6572	-4.6995	57657
Arganda	40.3008	-3.4372	51489
Aranjuez	40.0311	-3.6025	54055
Algorta	43.3493	-3.0094	82624
Alcorcón	40.3458	-3.8249	172384
Alcobendas	40.5475	-3.6420	116037
Alcalá de Henares	40.4821	-3.3600	193751
Nou Barris	41.4416	2.1773	166310
Ceuta	35.8892	-5.3204	83179
Moncloa-Aravaca	40.4355	-3.7317	116531
Eixample	41.3890	2.1618	266477
Les Corts	41.3871	2.1301	82270
Sarrià-Sant Gervasi	41.4010	2.1394	147912
Horta-Guinardó	41.4185	2.1677	168092
Sants-Montjuïc	41.3726	2.1546	183120
Sant Martí	41.4181	2.1993	235719
Ciutat Vella	41.3802	2.1732	102347
Arganzuela	40.4002	-3.6962	148797
San Blas-Canillejas	40.4389	-3.6154	157367
Latina	40.3890	-3.7457	256644
Usera	40.3887	-3.7003	141189
Salamanca	40.4297	-3.6797	147707
Chamberí	40.4340	-3.7038	145934
Carabanchel	40.3909	-3.7242	253678
Madrid Centro	40.4183	-3.7027	149718
Retiro	40.4132	-3.6831	126058
Delicias	41.6493	-0.9076	110520
Santutxu	43.2535	-2.9161	60000
Sagrada Família	41.4041	2.1733	51623
Centro	28.1272	-15.4314	88546
Fuencarral-El Pardo	40.4984	-3.7314	220085
Villa de Vallecas	40.3670	-3.6015	65162
la Vila de Gràcia	41.4031	2.1569	50928
la Nova Esquerra de l'Eixample	41.3831	2.1490	57676
Barri de Sant Andreu	41.4369	2.1902	56818
Pueblo Nuevo	40.4263	-3.6355	62840
Valverde	40.5002	-3.6788	64757
Las Águilas	40.3818	-3.7711	51268
Aluche	40.3919	-3.7567	66588
Ventas	40.4225	-3.6474	50218
Pinar del Rey	40.4724	-3.6471	52031
Valdefuentes	40.4937	-3.6359	69176
Ziway	7.9333	38.7167	90500
Yirga ‘Alem	6.7500	38.4167	81600
Wik’ro	13.7952	39.6030	64000
Warder	6.9744	45.3408	450400
Wendo	6.6000	38.4167	59300
Welk’īt’ē	8.2833	37.7833	77500
Weldiya	11.8277	39.5916	104000
Tēpī	7.2000	35.4500	66700
Shashamane	7.2000	38.6000	208400
Sek’ot’a	12.6306	39.0347	50300
Sebeta	8.9167	38.6167	102300
Nek’emtē	9.0833	36.5500	156000
Negēlē	5.3167	39.5833	73100
Nazrēt	8.5500	39.2667	456900
Mot’a	11.0833	37.8667	59000
Mojo	8.5868	39.1211	61300
Mīzan Teferī	6.9986	35.5888	62000
Metu	8.3000	35.5833	59700
Mek’ī	8.1500	38.8167	75200
Mek'ele	13.4967	39.4753	457900
K’olīto	7.3167	38.0833	72200
Kombolcha	11.0816	39.7434	132100
Jinka	5.6500	36.6500	54400
Jimma	7.6734	36.8344	250900
Jijiga	9.3500	42.8000	483000
Inda Silasē	14.1031	38.2829	100100
Hosa’ina	7.5498	37.8537	188200
Harar	9.3139	42.1181	157000
Hāgere Hiywet	8.9833	37.8500	99900
Gonder	12.6000	37.4667	466000
Gode	5.9506	43.5519	67900
Goba	7.0167	39.9833	66500
Waliso	8.5342	37.9652	78600
Gimbi	9.1703	35.8349	64300
Gambēla	8.2500	34.5833	97600
Finote Selam	10.7000	37.2667	58400
Fichē	9.8000	38.7333	57100
Felege Neway	6.3000	36.8833	61000
Duramē	7.2333	37.8833	65900
Dire Dawa	9.5931	41.8661	343000
Dīla	6.4167	38.3167	158800
Dessie	11.1333	39.6333	270400
Dembī Dolo	8.5333	34.8000	61100
Bishoftu	8.7523	38.9785	207400
Debre Tabor	11.8500	38.0167	125300
Debre Mark’os	10.3500	37.7333	140700
Debre Birhan	9.6795	39.5326	146900
Dangila	11.2667	36.8333	56000
Ciro	7.8333	38.2333	69800
Butajīra	8.1167	38.3667	89800
Bonga	7.2889	36.2417	56000
Bodītī	6.9667	37.8667	64900
Bahir Dar	11.5936	37.3908	350000
Awasa	7.0621	38.4763	422200
Āsosa	10.0667	34.5333	69700
Āsela	7.9500	39.1333	139500
Āreka	7.0667	37.7000	84500
Arba Minch	6.0333	37.5500	201000
Ārabī	9.9628	42.4928	148933
‘Alemaya	9.3933	42.0097	63700
Alamata	12.4160	39.5597	70400
Aksum	14.1211	38.7234	94500
Hagere Maryam	5.6342	38.2360	57700
Āgaro	7.8500	36.6500	52800
Adwa	14.1635	38.8992	85600
Addis Ababa	9.0250	38.7469	3860000
Ādīgrat	14.2770	39.4620	121800
Samara	11.7934	41.0058	50000
Sodo	6.8600	37.7616	204100
Kobo	10.0280	39.8528	56100
Arsi Negele	7.3547	38.6746	98100
Chagni	10.9563	36.5046	52300
Burayu	9.0353	38.6608	101400
Gununo	6.9247	37.6526	84510
Vantaa	60.2941	25.0410	252724
Vaasa	63.0960	21.6158	69819
Turku	60.4515	22.2687	206655
Tampere	61.4991	23.7871	260646
Seinäjoki	62.7945	22.8282	66848
Salo	60.3833	23.1333	50794
Rovaniemi	66.4990	25.6887	65670
Pori	61.4807	21.7852	83157
Oulu	65.0124	25.4682	216066
Mikkeli	61.6886	27.2723	51661
Lappeenranta	61.0587	28.1887	72909
Lahti	60.9827	25.6615	121622
Kuopio	62.8924	27.6770	125462
Kouvola	60.8667	26.7000	78094
Kotka	60.4664	26.9458	50157
Jyväskylä	62.2415	25.7209	148744
Joensuu	62.6012	29.7632	78398
Helsinki	60.1695	24.9354	658864
Hämeenlinna	60.9960	24.4643	68473
Espoo	60.2052	24.6522	323910
Porvoo	60.3923	25.6651	51853
East Helsinki	60.2104	25.0829	170557
Suva	-18.1368	178.4253	77366
Lautoka	-17.6169	177.4505	52500
Nasinu	-18.0705	178.5131	92043
Vitry-sur-Seine	48.7872	2.4033	81001
Villeurbanne	45.7660	4.8795	131445
Versailles	48.8036	2.1342	85416
Vénissieux	45.6971	4.8859	57584
Paris 15 Vaugirard	48.8412	2.3003	229713
Vannes	47.6569	-2.7620	54020
Valence	44.9256	4.9096	63864
Troyes	48.3007	4.0852	60785
Tours	47.3948	0.7040	141621
Tourcoing	50.7239	3.1612	99160
Toulouse	43.6043	1.4437	511684
Toulon	43.1244	5.9284	168701
Tarbes	43.2341	0.0714	52106
Strasbourg	48.5839	7.7455	274845
Sartrouville	48.9482	2.1917	53980
Sarcelles	48.9974	2.3782	57979
Saint-Quentin	49.8489	3.2876	55407
Saint-Nazaire	47.2751	-2.2179	67054
Saint-Maur-des-Fossés	48.7940	2.4932	75402
Saint-Malo	48.6474	-2.0088	50676
Saint-Étienne	45.4339	4.3900	176280
Saint-Denis	48.9356	2.3539	96128
Saint-Brieuc	48.5151	-2.7684	52774
Rueil-Malmaison	48.8765	2.1897	76616
Rouen	49.4431	1.0993	116331
Roubaix	50.6942	3.1746	99507
Paris 12 Reuilly	48.8412	2.3876	138024
Rennes	48.1111	-1.6743	227830
Reims	49.2653	4.0285	196565
Quimper	47.9960	-4.0979	63849
Paris 11 Popincourt	48.8574	2.3795	138170
Poitiers	46.5826	0.3435	85960
Pessac	44.8056	-0.6324	57944
Perpignan	42.6976	2.8954	110706
Pau	43.3112	-0.3558	82697
Paris 16 Passy	48.8637	2.2769	159386
Paris	48.8534	2.3488	2138551
Pantin	48.8944	2.4093	52922
Paris 05 Panthéon	48.8448	2.3471	55252
Orléans	47.9025	1.9041	116344
Paris 09 Opéra	48.8718	2.3399	57271
Paris 14 Observatoire	48.8331	2.3264	136455
Noisy-le-Grand	48.8498	2.5627	62420
Niort	46.3231	-0.4588	54660
Nîmes	43.8366	4.3579	148236
Nice	43.7031	7.2661	342669
Neuilly-sur-Seine	48.8846	2.2696	61300
Narbonne	43.1840	3.0014	50776
Nantes	47.2172	-1.5534	325070
Nanterre	48.8920	2.2067	86719
Nancy	48.6844	6.1850	105058
Mulhouse	47.7520	7.3287	111430
Montreuil	48.8642	2.4432	111240
Montpellier	43.6109	3.8763	248252
Montauban	44.0176	1.3542	52434
Metz	49.1191	6.1727	123914
Mérignac	44.8425	-0.6451	69791
Paris 20 Ménilmontant	48.8646	2.3984	185140
Meaux	48.9601	2.8788	53811
Marseille	43.2970	5.3811	877215
Maisons-Alfort	48.8117	2.4394	53964
Lyon	45.7491	4.8479	520774
Lorient	47.7482	-3.3718	58112
Limoges	45.8336	1.2476	141176
Lille	50.6339	3.0551	238695
Levallois-Perret	48.8939	2.2886	62178
Le Mans	48.0021	0.2025	144515
Le Havre	49.4935	0.1079	185972
Laval	48.0725	-0.7702	50489
La Seyne-sur-Mer	43.1032	5.8782	62330
La Roche-sur-Yon	46.6697	-1.4276	59410
La Rochelle	46.1631	-1.1522	76810
Juan-les-Pins	43.5695	7.1131	60000
Ivry-sur-Seine	48.8157	2.3849	57897
Issy-les-Moulineaux	48.8210	2.2772	61447
Hyères	43.1204	6.1286	50487
Grenoble	45.1787	5.7148	158552
Paris 13 Gobelins	48.8322	2.3561	181271
Fréjus	43.4333	6.7355	53098
Fontenay-sous-Bois	48.8544	2.4827	52075
Évry	48.6328	2.4405	51900
Évreux	49.0241	1.1508	57795
Paris 10 Entrepôt	48.8709	2.3561	83873
Dunkirk	51.0344	2.3768	86263
Drancy	48.9258	2.4453	62488
Dijon	47.3134	5.0139	159941
Créteil	48.7927	2.4657	84833
Courbevoie	48.8967	2.2567	85158
Colombes	48.9188	2.2540	82300
Colmar	48.0808	7.3558	65405
Clichy	48.9002	2.3095	57467
Clermont-Ferrand	45.7797	3.0868	147865
Clamart	48.8030	2.2669	51400
Cholet	47.0589	-0.8797	53160
Châteauroux	46.8125	1.6936	53301
Charleville-Mézières	49.7685	4.7249	52415
Champigny-sur-Marne	48.8164	2.4937	76726
Chambéry	45.5663	5.9208	61640
Châlons-en-Champagne	48.9539	4.3672	51257
Cergy	49.0365	2.0761	57576
Cannes	43.5513	7.0127	74545
Calais	50.9519	1.8563	74433
Caen	49.1859	-0.3591	110624
Paris 19 Buttes-Chaumont	48.8817	2.3822	178691
Paris 18 Buttes-Montmartre	48.8925	2.3444	183127
Brive-la-Gaillarde	45.1589	1.5333	53466
Brest	48.3903	-4.4863	144899
Bourges	47.0833	2.4000	67987
Boulogne-Billancourt	48.8355	2.2413	108782
Bordeaux	44.8412	-0.5805	265328
Blois	47.5943	1.3291	53660
Béziers	43.3412	3.2140	74081
Besançon	47.2488	6.0182	128426
Belfort	47.6422	6.8539	54562
Beauvais	49.4333	2.0833	53393
Paris 17 Batignolles-Monceau	48.8835	2.3219	159212
Avignon	43.9483	4.8089	89769
Aulnay-sous-Bois	48.9381	2.4940	80615
Aubervilliers	48.9167	2.3833	70914
Asnières-sur-Seine	48.9167	2.2833	86742
Arles	43.6768	4.6303	53431
Argenteuil	48.9479	2.2474	101475
Antony	48.7533	2.2967	59845
Antibes	43.5813	7.1249	76393
Angers	47.4716	-0.5520	168279
Amiens	49.9000	2.3000	143086
Albi	43.9298	2.1480	52409
Ajaccio	41.9189	8.7381	54364
Aix-en-Provence	43.5283	5.4497	146821
Villeneuve-d'Ascq	50.6167	3.1666	62400
Lyon 03	45.7612	4.8518	102725
Lyon 06	45.7679	4.8506	52862
Lyon 07	45.7452	4.8420	82573
Lyon 08	45.7363	4.8687	86154
Lyon 09	45.7726	4.8033	51983
Marseille 08	43.2708	5.3821	78837
Marseille 10	43.2789	5.4152	51299
Marseille 09	43.2543	5.4057	76868
Marseille 11	43.2907	5.4384	56792
Marseille 12	43.2961	5.4362	58734
Marseille 13	43.3186	5.4084	89316
Marseille 14	43.3445	5.3800	61920
Marseille 15	43.3722	5.3539	77770
Saint-Quentin-en-Yvelines	48.7719	2.0189	146598
Cergy-Pontoise	49.0389	2.0781	183430
Marne La Vallée	48.8358	2.6424	318325
Picpus	48.8426	2.4001	61920
Paris 10e Arrondissement	48.8767	2.3590	83459
Paris 11e Arrondissement	48.8583	2.3795	144292
Paris 12e Arrondissement	48.8352	2.4350	140311
Paris 13e Arrondissement	48.8262	2.3599	177833
Gare	48.8334	2.3751	75580
Maison Blanche	48.8259	2.3508	64302
Port-Gentil	-0.7193	8.7815	164018
Oyem	1.5995	11.5793	72939
Owendo	0.2912	9.5046	95313
Ntoum	0.3905	9.7610	62445
Moanda	-1.5665	13.1987	71099
Libreville	0.3924	9.4536	846090
Franceville	-1.6333	13.5836	132895
York	53.9576	-1.0827	156135
Yeovil	50.9416	-2.6321	50176
Wrexham	53.0466	-2.9913	65692
Worthing	50.8180	-0.3754	113866
Worcester	52.1893	-2.2200	101659
Wolverhampton	52.5855	-2.1230	263700
Woking	51.3190	-0.5589	103900
Wimbledon	51.4221	-0.2081	68187
Wigan	53.5430	-2.6371	175405
Widnes	53.3618	-2.7341	61464
Weymouth	50.6145	-2.4599	53416
Weston-super-Mare	51.3460	-2.9766	82903
City of Westminster	51.4975	-0.1357	247614
West Bromwich	52.5187	-1.9945	103112
Wembley	51.5524	-0.2969	90045
Welwyn Garden City	51.8017	-0.2069	51505
Wellingborough	52.3027	-0.6945	56564
Watford	51.6553	-0.3960	125707
Waterlooville	50.8807	-1.0304	64350
Washington	54.9000	-1.5167	67085
Warrington	53.3925	-2.5802	172330
Walthamstow	51.5907	-0.0208	109424
Walsall	52.5853	-1.9840	172141
Wallasey	53.4232	-3.0650	58794
Wakefield	53.6833	-1.4977	109766
Uxbridge	51.5489	-0.4821	70000
Tynemouth	55.0179	-1.4256	60605
Tottenham	51.6037	-0.0679	130000
Torquay	50.4620	-3.5252	65388
Taunton	51.0149	-3.1029	64621
Tamworth	52.6340	-1.6959	81964
Swindon	51.5580	-1.7812	201669
Swansea	51.6208	-3.9432	300352
Sutton Coldfield	52.5667	-1.8167	109899
Sutton	51.3500	-0.2000	187600
Sunderland	54.9046	-1.3822	170134
Stroud	51.7500	-2.2000	60155
Streatham	51.4290	-0.1318	58055
Stourbridge	52.4561	-2.1432	56950
Stoke-on-Trent	53.0042	-2.1854	258366
Stockton-on-Tees	54.5685	-1.3187	79957
Stockport	53.4098	-2.1576	139052
Stevenage	51.9022	-0.2026	91774
Staines	51.4309	-0.5061	51040
Stafford	52.8052	-2.1164	70145
South Shields	54.9986	-1.4323	83655
Southport	53.6458	-3.0101	91703
Southend-on-Sea	51.5378	0.7143	295310
Southampton	50.9040	-1.4043	269781
Southall	51.5090	-0.3713	78253
Solihull	52.4143	-1.7809	126577
Smethwick	52.4927	-1.9674	53653
Slough	51.5095	-0.5954	164793
Sittingbourne	51.3413	0.7328	54392
Shrewsbury	52.7101	-2.7521	76782
Sheffield	53.3830	-1.4659	556500
Scunthorpe	53.5791	-0.6544	81576
Scarborough	54.2797	-0.4044	61749
Salford	53.4877	-2.2904	129794
Sale	53.4252	-2.3244	62550
Saint Peters	51.3667	1.4167	125370
St Helens	53.4500	-2.7333	183200
St Albans	51.7500	-0.3333	84561
Runcorn	53.3417	-2.7312	61145
Rugby	52.3709	-1.2642	78117
Royal Tunbridge Wells	51.1332	0.2626	68910
Rotherham	53.4301	-1.3568	117618
Romford	51.5752	0.1858	95000
Rochdale	53.6177	-2.1552	97550
Rhondda	51.6590	-3.4489	69506
Redhill	51.2405	-0.1704	51559
Redditch	52.3065	-1.9457	87847
Reading	51.4562	-0.9711	318014
Putney	51.4607	-0.2181	77140
Purley	51.3368	-0.1120	72000
Preston	53.7628	-2.7045	313332
Portsmouth	50.7990	-1.0913	208100
Poole	50.7143	-1.9846	151500
Plymouth	50.3715	-4.1430	260203
Peterborough	52.5736	-0.2478	163379
Paisley	55.8317	-4.4325	77270
Paignton	50.4357	-3.5679	67520
Oxford	51.7522	-1.2560	162100
Oldham	53.5405	-2.1183	237110
Nuneaton	52.5232	-1.4652	88813
Nottingham	52.9536	-1.1505	323632
Norwich	52.6278	1.2983	143135
Northampton	52.2500	-0.8833	245899
Newtownabbey	54.6598	-5.9086	63860
Newport	51.5877	-2.9983	161506
Newcastle upon Tyne	54.9733	-1.6140	300125
Newcastle under Lyme	53.0000	-2.2333	127727
Morley	53.7401	-1.5988	57385
Morecambe	54.0684	-2.8611	51644
Mitcham	51.4032	-0.1683	63393
Milton Keynes	52.0417	-0.7558	256385
Middlesbrough	54.5762	-1.2348	142707
Meikle Earnock	55.7500	-4.0333	54480
Margate	51.3813	1.3862	63322
Mansfield	53.1333	-1.2000	171958
Manchester	53.4809	-2.2374	568996
Maidstone	51.2667	0.5167	107627
Maidenhead	51.5228	-0.7199	70374
Macclesfield	53.2602	-2.1256	54345
Luton	51.8797	-0.4175	225262
Lowestoft	52.4752	1.7517	71327
Loughborough	52.7667	-1.2000	64884
Londonderry County Borough	54.9972	-7.3092	87153
Derry	54.9981	-7.3093	83652
London	51.5085	-0.1257	8961989
Livingston	55.9029	-3.5226	56840
Liverpool	53.4106	-2.9779	496770
Littlehampton	50.8114	-0.5408	58714
Lisburn	54.5234	-6.0353	77506
Lincoln	53.2268	-0.5379	103813
Leicester	52.6386	-1.1317	368600
Leeds	53.7965	-1.5478	536280
Royal Leamington Spa	52.2852	-1.5200	50923
Kirkcaldy	56.1168	-3.1600	50370
Kingston upon Hull	53.7446	-0.3352	314018
Kidderminster	52.3882	-2.2500	57400
Kettering	52.3984	-0.7257	56676
Keighley	53.8679	-1.9066	50171
Islington	51.5362	-0.1030	319143
Ipswich	52.0592	1.1555	178835
Ilford	51.5577	0.0728	168168
Huyton	53.4115	-2.8394	54738
Huddersfield	53.6490	-1.7842	149017
Hove	50.8309	-0.1672	75174
Hounslow	51.4684	-0.3609	66292
Horsham	51.0631	-0.3276	51472
Hinckley	52.5389	-1.3761	50712
High Wycombe	51.6291	-0.7493	133204
Hereford	52.0568	-2.7148	60415
Hemel Hempstead	51.7537	-0.4497	95961
Hayes	51.5158	-0.4234	93928
Hastings	50.8557	0.5801	92855
Hartlepool	54.6855	-1.2103	88855
Harrow	51.5784	-0.3321	149246
Harrogate	53.9908	-1.5373	89060
Harlow	51.7766	0.1116	93300
Hamilton	55.7667	-4.0333	54480
Halifax	53.7167	-1.8500	82624
Halesowen	52.4486	-2.0494	60097
Guildford	51.2354	-0.5743	71873
Grimsby	53.5654	-0.0755	86138
Great Yarmouth	52.6083	1.7305	63434
Grays	51.4757	0.3252	89755
Gravesend	51.4421	0.3711	54263
Gosport	50.7951	-1.1290	81952
Gloucester	51.8657	-2.2431	132416
Glasgow	55.8651	-4.2576	626410
Gillingham	51.3891	0.5486	101187
Gateshead	54.9621	-1.6017	77649
Fylde	53.8333	-2.9167	76500
Fulham	51.4803	-0.1993	87161
Folkestone	51.0817	1.1673	66429
Finchley	51.6010	-0.1952	65812
Feltham	51.4462	-0.4139	63368
Farnborough	51.2942	-0.7557	60652
Exeter	50.7236	-3.5275	130709
Esher	51.3697	-0.3669	52392
Enfield Town	51.6515	-0.0850	156858
Ellesmere Port Town	53.2788	-2.9013	65430
Edmonton	51.6256	-0.0580	82000
Edinburgh	55.9521	-3.1965	514990
Eastleigh	50.9667	-1.3500	54225
East Kilbride	55.7641	-4.1767	75310
Eastbourne	50.7687	0.2845	101689
Dunstable	51.8857	-0.5229	51973
Dunfermline	56.0716	-3.4589	54990
Dundee	56.4691	-2.9749	148210
Dudley	52.5000	-2.0833	199059
Doncaster	53.5228	-1.1312	113566
Dewsbury	53.6908	-1.6291	61035
Derby	52.9228	-1.4766	270468
Dartford	51.4466	0.2142	51240
Darlington	54.5243	-1.5504	92363
Dagenham	51.5500	0.1667	108368
Cumbernauld	55.9468	-3.9905	50530
Croydon	51.3833	-0.1000	173314
Cricklewood	51.5567	-0.2155	65000
Crewe	53.0979	-2.4416	76437
Crawley	51.1130	-0.1831	124008
Coventry	52.4066	-1.5122	345324
Corby	52.4964	-0.6894	68164
Colchester	51.8892	0.9042	130245
Clacton-on-Sea	51.7897	1.1560	50548
Chingford	51.6303	0.0005	70583
Chesterfield	53.2500	-1.4167	113057
Chester	53.1905	-2.8919	90524
Cheltenham	51.9001	-2.0797	118836
Chelsea	51.4875	-0.1694	60000
Chelmsford	51.7358	0.4696	111511
Chatham	51.3789	0.5279	80596
Castlereagh	54.5735	-5.8847	56679
Carlisle	54.8951	-2.9382	78470
Cardiff	51.4800	-3.1800	372089
Canterbury	51.2790	1.0799	55087
Cannock	52.6904	-2.0309	86121
Cambridge	52.2000	0.1167	145674
Bury	53.6000	-2.3000	61044
Burton upon Trent	52.8073	-1.6426	122199
Burnley	53.8000	-2.2333	149422
Buckley	53.1667	-3.0833	63576
Bristol	51.4552	-2.5966	479024
Brighton	50.8284	-0.1395	283870
Brentwood	51.6213	0.3056	52586
Brent	51.5531	-0.3023	329100
Braintree	51.8782	0.5529	53477
Bradford	53.7939	-1.7521	366187
Bracknell	51.4136	-0.7505	76103
Bournemouth	50.7205	-1.8795	163600
Bootle	53.4667	-3.0167	57791
Bolton	53.5833	-2.4333	141331
Bognor Regis	50.7821	-0.6798	63885
Bletchley	51.9933	-0.7347	50193
Blackpool	53.8167	-3.0500	145007
Blackburn	53.7500	-2.4833	146521
Birmingham	52.4814	-1.8998	1157603
Birkenhead	53.3934	-3.0148	325264
Bexley	51.4416	0.1487	228000
Belfast	54.5968	-5.9254	348005
Bedford	52.1346	-0.4663	106940
Beckenham	51.4088	-0.0253	60739
Bebington	53.3500	-3.0167	57600
Bath	51.3751	-2.3617	101557
Basingstoke	51.2625	-1.0871	107642
Basildon	51.5684	0.4578	144859
Barry	51.3998	-3.2838	54673
Barrow in Furness	54.1109	-3.2276	55489
Barnsley	53.5500	-1.4833	71447
Barking	51.5333	0.0833	218534
Bangor	54.6608	-5.6680	61011
Aylesbury	51.8167	-0.8146	74748
Ashford	51.1465	0.8738	62787
Acton	51.5090	-0.2762	62480
Aberdeen	57.1437	-2.0981	198590
Tonypandy	51.6220	-3.4554	62545
Telford	52.6766	-2.4493	155570
Craigavon	54.4471	-6.3870	59236
Battersea	51.4748	-0.1555	75651
South Croydon	51.3622	-0.0942	55198
Becontree	51.5529	0.1290	100000
Brixton	51.4659	-0.1065	66300
Canary Wharf	51.5052	-0.0209	73390
Leytonstone	51.5686	0.0077	54696
Mendip	51.2372	-2.6266	110000
Peckham	51.4740	-0.0697	71552
Rossendale	53.6846	-2.2769	67400
High Peak	53.3680	-1.8454	92666
Stamford Hill	51.5687	-0.0733	68050
Archway	51.5673	-0.1341	215667
Tbilisi	41.6914	44.8341	1049498
Sokhumi	43.0070	40.9893	65439
Rustavi	41.5627	44.9787	128249
Kutaisi	42.2679	42.6946	135201
Batumi	41.6408	41.6306	186949
Cayenne	4.9381	-52.3346	61550
Yendi	9.4427	-0.0099	64676
Winneba	5.3511	-0.6231	71288
Wa	10.0607	-2.5019	78107
Twifu Praso	5.6141	-1.5502	100851
Teshi Old Town	5.5836	-0.1072	144013
Tema	5.6698	-0.0166	155782
Techiman	7.5905	-1.9395	84074
Tamale	9.4008	-0.8393	464316
Takoradi	4.8982	-1.7603	389114
Tafo	6.7316	-1.6137	50457
Swedru	5.5371	-0.6998	54417
Sunyani	7.3399	-2.3268	92825
Suhum	6.0409	-0.4500	50610
Sekondi-Takoradi	4.9268	-1.7577	138872
Kasoa	5.5345	-0.4168	86753
Akim Oda	5.9267	-0.9858	60604
Obuase	6.2023	-1.6680	179604
Nungua	5.6010	-0.0771	70483
Mampong	7.0627	-1.4001	51745
Medina Estates	5.6658	-0.1631	101207
Kumasi	6.6885	-1.6244	2544530
Koforidua	6.0941	-0.2591	151255
Kintampo	8.0563	-1.7306	53711
Jirapa	10.5369	-2.7016	91279
Japekrom	7.5758	-2.7852	96000
Hohoe	7.1518	0.4736	92076
Ho	6.6008	0.4713	130701
Gbawe	5.5769	-0.3104	86718
Ejura	7.3856	-1.3562	70807
Cape Coast	5.1053	-1.2466	212426
Buduburam	5.5231	-0.4772	63217
Bolgatanga	10.7856	-0.8514	81958
Berekum	7.4534	-2.5840	70536
Bawku	11.0593	-0.2425	76459
Ashaiman	5.6995	-0.0348	190972
Amanfrom	5.5353	-0.3983	119467
Aflao	6.1198	1.1901	66546
Atsiaman	5.6978	-0.3282	202932
Accra	5.5560	-0.1969	1963264
Adenta	5.7142	-0.1542	50652
Tema New Town	5.6540	0.0264	95837
Sekondi	4.9342	-1.7145	285506
Mandela	5.5522	-0.3391	77371
Sukuta	13.4103	-16.7081	56472
Serekunda	13.4383	-16.6781	340000
Bununka Kunda	13.4272	-16.6853	66449
Brikama	13.2714	-16.6494	97233
Siguiri	11.4228	-9.1685	148018
Sangarédi	11.1000	-13.7667	54824
Kamsar	10.6500	-14.6167	113350
Nzérékoré	7.7562	-8.8179	226426
Manéah	9.7333	-13.4167	194297
Mamou	10.3755	-12.0915	79109
Macenta	8.5435	-9.4710	68020
Labé	11.3182	-12.2833	107571
Kissidougou	9.1848	-10.0999	116019
Kindia	10.0569	-12.8658	161024
Kankan	10.3854	-9.3057	221428
Gueckedou	8.5674	-10.1336	79140
Fria	10.3668	-13.5825	64169
Faranah	10.0404	-10.7434	70181
Dubréka	9.7911	-13.5233	182296
Dixinn	9.5511	-13.6731	137287
Coyah	9.7064	-13.3847	77103
Conakry	9.5380	-13.6773	1928389
Camayenne	9.5350	-13.6878	1871242
Boké	10.9322	-14.2905	63736
Kolaboui	10.7957	-14.3997	57251
Les Abymes	16.2730	-61.5051	53514
Malabo	3.7558	8.7817	155963
Bata	1.8639	9.7658	173046
Volos	39.3692	22.9477	86048
Výronas	37.9611	23.7530	61308
Tríkala	39.5549	21.7684	61653
Piraeus	37.9420	23.6462	163688
Petroúpolis	38.0419	23.6849	58979
Peristéri	38.0154	23.6919	139981
Pátra	38.2462	21.7351	168034
Palaió Fáliro	37.9281	23.7010	64021
Níkaia	37.9667	23.6500	89380
Néa Smýrni	37.9450	23.7142	73076
Ílion	38.0333	23.7000	84793
Néa Ionía	38.0357	23.7573	67134
Lárisa	39.6285	22.4211	146926
Lamía	38.8995	22.4335	52006
Chaniá	35.5112	24.0292	53910
Chalkída	38.4635	23.6028	59125
Khalándrion	38.0237	23.8007	74192
Keratsíni	37.9625	23.6197	77077
Kallithéa	37.9500	23.7000	100641
Kalamata	37.0391	22.1126	54100
Irákleion	35.3279	25.1434	137154
Ioánnina	39.6634	20.8519	65574
Glyfáda	37.8629	23.7580	87305
Galátsi	38.0167	23.7500	59345
Agios Dimitrios	37.9333	23.7333	71294
Agía Paraskeví	38.0167	23.8333	59704
Athens	37.9838	23.7278	664046
Maroúsi	38.0500	23.8000	72333
Acharnés	38.0833	23.7333	99346
Aigáleo	37.9833	23.6833	69946
Rhodes	36.4356	28.2220	56128
Thessaloníki	40.6407	22.9349	317778
Sérres	41.0850	23.5476	58287
Kavála	40.9396	24.4069	54027
Kateríni	40.2696	22.5061	53293
Kalamariá	40.5825	22.9503	91518
Évosmos	40.6706	22.9083	74686
Alexandroupoli	40.8499	25.8764	52979
Ilioúpoli	37.9315	23.7678	78153
Korydallós	37.9847	23.6471	63445
Zográfos	37.9757	23.7691	71026
Zacapa	14.9687	-89.5273	60424
Villa Nueva	14.5251	-90.5854	618397
Villa Canales	14.4828	-90.5343	155423
Totonicapán	14.9119	-91.3605	103952
Santa Lucía Cotzumalguapa	14.3351	-91.0234	112780
Santa Cruz del Quiché	15.0299	-91.1488	78279
Santa Catarina Pinula	14.5705	-90.4993	80582
San Pedro Ayampuc	14.7794	-90.4532	58609
San Juan Sacatepéquez	14.7189	-90.6442	136886
San José Pinula	14.5460	-90.4129	79844
San Francisco El Alto	14.9449	-91.4431	57894
Salamá	15.1021	-90.3191	65275
Retalhuleu	14.5358	-91.6785	90505
Quetzaltenango	14.8446	-91.5232	180706
Puerto Barrios	15.7272	-88.5979	100593
Petapa	14.5019	-90.5620	135447
Patzún	14.6819	-91.0140	58240
Panzos	15.3986	-89.6415	71846
Palín	14.4036	-90.6966	65873
Ostuncalco	14.8690	-91.6214	51828
Mixco	14.6308	-90.6071	465773
Mazatenango	14.5341	-91.5031	77431
Malacatán	14.9113	-92.0579	92816
Jutiapa	14.2849	-89.8880	145880
Jalapa	14.6354	-89.9911	159840
Huehuetenango	15.3210	-91.4700	79426
Fraijanes	14.4653	-90.4408	58922
Escuintla	14.3010	-90.7882	156313
Comitancillo	15.0894	-91.7497	59489
Cobán	15.4703	-90.3745	212047
Coatepeque	14.7041	-91.8643	105415
Guatemala City	14.6407	-90.5133	994938
Chiquimula	14.8009	-89.5464	111505
Chinautla	14.7029	-90.4998	104972
Chimaltenango	14.6588	-90.8216	96985
Chichicastenango	14.9433	-91.1112	141567
Chicacao	14.5429	-91.3264	60735
Amatitlán	14.4774	-90.6349	71836
Bissau	11.8636	-15.5977	439704
Bairro Militar	11.8746	-15.6158	65274
Georgetown	6.8045	-58.1553	235017
Tsuen Wan	22.3714	114.1133	318916
Yuen Long San Hui	22.4333	114.0333	200000
Yuen Long Kau Hui	22.4483	114.0320	169600
Yuen Long	22.4452	114.0262	200000
Wong Tai Sin	22.3500	114.1833	425235
Wan Chai	22.2814	114.1726	166695
Tuen Mun	22.3917	113.9716	507900
Tsing Yi Town	22.3500	114.1000	182100
Tseung Kwan O	22.3279	114.2499	412900
Tiu Keng Leng	22.2985	114.2511	51751
Tin Shui Wai	22.4568	114.0023	286232
Tai Po	22.4501	114.1688	274100
Siu Lek Yuen	22.3817	114.2126	57349
Sha Tin Wai	22.3776	114.1975	80000
Sha Tin	22.3833	114.1833	495200
Sham Shui Po	22.3302	114.1595	431090
Sau Mau Ping	22.3202	114.2350	54218
Pok Fu Lam	22.2686	114.1292	77100
San Tung Chung Hang	22.2787	113.9431	116000
Mong Kok	22.3194	114.1714	62967
Ma On Shan	22.4061	114.2408	215200
Kwai Chung	22.3683	114.1388	331600
Kowloon City	22.3305	114.1922	418732
Kowloon	22.3167	114.1833	2232339
Hong Kong	22.2783	114.1747	7396076
Aberdeen	22.2480	114.1529	157400
Fanling	22.4949	114.1395	263200
Victoria	22.2875	114.1442	956800
Tung Chung	22.2878	113.9424	114100
Nam Cheong	22.3280	114.1539	74780
Shap Pat Heung	22.4248	114.0358	77775
LOHAS Park	22.2932	114.2725	50000
New Territories	22.4244	114.1110	3984077
Hong Kong Island	22.2630	114.1842	1195529
Kowloon City Centre	22.3298	114.1889	194290
Kowloon West End	22.3285	114.1851	74710
Puerto Cortez	15.8256	-87.9297	142311
Tocoa	15.6833	-86.0000	111972
Tegucigalpa	14.0818	-87.2068	850848
Siguatepeque	14.5969	-87.8310	127468
Santa Cruz de Yojoa	14.9809	-87.8909	97848
San Pedro Sula	15.5059	-88.0259	801259
San Pedro de Copán	14.6167	-88.8667	63829
Omoa	15.7760	-88.0383	58172
Olanchito	15.4813	-86.5742	124286
La Ceiba	15.7597	-86.7822	222055
El Progreso	15.4000	-87.8000	100810
El Negrito	15.3167	-87.7000	50550
Danlí	14.0333	-86.5833	233789
Comayagua	14.4558	-87.6397	58784
Ciudad Choluteca	13.3057	-87.1788	75872
Choloma	15.6144	-87.9530	139100
Catacamas	14.8511	-85.8941	140548
La Ceiba	15.7667	-86.8333	215973
Zagreb	45.8144	15.9780	663592
Zadar	44.1158	15.2251	67309
Split	43.5089	16.4392	149830
Sesvete	45.8311	16.1164	55313
Rijeka	45.3267	14.4424	107964
Pula	44.8683	13.8481	52220
Osijek	45.5507	18.6942	75535
Thomazeau	18.6530	-72.0939	52017
Saint-Michel de l'Atalaye	19.3708	-72.3347	95216
Saint-Marc	19.1114	-72.7008	266642
Port-de-Paix	19.9398	-72.8304	306217
Port-au-Prince	18.5435	-72.3388	1234742
Tigwav	18.4312	-72.8652	117504
Pétionville	18.5125	-72.2853	376834
Miragoâne	18.4460	-73.0896	89202
Léogâne	18.5111	-72.6334	134190
Jérémie	18.6500	-74.1167	97503
Jacmel	18.2357	-72.5369	137966
Gonaïves	19.4475	-72.6893	84961
Dessalines	19.2618	-72.5161	181903
Delmas	18.5448	-72.3004	395260
Croix-des-Bouquets	18.5768	-72.2262	229127
Les Cayes	18.1920	-73.7495	125799
Cap-Haïtien	19.7594	-72.1981	134815
Arcahaie	18.7702	-72.5123	130306
Cité Soleil	18.5803	-72.3381	265072
Carrefour	18.5333	-72.4000	511345
Szolnok	47.1807	20.1984	71285
Szeged	46.2530	20.1482	160766
Nyíregyháza	47.9554	21.7167	117689
Miskolc	48.1033	20.7781	154521
Eger	47.9027	20.3733	53876
Debrecen	47.5317	21.6244	202402
Békéscsaba	46.6833	21.1000	59732
Zugló	47.5176	19.1055	130000
Zalaegerszeg	46.8370	16.8440	61898
Veszprém	47.0933	17.9115	56927
Újpest	47.5686	19.0846	100694
Tatabánya	47.5925	18.3810	65849
Szombathely	47.2309	16.6215	78025
Székesfehérvár	47.1900	18.4103	101600
Sopron	47.6850	16.5905	62246
Pestlőrinc	47.4298	19.2159	58722
Pest	47.5000	19.0833	1001748
Pécs	46.0762	18.2281	145347
Kőbánya	47.4843	19.1391	78414
Kispest	47.4515	19.1402	61453
Kelenföld	47.4661	19.0310	53332
Kecskemét	46.9062	19.6913	109847
Kaposvár	46.3667	17.8000	64280
Győr	47.6833	17.6351	129301
Ferencváros	47.4775	19.0908	59056
Erzsébetváros	47.5021	19.0722	62000
Érd	47.3949	18.9136	62408
Dunaújváros	46.9648	18.9397	50084
Budapest	47.4984	19.0404	1741041
Buda	47.5000	19.0333	510108
Angyalföld	47.5476	19.0797	62006
Budapest XII. kerület	47.4919	19.0149	56544
Budapest XI. kerület	47.4760	19.0360	139049
Budapest VIII. kerület	47.4892	19.0701	82222
Budapest XIII. kerület	47.5298	19.0807	113531
Budapest IV. kerület	47.5618	19.0891	98374
Budapest XV. kerület	47.5626	19.1168	80218
Budapest XVI. kerület	47.5148	19.1703	68484
Budapest XIX. kerület	47.4529	19.1494	61610
Budapest XVIII. kerület	47.4442	19.1760	93225
Budapest XXII. kerület	47.4270	19.0402	50499
Budapest XXI. kerület	47.4222	19.0664	76339
Budapest XX. kerület	47.4367	19.1009	63371
Budapest XVII. kerület	47.4800	19.2539	78250
Budapest III. kerület	47.5416	19.0450	123723
Budapest II. kerület	47.5198	19.0222	88729
Józsefváros	47.4894	19.0729	76957
Tebingtinggi	3.3285	99.1625	117530
Tanjungbalai	2.9667	99.8000	190935
Sunggal	3.5765	98.6151	157914
Sidikalang	2.7490	98.3127	50671
Sibolga	1.7402	98.7812	92244
Rantauprapat	2.1000	99.8333	103009
Percut	3.6253	98.8640	311063
Perbaungan	3.5679	98.9560	157174
Pematangsiantar	2.9595	99.0687	279198
Padangsidempuan	1.3795	99.2715	243843
Meulaboh	4.1440	96.1266	64646
Medan	3.5833	98.6667	2486283
Lhokseumawe	5.1801	97.1507	200876
Langsa	4.4683	97.9683	184016
Kisaran	2.9845	99.6158	141915
Kabanjahe	3.1001	98.4908	73581
Gunungsitoli	1.2888	97.6143	136707
Binjai	3.6001	98.4854	279302
Belawan	3.7755	98.6832	102707
Banda Aceh	5.5417	95.3333	267962
Yogyakarta	-7.8014	110.3647	375699
Wonosobo	-7.3589	109.9031	92990
Wonosari	-7.9656	110.6036	87454
Weru	-6.7110	108.5037	139004
Weleri	-6.9713	110.0666	58448
Wedi	-7.7431	110.5794	55300
Watampone	-4.5386	120.3279	149336
Wamena	-4.0958	138.9481	66080
Ungaran	-7.1397	110.4050	171378
Makassar	-5.1486	119.4319	1474393
Ubud	-8.5098	115.2654	74800
Tulungagung	-8.0657	111.9025	65262
Tulangan Utara	-7.4737	112.6505	63889
Tuban	-6.8976	112.0649	76242
Tual	-5.6288	132.7523	90470
Toli-Toli	1.0402	120.8176	242783
Timika	-4.6141	136.6768	142909
Ternate	0.7906	127.3842	210836
Terbanggi Besar	-4.8790	105.2182	52566
Tegal	-6.8694	109.1402	297173
Tasikmalaya	-7.3274	108.2207	770839
Tarub	-6.9333	109.1667	75739
Tarakan	3.3133	117.5915	255310
Tanjung Selor	2.8375	117.3653	67837
Tanjung Pinang	0.9167	104.4583	227663
Tanjung Pandan	-2.7335	107.6348	103062
Bandar Lampung	-5.4292	105.2611	1166066
Tanjungagung	-3.9373	103.8046	53117
Tangerang	-6.1781	106.6300	1927815
Taliwang	-8.7449	116.8532	55340
Surakarta	-7.5561	110.8317	526870
Surabaya	-7.2492	112.7508	3018022
Sungai Penuh	-2.0561	101.3913	102224
Sungailiat	-1.8544	106.1222	100750
Sumenep	-7.0115	113.8604	84656
Sumedang Utara	-6.8500	107.9167	100000
Sumedang	-6.8586	107.9164	200000
Sumber	-6.7603	108.4831	96725
Sumbawa Besar	-8.4932	117.4202	62753
Sokaraja	-7.4581	109.2881	66482
Sukabumi	-6.9181	106.9267	365735
Subang	-6.5700	107.7567	137234
Sragen	-7.4264	111.0222	71522
Sorong	-0.8796	131.2610	219958
Soreang	-7.0331	107.5183	116780
Solok	-0.8006	100.6571	73438
Sleman	-7.7156	110.3556	56215
Slawi	-6.9816	109.1407	61206
Situbondo	-7.7062	114.0098	685967
Sintang	0.0667	111.5000	85000
Singosari	-7.8924	112.6658	182656
Singkawang	0.9093	108.9846	253812
Sengkang	-4.1279	120.0297	59523
Singaraja	-8.1120	115.0882	133784
Sidoarjo	-7.4478	112.7183	139189
Sewon	-7.8764	110.3589	73585
Serpong	-6.3169	106.6642	80193
Serang	-6.1153	106.1542	735651
Sepatan	-6.1189	106.5750	118439
Semarang	-6.9931	110.4208	1694740
Selong	-8.6503	116.5318	92464
Sawangan	-6.4028	106.7744	197170
Sangkapura	-5.8453	112.6517	50612
Sampit	-2.5315	112.9496	166773
Sampang	-7.1872	113.2394	53269
Samarinda	-0.4917	117.1458	865306
Salatiga	-7.3319	110.4928	198971
Rengasdengklok	-6.1592	107.2981	201463
Rangkasbitung	-6.3591	106.2494	137041
Raha	-4.8380	122.7209	69980
Purwokerto	-7.4214	109.2344	230235
Purwodadi	-7.0868	110.9158	139387
Purwakarta	-6.5569	107.4433	179233
Purbalingga	-7.3881	109.3639	56903
Probolinggo	-7.7543	113.2159	243746
Pontianak	-0.0319	109.3250	686019
Ponorogo	-7.8685	111.4620	79026
Polewali	-3.4324	119.3435	65800
Plumbon	-6.7050	108.4728	167105
Prabumulih	-3.4345	104.2306	103470
Pemangkat	1.1667	108.9667	54259
Pemalang	-6.8919	109.3826	184149
Pelabuhanratu	-6.9875	106.5514	109523
Pekanbaru	0.5167	101.4417	1167599
Pekalongan	-6.8886	109.6753	324564
Pecangaan	-6.6978	110.7107	61046
Payakumbuh	-0.2159	100.6334	139576
Pati	-6.7559	111.0380	107028
Pasuruan	-7.6453	112.9075	213469
Paseh	-7.0680	107.7940	126181
Pasarkemis	-6.1703	106.5303	263289
Parung	-6.4214	106.7331	128905
Pariaman	-0.6190	100.1200	92183
Parepare	-4.0135	119.6255	160309
Pare	-7.7679	112.1980	106007
Pangkalpinang	-2.1291	106.1138	226297
Pangkalanbuun	-2.6832	111.6259	108814
Pandeglang	-6.3084	106.1067	92316
Pandak	-7.9131	110.2936	56043
Pamulang	-6.3428	106.7383	174557
Pamekasan	-7.1568	113.4746	92447
Pamanukan	-6.2842	107.8106	114290
Palu	-0.9083	119.8708	389959
Palopo	-2.9925	120.1969	184961
Palimanan	-6.7069	108.4242	92600
Palembang	-2.9167	104.7458	1801367
Palangkaraya	-2.2083	113.9167	318247
Pagar Alam	-4.0251	103.2469	70386
Padangpanjang	-0.4560	100.4052	58627
Padang	-0.9492	100.3543	942938
Nunukan	4.1384	117.6507	67006
Nganjuk	-7.6051	111.9035	69011
Negara	-8.3569	114.6169	100074
Nabire	-3.3599	135.5007	99848
Muntilan	-7.5811	110.2928	81555
Muncar	-8.4333	114.3333	64537
Mojokerto	-7.4664	112.4338	141785
Metro	-5.1131	105.3067	182293
Mertoyudan	-7.5200	110.2264	69871
Melati	-7.7333	110.3667	67090
Maumere	-8.6199	122.2111	87720
Mataram	-8.5833	116.1167	441147
Martapura	-3.4109	114.8642	131449
Margahayukencana	-6.9708	107.5675	83119
Manokwari	-0.8629	134.0640	132300
Mendaha	-1.0163	103.5933	56268
Manado	1.4822	124.8489	458582
Malang	-7.9797	112.6304	889359
Majene	-3.5403	118.9707	73883
Majalengka	-6.8361	108.2278	73052
Magelang	-7.4706	110.2178	128709
Madiun	-7.6298	111.5239	202544
Lumajang	-8.1335	113.2248	123626
Lubuklinggau	-3.2945	102.8614	234166
Loa Janan	-0.5829	117.0950	212816
Lembang	-6.8117	107.6175	183130
Lawang	-7.8353	112.6947	112540
Lamongan	-7.1167	112.4167	59224
Lahat	-3.7851	103.5428	65906
Labuan Bajo	-8.4964	119.8877	188724
Kuningan	-6.9758	108.4831	111742
Kudus	-6.8048	110.8405	92156
Kresek	-6.1314	106.3797	110182
Kotamobagu	0.7419	124.3121	121756
Klungkung	-8.5333	115.4000	223720
Klaten	-7.7058	110.6064	126831
Klangenan	-6.7094	108.4400	88378
Kertosono	-7.5833	112.1000	60782
Kepanjen	-8.1303	112.5727	51919
Kendari	-3.9778	122.5151	351085
Kedungwuni	-6.9704	109.6479	117249
Kedungwaru	-8.0667	111.9167	80257
Kediri	-7.8167	112.0167	301424
Kebomas	-7.1667	112.6333	75982
Kawalu	-7.3817	108.2082	50541
Karawang	-6.3053	107.3197	307880
Karangsembung	-6.8487	108.6422	75856
Jombang	-7.5460	112.2331	126465
Jepara	-6.5924	110.6710	1257912
Jember	-8.1721	113.6995	298585
Jatiwangi	-6.7336	108.2628	57973
Jatiroto	-7.8833	111.1167	50059
Jatibarang	-6.4747	108.3153	73010
Jambi City	-1.6000	103.6167	635101
Jakarta	-6.2146	106.8451	8540121
Indramayu	-6.3264	108.3200	123263
Grogol	-7.6011	110.8186	100613
Gresik	-7.1539	112.6561	73629
Gorontalo	0.5375	123.0625	205390
Gombong	-7.6072	109.5142	50950
Godean	-7.7697	110.2939	63164
Genteng	-8.3667	114.1500	79652
Gedangan	-7.3908	112.7267	79230
Garut	-7.2450	107.9210	131809
Galesong	-5.3166	119.3661	83050
Ende	-8.8432	121.6623	87269
Dumai	1.6671	101.4432	349389
Dukuhturi	-6.9000	109.0833	98074
Dompu	-8.5365	118.4634	54987
Dobo	-5.7609	134.2340	52104
Depok	-7.7625	110.4317	104527
Depok	-6.4000	106.8186	2163635
Denpasar	-8.6500	115.2167	670210
Curug	-6.2658	106.5564	191406
Comal	-6.9053	109.5347	51092
Citeureup	-6.4856	106.8819	214668
Cirebon	-6.7063	108.5570	344851
Ciputat	-6.2375	106.6956	207858
Cimahi	-6.8722	107.5425	581994
Cileunyi	-6.9389	107.7528	111476
Cileungsir	-6.3947	106.9592	289833
Cilegon	-6.0144	106.0542	470378
Cilacap	-7.7264	109.0094	256996
Cikarang	-6.2611	107.1528	106479
Cikampek	-6.4197	107.4558	127173
Cicurug	-6.7814	106.7825	88965
Cibinong	-6.4817	106.8542	363424
Cianjur	-6.8222	107.1394	174587
Ciamis	-7.3257	108.3534	109839
Cepu	-7.1475	111.5906	55055
Caringin	-6.7061	106.8214	91845
Ciampea	-6.5547	106.7008	207212
Bukittinggi	-0.3091	100.3705	121028
Boyolali	-7.5331	110.5958	59851
Bontang	0.1324	117.4854	194606
Bondowoso	-7.9135	113.8214	69783
Bojonegoro	-7.1502	111.8817	86568
Bogor	-6.5944	106.7892	1078351
Blora	-6.9698	111.4186	51811
Blitar	-8.0983	112.1681	161204
Bitung	1.4406	125.1282	225134
Bima	-8.4601	118.7267	165113
Besuki	-7.7338	113.6979	55465
Bengkulu	-3.8004	102.2655	397321
Bekasi	-6.2349	106.9896	2648272
Baubau	-5.4633	122.6024	161280
Baturaja	-4.1289	104.1669	134759
Batu	-7.8700	112.5283	225408
Batang	-6.4846	110.7083	139492
Barabai	-2.5833	115.3833	55956
Banyuwangi	-8.2325	114.3576	117558
Bantul	-7.8881	110.3289	64360
Banjarmasin	-3.3199	114.5907	657663
Banjarbaru	-3.4406	114.8365	293332
Banjaran	-7.0453	107.5878	164952
Banjar	-8.1900	114.9675	89040
Banjar	-7.1955	107.4313	209791
Bangkalan	-7.0455	112.7351	86250
Bangil	-7.5994	112.8186	85504
Bandung	-6.9222	107.6069	2528163
Balikpapan	-1.2675	116.8289	695287
Balai Pungut	1.0595	101.2905	56452
Baki	-7.6128	110.7839	58909
Baekrajan	-6.7674	110.8541	57920
Atambua	-9.1061	124.8925	82196
Astanajapura	-6.8017	108.6311	148047
Arjawinangun	-6.6453	108.4103	105845
Amuntai	-2.4177	115.2494	55560
Ambon	-3.6958	128.1833	347288
Ambarawa	-7.2633	110.3975	65096
Amahai	-3.3398	128.9197	50478
Adiwerna	-6.9375	109.1325	134188
Padalarang	-6.8378	107.4728	193114
Ciranjang-hilir	-6.8200	107.2572	77758
Cikupa	-6.2364	106.5083	174041
Teluknaga	-6.0989	106.6381	175155
Gamping Lor	-7.7956	110.3264	66110
Kasihan	-7.8269	110.3292	86234
Kartasura	-7.5519	110.7378	88927
Kupang	-10.1708	123.6069	474801
Merauke	-8.4996	140.4061	116864
Jayapura	-2.5337	140.7181	410852
Abepura	-2.5964	140.6324	62248
Batam	1.1494	104.0249	1296960
Subulussalam	2.6620	97.8827	105553
Sukawati	-8.4913	115.0459	125470
South Tangerang	-6.2886	106.7179	1429529
Kota Sambas	1.3626	109.3009	57295
Nusantara	-0.9731	116.7086	147430
Waterford	52.2583	-7.1119	60079
Tallaght	53.2859	-6.3734	81022
Limerick	52.6647	-8.6231	102287
Galway	53.2724	-9.0510	85910
Dublin	53.3331	-6.2489	1024027
Cork	51.8980	-8.4706	224004
South Dublin	53.2903	-6.3415	301075
Jerusalem	31.7690	35.2163	971800
Modi‘in Makkabbim Re‘ut	31.8939	35.0150	93277
Jaffa	32.0504	34.7522	100000
Umm el Faḥm	32.5176	35.1540	56109
Tel Aviv	32.0809	34.7806	432892
Rosh Ha‘Ayin	32.0955	34.9544	72881
Rishon LeTsiyyon	31.9710	34.7894	258535
Reẖovot	31.8942	34.8120	149392
Ramla	31.9262	34.8635	76246
Ramat Gan	32.0823	34.8107	170822
Ra'anana	32.1836	34.8739	75421
Kiryat Gat	31.6100	34.7642	61817
Qiryat Ata	32.8115	35.1132	59030
Petaẖ Tiqva	32.0888	34.8867	253529
Netanya	32.3329	34.8592	228204
Ness Ziona	31.9293	34.7987	50351
Nazareth	32.7009	35.2972	77445
Nahariyya	33.0089	35.0981	58096
Lod	31.9467	34.8903	77223
Kfar Saba	32.1750	34.9069	110456
H̱olon	32.0103	34.7792	196282
Hod HaSharon	32.1591	34.8928	63175
Herzliya	32.1663	34.8254	97470
Haifa	32.8130	34.9993	285316
Hadera	32.4419	34.9039	97335
Givatayim	32.0722	34.8125	60644
Eilat	29.5581	34.9482	52299
Bet Shemesh	31.7307	34.9929	124957
Bnei Brak	32.0807	34.8338	214444
Beersheba	31.2518	34.7913	186600
Bat Yam	32.0238	34.7518	129012
Ashkelon	31.6693	34.5715	144073
Ashdod	31.7921	34.6497	226838
Acre	32.9281	35.0765	51420
West Jerusalem	31.7820	35.2196	400000
Modiin Ilit	31.9322	35.0442	76374
Pūnch	33.7703	74.0925	28197
Kilakarai	9.2318	78.7854	38355
Zunheboto	25.9667	94.5167	29499
Ziro	27.5950	93.8385	13893
Zamānia	25.4196	83.5579	32008
Zaidpur	26.8309	81.3293	33397
Zahirābād	17.6814	77.6074	71166
Zafarābād	25.6987	82.7335	9106
Yol	32.1642	76.1962	11314
Yercaud	11.7760	78.2093	11582
Yeola	20.0424	74.4894	49826
Yellāreddi	18.1943	78.0178	14923
Yellāpur	14.9637	74.7093	20452
Yellandu	17.5906	80.3215	43787
Yelbarga	15.6154	76.0118	14814
Yelandūr	12.0463	77.0303	8901
Yelahanka	13.1007	77.5963	116447
Yechagām	33.9873	74.7517	7461
Yavatmāl	20.3932	78.1320	128175
Yāval	21.1677	75.6976	36706
Yanam	16.7331	82.2136	55626
Yamuna Nagar	30.1280	77.2837	217071
Yairipok	24.6779	94.0477	9569
Yadgir	16.7701	77.1376	74294
Xeldem	15.2500	74.0833	7434
Wokha	26.0972	94.2582	54010
Weir	27.0186	77.1764	19385
Wellington	11.3655	76.7844	20254
Wazīrganj	28.2114	79.0567	19372
Wāshīm	20.1113	77.1330	78387
Warud	21.4710	78.2696	47817
Warora	20.2289	79.0028	46532
Wāris Alīganj	25.0172	85.6405	35243
Wardha	20.7393	78.5978	113759
Wārāseonī	21.7618	80.0430	27494
Warangal	18.0000	79.5833	704570
Wanparti	16.3674	78.0689	60949
Wānkāner	22.6120	70.9438	47814
Wani	20.0551	78.9531	58840
Wāngjing	24.5892	94.0639	8055
Waluj Buzurg	19.7963	75.2265	20220
Walajapet	12.9251	79.3663	47498
Wālājābād	12.7904	79.8236	14684
Wai	17.9528	73.8906	36025
Waghāi	20.7705	73.5007	6715
Wādi	17.0518	76.9905	37988
Wadgaon	18.7392	73.6394	14595
Wadgaon	16.8355	74.3134	25651
Vypīn	9.9667	76.2500	23717
Vyāra	21.1108	73.3936	39789
Vuyyūru	16.3631	80.8441	36755
Vrindāvan	27.5811	77.6966	60195
Vriddhāchalam	11.5183	79.3241	61498
Vizianagaram	18.1169	83.4115	228720
Vittal	12.7632	75.0990	17618
Vite	17.2734	74.5379	48289
Visnagar	23.6986	72.5521	76753
Vishāram	12.9181	79.2776	44786
Visakhapatnam	17.6801	83.2016	1063178
Vīsāvadar	21.3395	70.7497	19515
Virudunagar	9.5851	77.9579	73273
Virpur	23.1892	73.4799	10238
Virinchīpuram	12.9234	79.0219	7699
Vadakku Viravanallur	8.6979	77.5192	19689
Virajpet	12.1964	75.8051	17246
Virār	19.4559	72.8114	1222390
Viramgām	23.1256	72.0501	55821
Virālimalai	10.6023	78.5471	10883
Vīraganūr	11.4761	78.7355	10854
Vinukonda	16.0531	79.7396	62550
Vinchia	22.2103	71.3797	12355
Villupuram	11.9398	79.4924	97380
Villianur	11.9139	79.7557	34383
Vilattikulam	9.1323	78.1663	15277
Vikravāndi	12.0369	79.5460	12022
Vikramasingapuram	8.7148	77.3903	47241
Vikārābād	17.3381	77.9044	53143
Vijayawada	16.5074	80.6466	1143232
Vijayapuri	11.2453	77.5007	7222
Vijayanagar	23.9975	73.2855	6078
Vijāpur	23.5623	72.7485	35118
Vidisha	23.5260	77.8109	155951
Vettūr	8.7174	76.7258	37219
Vettavalam	12.1077	79.2452	15506
Vettaikkaranpudur	10.5621	76.9130	18128
Vetapālem	15.7850	80.3066	38671
Verna	15.3548	73.9245	6632
Verāval	20.9077	70.3679	171121
Vepagunta	17.7784	83.2158	26881
Venkatagiri	13.9601	79.5803	52688
Vengurla	15.8613	73.6318	12498
Vemalwāda	18.4652	78.8689	33706
Velur	11.1082	78.0011	25012
Vellore	12.9184	79.1325	484690
Vellakkovil	10.9463	77.7124	40359
Velankanni	10.6833	79.8333	11108
Vejalpur	22.6902	73.5630	121610
Vedasandūr	10.5310	77.9502	12493
Vedaraniyam	10.3721	79.8509	34266
Vayalār	9.7116	76.3389	25094
Vāv	24.3646	71.5120	12034
Vattalkundu	10.1607	77.7588	22928
Vāsudevanallūr	9.2417	77.4118	21361
Vasind	19.4084	73.2629	20561
Vasco da Gama	15.3958	73.8157	100485
Vaso	22.6608	72.7552	15934
Vartej	21.7395	72.0655	11354
Varsoli	18.6665	72.8692	11039
Varkala	8.7333	76.7167	43276
Varca	15.2324	73.9431	5439
Varangaon	21.0177	75.9104	44067
Varanasi	25.3167	83.0104	1164404
Vanthli	21.4774	70.3311	14554
Vānsada	20.7582	73.3639	14072
Vaniyambadi	12.6816	78.6201	95061
Vandavāsi	12.5043	79.6056	31530
Vandalūr	12.8924	80.0808	16852
Valsād	20.6101	72.9343	139764
Valpoi	15.5324	74.1367	8532
Valparai	10.3269	76.9512	90353
Vallam	10.7199	79.0598	16758
Vallabh Vidyanagar	22.5333	72.9000	32581
Valavanur	11.9209	79.5824	16745
Azhikkal	11.9404	75.3051	8117
Vālāntaravai	9.3391	78.8871	7498
Valangaiman	10.8901	79.3932	11754
Valabhīpur	21.8887	71.8794	18663
Vaithīsvarankoil	11.1958	79.7074	7676
Vaikam	9.7486	76.3964	23234
Vaijāpur	19.9267	74.7275	41296
Vagholi	18.5823	73.9830	33479
Vāghodia	22.3051	73.4002	16604
Vadodara	22.2994	73.2081	1822221
Vadnagar	23.7859	72.6389	27790
Vadlapūdi	14.3112	79.8043	17881
Vadipatti	10.0848	77.9611	26830
Vādāsinor	22.9568	73.3350	39330
Vadamadurai	10.4408	78.0978	18015
Vadāli	23.9423	73.0378	20646
Vadakku Valliyūr	8.3829	77.6122	29417
Vadakāncheri	10.6604	76.2466	15674
Vāda	19.6535	73.1481	16750
Ūttukkuli	11.1689	77.4543	10130
Uthukkottai	13.3355	79.8900	12740
Uttiramerūr	12.6143	79.7575	25194
Uttarkāshi	30.7299	78.4434	17123
Ūttangarai	12.2671	78.5378	18470
Uttamapālaiyam	9.8070	77.3272	29050
Utraula	27.3193	82.4187	28437
Utrān	21.2333	72.8667	14855
Utnūr	19.3680	78.7761	16005
Utai	21.1167	81.3833	8752
Usilampatti	9.9694	77.7862	35219
Usgao	15.4333	74.0667	12436
Usehat	27.7980	79.2376	15068
Urun-Islāmpur	17.0500	74.2667	67391
Urmar	31.6814	75.6355	23419
Uri	34.0860	74.0320	9366
Uravakonda	14.9435	77.2549	35565
Uran	18.8781	72.9392	30439
Urakam	10.4333	76.2167	13149
Uppinangadi	12.8364	75.2461	7813
Uppiliyapuram	11.2636	78.5139	7705
Uppala	12.6844	74.9007	11542
Upleta	21.7401	70.2826	58775
Uppal Kalan	17.4058	78.5591	118259
Unnāo	26.5471	80.4878	161671
Unjha	23.8037	72.3910	57108
Uniāra	26.1534	75.2152	11441
Uniāra	25.9150	76.0260	12551
Unhel	23.3379	75.5593	15837
Unchahra	24.3825	80.7809	18442
Unchagao	16.6975	74.2733	31238
Una	31.4649	76.2691	18722
Una	20.8232	71.0379	58528
Ūn	29.5848	77.2554	15007
Un	23.8875	71.7698	30671
Umsning	25.7365	91.8880	8198
Umri	26.5106	78.9367	9364
Umri	19.0391	77.6454	13501
Umreth	22.6988	73.1156	33762
Umred	20.8540	79.3247	53971
Umrāla	21.8435	71.8030	11874
Umarkot	19.6653	82.2063	28993
Umarkhed	19.6014	77.6888	47458
Umaria	23.5247	80.8372	33114
Umargām	20.1972	72.7503	27859
Umarga	17.8384	76.6233	35477
Uluberiya	22.4756	88.0990	235345
Ullal	12.8057	74.8606	59116
Ulhasnagar	19.2167	73.1500	516584
Ukwā	21.9710	80.4663	7369
Uklāna	29.5112	75.8782	13219
Ukhrul	25.1196	94.3642	27187
Ujjain	23.1824	75.7764	515215
Ujhāni	28.0031	79.0082	56309
Ugu	26.7968	80.3209	6518
Udumalaippettai	10.5881	77.2478	61133
Udpura	24.7336	75.9751	10051
Udiyāvara	13.3025	74.7387	11854
Udupi	13.3347	74.7462	165000
Udhampur	32.9243	75.1357	84015
Udgīr	18.3926	77.1176	103550
Udangudi	8.4292	78.0297	19738
Udalguri	26.7537	92.1021	15935
Udala	21.5781	86.5668	13152
Udaiyārpālaiyam	11.1873	79.2933	12688
Udaipura	23.0743	78.5111	18236
Udaipur	27.7230	75.4718	30264
Udaipur	24.5858	73.7135	451100
Udaipur	23.5333	91.4833	32758
Udayagiri	20.1242	84.3687	11302
Ooty	11.4134	76.6952	233426
Bara Uchāna	29.4675	76.1780	16815
Ubaidullāhganj	22.9983	77.5862	22845
Tyāgadurgam	11.7411	79.0770	18605
Turuvekere	13.1637	76.6664	14194
Turaiyūr	11.1497	78.5987	32134
Tura	25.5142	90.2024	74858
Tuni	17.3590	82.5461	53425
Tūndla	27.2146	78.2368	50939
Tumsar	21.3833	79.7333	44869
Tumkūr	13.3414	77.1022	307359
Tumgaon	21.1912	82.1230	7394
Tulsīpur	27.5337	82.4165	22486
Tuljāpur	18.0080	76.0701	35596
Tufānganj	26.3169	89.6655	20420
Tuensang	26.2670	94.8242	36774
Tudiyalūr	11.0816	76.9446	33924
Tsrār Sharīf	33.8632	74.7652	11533
Tseminyu	25.9247	94.2161	6315
Thiruvananthapuram	8.4855	76.9492	788271
Trittāla	10.8030	76.1288	27796
Tripunittura	9.9428	76.3333	69390
Trimbak	19.9327	73.5291	12056
Thrissur	10.5167	76.2167	315957
Trāl	33.9271	75.1158	17844
Toto	23.1334	84.5280	5237
Toshām	28.8699	75.9165	15559
Torpa	22.9361	85.0889	8592
Tori-Fatehpur	25.4550	79.1143	10210
Topchānchi	23.9038	86.1979	6082
Tonk Khurd	23.0983	76.2155	7979
Tonk	26.1664	75.7882	165294
Tondi	9.7417	79.0177	18465
Tohāna	29.7133	75.9044	63871
Todaraisingh	26.0240	75.4818	23559
Todabhim	26.9167	76.8167	22977
Tittagudi	11.4072	79.1222	22894
Tittachcheri	10.8674	79.7893	9245
Titron	29.6682	77.3239	11569
Titlāgarh	20.2896	83.1523	34067
Titāgarh	22.7425	88.3733	127751
Titābar	26.6014	94.2039	7836
Tisaiyanvilai	8.3370	77.8678	23702
Tiruvottiyūr	13.1582	80.3018	249446
Thiruvidaimaruthur	10.9986	79.4523	14786
Cheyyar	12.6605	79.5431	37802
Tiruvennanallūr	11.8589	79.3665	9623
Tiruvengadam	9.2586	77.6748	8337
Tiruvannamalai	12.2266	79.0746	145278
Tiruvankod	8.2452	77.3010	18723
Tiruvallur	13.1438	79.9089	56074
Tiruvalam	12.9825	79.2661	9153
Tiruvalla	9.3816	76.5749	57223
Thiruthuraipoondi	10.5282	79.6327	24404
Thiruthani	13.1759	79.6164	44781
Tiruttangal	9.4833	77.8333	55362
Tirūrangādi	11.0432	75.9234	56632
Tirur	10.9137	75.9212	56058
Tiruppuvanam	9.8256	78.2579	24554
Tiruppur	11.1154	77.3546	963173
Tirupporūr	12.7259	80.1895	13666
Tirupattur	12.4924	78.5680	64125
Tirupparangunram	9.8815	78.0731	50004
Tirupananthal	11.0923	79.4525	11169
Tiruppālaikudi	9.5461	78.9172	8824
Tirupati	13.6355	79.4199	295323
Tirunelveli	8.7274	77.6838	1435844
Tirumullaivāsal	11.2400	79.8371	13234
Tirumangalam	9.8231	77.9838	51194
Tirumala	13.6833	79.3500	18013
Tirumakūdal Narsipur	12.2121	76.9018	9980
Tirukurangudi	8.4365	77.5657	9342
Tirukkoyilur	11.9662	79.2026	30212
Thirukattupalli	10.8443	78.9565	12972
Tirukkalikkunram	12.6080	80.0555	29391
Tiruchengode	11.3802	77.8944	95335
Tiruchirappalli	10.8155	78.6965	1022518
Tiruchchendur	8.4972	78.1191	32171
Tīrthahalli	13.6883	75.2455	15422
Tirodi	21.6852	79.7191	8870
Tirāwari	29.8015	76.9283	25944
Tīra Sujānpur	31.8336	76.5054	7943
Tiptūr	13.2563	76.4777	60957
Tinsukia	27.4890	95.3599	116322
Tinpahār	24.9833	87.7333	5336
Tinnanūr	13.1145	80.0271	37095
Tindwāri	25.6174	80.5272	10406
Tindivanam	12.2340	79.6555	72796
Timurni	22.3712	77.2274	22359
Tilhar	27.9628	79.7383	57043
Tīkri	29.2291	77.3548	13646
Tikkotti	11.4833	75.6167	27051
Tīkamgarh	24.7433	78.8306	79106
Tikaitnagar	26.9461	81.5658	8806
Tijāra	27.9341	76.8554	24747
Thoubāl	24.6388	93.9964	45947
Thiruvarur	10.7727	79.6368	58777
Thiruvaiyaru	10.8841	79.1036	16164
Thenzawl	23.3167	92.7500	7259
Thāsra	22.7983	73.2117	18337
Tharād	24.3960	71.6258	27954
Thara	23.9734	71.8192	18060
Thanniyam	10.4167	76.1333	9743
Thanna Mandi	33.5420	74.3810	5490
Thanjavur	10.7852	79.1391	291067
Thānesar	29.9732	76.8321	155152
Thāne	19.1970	72.9635	1841488
Thandla	23.0096	74.5775	15756
Thāna Bhawan	29.5861	77.4181	33498
Thān	22.5742	71.1994	42508
Tālera	25.3158	75.7328	7203
Thākurganj	26.4274	88.1311	18348
Thakurdwara	29.1920	78.8615	39860
Tezu	27.9126	96.1288	18184
Tezpur	26.6333	92.8000	75540
Tevāram	9.8967	77.2809	16079
Terdāl	16.4938	75.0467	26411
Teonthar	24.9821	81.6419	17039
Teok	26.8320	94.4165	8795
Thenkasi	8.9600	77.3153	70545
Teni	10.0112	77.4777	1034724
Tendūkheda	23.3962	79.5395	14399
Thenali	16.2425	80.6398	164937
Tellicherry	11.7481	75.4929	97201
Telhāra	21.0269	76.8389	21146
Tekkali	18.6057	84.2355	28631
Tekkalakote	15.5344	76.8770	26224
Tekāri	24.9425	84.8427	21324
Tekanpur	25.9940	78.2832	13681
Tehri	30.3909	78.4803	27611
Teghra	25.4904	85.9400	56234
Tawang Town	27.5742	91.7950	11202
Tāttayyangārpettai	11.1242	78.4492	12980
Tāsgaon	17.0370	74.6017	37945
Tarn Taran	31.4519	74.9278	66847
Tarikere	13.7095	75.8138	37848
Tārāpur	25.0907	86.6620	7450
Tārāpur	19.8650	72.6843	7493
Tharangambadi	11.0276	79.8542	23191
Tārānagar	28.6686	75.0321	32640
Tarāna	23.3338	76.0425	24908
Tāramangalam	11.6940	77.9703	30222
Tarakeswar	22.8861	88.0136	30475
Tarabha	20.7325	83.6744	8334
Tapukrāh	28.1107	76.8327	9471
Tāoru	28.2117	76.9498	22599
Tanuku	16.7544	81.6814	77962
Tankāra	22.6562	70.7494	10175
Tangdhār	34.3979	73.8598	9904
Tandur	17.2485	77.5770	65115
Tānda	28.9762	78.9419	44822
Tāndā	26.5495	82.6584	88073
Tanakpur	29.0740	80.1114	16905
Tammampatti	11.4413	78.4887	21503
Tamlūk	22.3008	87.9259	48646
Tamenglong	25.0164	93.4855	19363
Tambaram	12.9246	80.1271	174787
Talwāra	31.9376	75.8866	24752
Talwandi Sābo	29.9838	75.0820	20589
Talwandi Bhai	30.8558	74.9298	17285
Taloje	19.0856	73.0984	14318
Taloda	21.5613	74.2124	26363
Talni	19.8818	76.4732	5743
Taliparamba	12.0416	75.3593	72465
Tālīkota	16.4731	76.3109	31693
Tālgrām	27.0475	79.6481	10629
Talen	23.5695	76.7282	10582
Taleigao	15.4692	73.8328	17148
Talegaon Dābhāde	18.7350	73.6756	56435
Tālcher	20.9493	85.2335	40841
Tālbahat	25.0436	78.4344	13789
Talakkād	10.8846	75.9309	35820
Talāja	21.3527	72.0352	29948
Talaināyar Agrahāram	10.5614	79.7723	12798
Tāl	23.7198	75.3851	14913
Takkolam	13.0164	79.7325	13983
Tāki	22.5887	88.9325	40113
Takhatpur	22.1291	81.8696	19968
Takhatgarh	25.3224	73.0049	17285
Tākalghāt	20.9152	78.9469	11363
Tājpur	29.1624	78.4846	17529
Taipi Duidam	27.2912	96.0437	7151
Tadpatri	14.9083	78.0103	108171
Tadepalligudem	16.8147	81.5272	112655
Tādepalle	16.4833	80.6000	64149
Swāmimalai	10.9575	79.3293	7289
Suwāsra	24.0698	75.6523	13304
Sutrāpāra	20.8435	70.4832	26132
Suthālia	23.9955	77.1395	10596
Susner	23.9467	76.0883	16432
Suriāpet	17.1405	79.6205	111729
Suriānwān	25.4639	82.4192	19157
Surgāna	20.5596	73.6375	6566
Surendranagar	22.7271	71.6486	179628
Suratgarh	29.3215	73.8998	70536
Surat	21.1959	72.8302	4591246
Sūrandai	8.9757	77.4192	35272
Surajpur	23.2135	82.8684	20189
Sūrajgarh	28.3101	75.7327	21666
Supaul	26.1153	86.5951	65437
Sunel	24.3707	75.9571	15840
Sundarnagar	31.5352	76.9050	25338
Sundergarh	22.1167	84.0333	45036
Sunām	30.1288	75.7994	69069
Sunākhala	20.1668	85.3323	6299
Sumbal	34.2307	74.6472	15041
Sullya	12.5610	75.3874	19958
Sūlūru	13.7000	80.0167	38065
Sulur	11.0243	77.1256	27909
Sultanpur	31.2147	75.1960	16877
Sultānpur	29.7553	78.1103	8518
Sultānpur	26.2579	82.0727	110368
Sultānpur	23.1381	77.9340	10268
Sultanpur	20.0870	76.5187	8688
Sūlibele	13.1844	77.8014	9587
Suket	24.6461	76.0417	22319
Sūjāngarh	27.7000	74.4667	183808
Suchindram	8.1544	77.4670	13193
Subulia	20.8959	84.1693	5072
Suār	29.0284	79.0565	28941
Srivilliputhur	9.5127	77.6337	75396
Srīvardhan	18.0459	73.0155	15279
Srivaikuntam	8.6293	77.9128	15847
Srīsailain	16.0722	78.8682	24142
Srīrāmnagar	17.2665	78.2554	19550
Srīperumbūdūr	12.9676	79.9420	24864
Srīnivāspur	13.3391	78.2117	26793
Srinagar	34.0857	74.8055	1206419
Srīnagar	30.2224	78.7834	20216
Srīmushnam	11.4012	79.4038	13971
Sri Mādhopur	27.4660	75.5974	31366
Karanpur	29.8404	73.4552	21604
Srikakulam	18.2989	83.8975	137944
Srīgobindpur	31.6895	75.4775	8241
Sri Dūngargarh	28.0962	74.0087	53294
Soygaon	20.5961	75.6176	23320
Soron	27.8906	78.7462	28683
Soro	21.2785	86.6883	32531
Sorbhog	26.4861	90.8859	7614
Sorala	19.1308	84.7509	8258
Sorada	19.7608	84.4300	15117
Sorab	14.3814	75.0918	11332
Sopur	34.2867	74.4723	71292
Sonkach	22.9717	76.3467	16545
Sonīpat	28.9948	77.0194	289333
Songadh	21.1697	73.5636	26515
Sonepur	20.8333	83.9167	20770
Sonpet	19.0259	76.4739	15765
Sonegaon	20.6291	78.6921	12614
Rajpur Sonarpur	22.4382	88.4321	424368
Sonāri	27.0246	95.0163	19810
Sonāmura	23.4755	91.2659	11285
Sonāmukhi	23.3052	87.4134	28334
Somvārpet	12.5970	75.8496	7227
Sompeta	18.9442	84.5845	18778
Someshwar	13.4911	75.0665	22137
Solim	15.6152	73.7674	10936
Solan	30.9091	77.1087	40283
Sojītra	22.5388	72.7198	19403
Sojat	25.9249	73.6663	43023
Sohna	28.2474	77.0654	36552
Sohela	21.3015	83.3980	6917
Sohāna	30.6887	76.7066	9306
Sohāgpur	22.7005	78.1952	25040
Sohāgi	24.9818	81.6956	9009
Sogām	34.5014	74.3823	10166
Soanpeta	18.9700	78.3563	6820
Soalkuchi	26.1681	91.5711	13917
Siwāna	25.6515	72.4224	22067
Siwān	26.2210	84.3561	135066
Sivni	20.6880	77.0489	13699
Sivakasi	9.4500	77.7980	234704
Sivagiri	11.1203	77.7881	16779
Sivagiri	9.3446	77.4291	23040
Sivaganga	9.8470	78.4836	42785
Siuri	23.9081	87.5277	64659
Chittode	11.3946	77.6588	8550
Sitārganj	28.9293	79.7044	24225
Sītāpur	27.5619	80.6826	164435
Sītāmau	24.0147	75.3532	14056
Sītāmarhi	26.5936	85.4906	67818
Siswā Bāzār	27.1465	83.7580	19939
Sisauli	29.4139	77.4689	15837
Sirūr	18.8276	74.3748	37111
Sirumugai	11.3214	77.0052	20066
Siruguppa	15.6300	76.8922	52492
Sirsilla	18.3886	78.8105	83186
Sirsi	28.6392	78.6430	22549
Sirsi	14.6207	74.8355	62882
Sirsāganj	27.0572	78.6866	29034
Sirsa	29.5349	75.0290	182534
Sirsā	25.2634	82.0919	12608
Sirpur	19.4795	79.5756	10116
Sironj	24.1031	77.6906	52460
Sironchā	18.8483	79.9638	7427
Sirohi	24.8884	72.8479	39229
Sir Muttra	26.5150	77.3721	17988
Sirmaur	24.8365	81.3645	11878
Sīrkāzhi	11.2372	79.7358	34927
Sirhind	30.6432	76.3842	60847
Sardārpur	22.6655	74.9774	7293
Sirāthu	25.6429	81.3186	13598
Sirālkoppa	14.3807	75.2501	16864
Sīra	13.7416	76.9043	57928
Sinor	21.9112	73.3397	11267
Sinnar	19.8451	73.9987	65299
Sini	22.7933	85.9454	6382
Singur	22.8092	88.2294	19402
Singtam	27.2347	88.5017	6133
Singoli	24.9667	75.3000	9523
Singhāna	28.0996	75.8389	11372
Singarāyakonda	15.2305	80.0279	19400
Singapperumālkovil	12.7595	80.0075	13566
Singānallūr	10.9990	77.0324	31239
Sindkhed Raja	19.9536	76.1264	16434
Sindi	20.8051	78.8875	13636
Sindhnūr	15.7698	76.7558	75837
Sindgi	16.9188	76.2337	37226
Shimla	31.1044	77.1666	173503
Simga	21.6281	81.7038	16027
Simdega	22.6152	84.5021	42944
Simaria	24.7950	81.1520	14045
Simaluguri	26.9185	94.7568	8286
Silvassa	20.2739	72.9967	98265
Silvāni	23.3026	78.4408	18623
Sillod	20.3030	75.6528	58230
Silchar	24.8273	92.7979	178865
Silao	25.0836	85.4280	25674
Sīkar	27.6121	75.1400	244497
Sikandra Rao	27.6886	78.3799	42229
Sikandra	26.3672	79.6298	12289
Sikandarpur	26.0433	84.0530	24177
Sikandarābād	28.4523	77.7000	73379
Sikka	22.4322	69.8416	28814
Sijua	23.7762	86.3303	31537
Sihorā	23.4871	80.1040	44048
Sihor	21.7113	71.9618	54547
Sidlaghatta	13.3890	77.8644	51159
Sidhpura	27.6331	78.8692	14815
Sidhi	24.4038	81.8795	54331
Sidhaulī	27.2820	80.8345	22193
Siddipet	18.1048	78.8486	66737
Siddhapur	23.9178	72.3721	61867
Siddāpur	14.3432	74.8940	14769
Sibsāgar	26.9843	94.6378	62104
Shyamnagar	22.8333	88.3667	441956
Shopian	33.7172	74.8341	16360
Shujālpur	23.4067	76.7098	51225
Shuganu	24.2955	93.8737	5132
Shrīrangapattana	12.4226	76.6844	25061
Shrīrāmpur	22.7528	88.3422	226317
Shrīgonda	18.6153	74.6989	31134
Srāvana Belgola	12.8574	76.4889	6485
Shorāpur	16.5210	76.7574	51398
Shōranūr	10.7618	76.2708	43533
Sholinghur	13.1181	79.4202	30856
Sholapur	17.6715	75.9104	997281
Shivrājpur	22.4232	73.6086	6705
Shivpuri	25.4238	77.6622	179977
Shitāb Diāra	25.7563	84.6133	11800
Shīshgarh	28.7293	79.3147	23471
Shirwal	18.1506	73.9779	12703
Shirud	20.7353	74.8919	8455
Shirpur	21.3482	74.8804	76905
Shirhatti	15.2335	75.5800	17610
Shirgaon	19.6959	72.7153	5971
Shirdi	19.7662	74.4774	36004
Shivamogga	13.9316	75.5679	322650
Shillong	25.5689	91.8831	143229
Siliguri	26.7100	88.4285	515574
Shikohābād	27.1080	78.5866	99678
Shikārpūr	28.2807	78.0141	34649
Shikaripura	14.2698	75.3564	36015
Shiggaon	14.9905	75.2250	28207
Shertallai	9.6858	76.3400	45474
Sherkot	29.3270	78.5743	57361
Sherghāti	24.5595	84.7916	40666
Shergarh	28.6513	79.3681	14076
Sheopur	25.6647	76.6962	71951
Sheohar	26.5139	85.2934	28116
Sheoganj	25.1392	73.0678	28053
Shenkottai	8.9774	77.2463	26823
Shehera	22.9508	73.6312	19175
Shegaon	20.7932	76.6992	59672
Shāntipur	23.2472	88.4330	149983
Shankrampet	18.0493	77.9142	6227
Shankargarh	25.1820	81.6177	14137
Shamsābād	27.5371	79.4380	25266
Shamsābād	27.0172	78.1236	31009
Shamsābād	23.8149	77.4957	11329
Shāmli	29.4497	77.3096	97966
Shāmgarh	24.1882	75.6390	24637
Shājāpur	23.4264	76.2777	69263
Sheikhpura	25.1399	85.8410	62927
Shāhpura	27.3912	75.9596	33895
Shāhpura	25.6209	74.9249	29259
Shāhpura	23.1366	79.6640	13601
Shāhpur	29.3501	77.5516	18874
Shāhpur	25.6029	84.4041	17767
Shāhpur	23.8937	79.0507	13066
Shāhpur	23.0245	81.0038	9394
Shāhpur	22.1561	70.7707	12867
Shāhpur	21.2374	76.2256	19719
Shāhpur	16.6960	76.8422	53366
Shāhkot	31.0817	75.3371	14488
Shāhjahānpur	27.9974	76.4491	9837
Shāhjānpur	27.8817	79.9092	320434
Shāhi	28.5502	79.3176	16064
Shāhgarh	24.3136	79.1181	16300
Shāhganj	26.0496	82.6842	26510
Shahdol	23.2936	81.3619	89289
Shāhāpur	19.4523	73.3257	11623
Shāhāda	21.5454	74.4711	61376
Shāhābād	30.1678	76.8705	42607
Shāhābād	28.5668	79.0096	34962
Shāhābād	27.6431	79.9402	73606
Shāhābād	17.1307	76.9436	52952
Siwāni	28.9091	75.6147	19143
Settūr	9.4056	77.4784	20228
Serula	15.5477	73.8433	12908
Serchhīp	23.2931	92.8468	21158
Sedam	17.1786	77.2900	39341
Seorīnārāyan	21.7205	82.5934	9707
Seoni Mālwa	22.4505	77.4665	30100
Seoni Chhapāra	22.3939	79.5424	15371
Seoni	22.0850	79.5504	102343
Seondha	26.1542	78.7812	23140
Seohāra	29.2090	78.5884	46546
Shendurjana	21.5249	78.2835	21748
Sendhwa	21.6856	75.0962	56485
Sendamangalam	11.2811	78.2342	19750
Sehore	23.2000	77.0833	109118
Secunderabad	17.5043	78.5426	204182
Sāyla	22.5493	71.4832	15376
Sawyerpuram	8.6822	78.0265	12792
Sayalgudi	9.1692	78.4470	14801
Sawai Madhopur	26.0230	76.3441	121106
Sāwa	24.7589	74.5799	11923
Sāvli	22.5619	73.2232	18467
Sāvda	21.1505	75.8894	20584
Savanūr	14.9733	75.3372	40567
Sāvantvādi	15.9041	73.8219	23851
Sausar	21.6558	78.7967	27459
Saurikh	27.0305	79.4881	12055
Saundatti	15.7661	75.1178	41215
Sathyamangalam	11.5053	77.2383	37816
Satwās	22.5363	76.6845	14108
Sattur	9.3559	77.9246	31856
Sattenapalle	16.3938	80.1522	56721
Sathankulam	8.4416	77.9135	14193
Satrikh	26.8605	81.1957	11023
Satna	24.5773	80.8272	282977
Sathamba	23.1705	73.3283	7213
Satara	17.6859	73.9933	120195
Satānā	20.5948	74.2030	37701
Sāsvad	18.3435	74.0310	31821
Sāsni	27.7029	78.0828	13498
Sasarām	24.9494	84.0165	147408
Sawar	25.7557	75.2229	20000
Sarna	32.2631	75.5831	5847
Sarkhej	22.9830	72.5020	30341
Sarjāpur	12.8598	77.7866	11807
Sarīla	25.7758	79.6753	8012
Saria	21.6401	83.3631	6927
Sargūr	11.9997	76.3961	11425
Sardulgarh	29.6922	75.2361	19219
Sardhana	29.1455	77.6143	49857
Sardārshahr	28.4406	74.4910	95911
Lāwa Sardārgarh	25.2392	73.9891	6600
Saravli	19.7770	72.7528	10397
Sarauli	28.4940	79.0918	20923
Sārangpur	23.5665	76.4731	37435
Sārangarh	21.5861	83.0785	14954
Saraipali	21.3153	83.0063	20043
Sarāi Mīr	26.0270	82.9184	17849
Saraikela	22.6996	85.9313	14252
Sarai Ekdil	26.7444	79.0935	10594
Sarāi Ākil	25.3789	81.5104	17443
Sāragaon	21.9865	82.7558	7216
Sapotra	26.2928	76.7522	6716
Sapatgrām	26.3373	90.1236	12163
Saoner	21.3851	78.9215	32498
Sānwer	22.9742	75.8271	16150
Sanvordem	15.2627	74.1196	5103
Santokhgarh	31.3520	76.3178	9363
Sanquelim	15.5642	74.0080	13651
Sānkrāil	22.5500	88.2251	27523
Sankheda	22.1702	73.5782	12077
Sankeshwar	16.2565	74.4819	34637
Sankarankovil	9.1705	77.5411	57277
Sanjeli	23.0584	73.9702	7448
Sanguem	15.2290	74.1515	6444
Sangrūr	30.2451	75.8449	88615
Sāngola	17.4395	75.1938	34321
Sangod	24.9271	76.2865	21846
Sāngli	16.8544	74.5642	601214
Sangariā	29.7989	74.4668	38638
Sangāreddi	17.6248	78.0867	72344
Sangamner	19.5678	74.2115	67309
Sandūr	15.0861	76.5469	37431
Sandīla	27.0699	80.5150	53182
Sāndi	27.2887	79.9519	25008
Sancoale	15.3779	73.9035	21923
Sānchor	24.7536	71.7728	32875
Sānchi	23.4865	77.7378	8401
Sanāwad	22.1739	76.0699	38740
Sanaur	30.3018	76.4579	21201
Sānand	22.9923	72.3818	95890
Samthar	25.8435	78.9068	21582
Samrāla	30.8360	76.1932	19678
Sāmpla	28.7772	76.7716	20563
Samdari	25.8130	72.5788	17915
Sāmbūrvadakara	8.9986	77.3876	16709
Sāmbre	15.8700	74.6114	13159
Sāmbhar	26.9081	75.1914	22828
Sambhal	28.5850	78.5696	196109
Sambalpur	21.4653	83.9757	189366
Sāmba	32.5624	75.1199	26893
Samayapuram	10.9239	78.7435	5502
Samayanallūr	9.9792	78.0359	9227
Samattūr	10.6027	77.0141	5762
Samāstipur	25.8622	85.7795	67925
Samāna	30.1539	76.1985	54072
Sāmalkot	17.0568	82.1764	56864
Samālkha	29.2355	77.0127	39710
Samālka	28.5350	77.0908	17076
Sālūr	18.5172	83.2055	50206
Sālūmbar	24.1352	74.0444	16557
Salon	26.0286	81.4540	14312
Saligao	15.5536	73.7904	6280
Salem	11.6538	78.1554	917414
Salāya	22.3104	69.6038	33246
Islāmpur	28.1501	75.5399	10247
Saktī	22.0266	82.9609	21955
Sakrī	22.1054	82.0821	12861
Sakri	20.9910	74.3148	21764
Sākoli	21.0871	79.9915	14636
Sakleshpur	12.9412	75.7847	24931
Sakīt	27.4346	78.7790	7811
Sāja	21.6667	81.3167	5257
Sāitlaw	23.9719	92.5745	11043
Sairang	23.8103	92.6523	5950
Saint Thomas Mount	13.0033	80.1961	43795
Sainthia	23.9483	87.6804	43221
Selu	19.4551	76.4407	46915
Sailāna	23.4622	74.9232	11989
Saiha	22.4918	92.9814	25110
Saidpur	28.6109	77.9090	14496
Saidpur	25.5375	83.2238	22904
Sāhibganj	26.3083	84.9270	23224
Sāhibganj	25.2443	87.6348	95890
Sahāwar	27.7960	78.8337	22201
Sahaswān	28.0723	78.7508	60953
Sahaspur	29.1212	78.6227	24452
Saharsa	25.8750	86.5961	156540
Sahāranpur	29.9679	77.5452	484873
Sāha	30.3119	76.9771	8100
Sāgwāra	23.6795	74.0201	29439
Sagauli	26.7639	84.7434	38815
Saugor	23.8388	78.7387	274556
Sāgar	14.1650	75.0290	54550
Safīpur	26.7378	80.3435	24801
Safidon	29.4060	76.6704	34728
Safāpūr	34.2606	74.6642	10471
Sādri	25.1855	73.4529	27390
Sādhaura	30.3854	77.2220	14818
Sādāt	25.6712	83.3027	11211
Sadasivpet	17.6193	77.9526	47920
Sadalgi	16.5587	74.5321	23790
Sadābād	27.4382	78.0376	36093
Sachīn	21.0872	72.8815	28102
Sabroom	23.0015	91.7243	7142
Sabaur	25.2428	87.0447	12575
Sabāthu	30.9749	76.9914	6691
Sabalgarh	26.2492	77.4079	40333
Rusera	25.7536	86.0260	28781
Rura	26.4900	79.9011	15908
Ropar	30.9690	76.5269	56038
Rūn	26.8430	73.7931	9241
Rūdarpur	26.4447	83.6130	30873
Roorkee	29.8663	77.8912	103894
Ron	15.6994	75.7341	23311
Rohtak	28.8945	76.5892	374292
Rohru	31.2027	77.7548	8160
Roha	23.1965	69.2708	8664
Roha	18.4369	73.1196	90000
Robertsonpet	12.9563	78.2754	162230
Robertsganj	24.6886	83.0678	37855
Risod	19.9767	76.7880	34136
Rishra	22.7239	88.3456	117014
Rishīkesh	30.1078	78.2926	66390
Reengus	27.3636	75.5684	26139
Richha	28.6947	79.5228	19459
Riāsi	33.0812	74.8324	8101
Rhenok	27.1782	88.6467	5883
Rewāri	28.1990	76.6183	143021
Rewa	24.5326	81.2923	235654
Revelganj	25.7898	84.6360	39039
Revadanda	18.5536	72.9256	10416
Repalle	16.0184	80.8296	50866
Reoti	25.8509	84.3778	23819
Reodhar	24.6197	72.5262	8117
Renukūt	24.2164	83.0358	62413
Renigunta	13.6514	79.5126	26031
Rengāli	21.6460	84.0531	10867
Remuna	21.5280	86.8716	33378
Rehti	22.7378	77.4340	11611
Rehli	23.6372	79.0627	30329
Rāzole	16.4761	81.8391	14204
Rāzām	18.4491	83.6596	42197
Raybag	16.4918	74.7739	18736
Rāyagada	19.1713	83.4143	71208
Rāyadrug	14.6997	76.8524	61749
Rayachoti	14.0572	78.7506	91234
Rāya	27.5561	77.7897	20008
Rāy	23.6843	85.0546	6977
Raxaul	26.9798	84.8507	55536
Rāwatsār	29.2672	74.4029	35102
Rāwatbhāta	24.9298	75.5921	37699
Rāver	21.2476	76.0351	27039
Rourkela	22.2250	84.8641	273317
Rātu	23.4204	85.2146	22379
Ratnagiri	16.9915	73.3102	76229
Ratlām	23.3303	75.0403	264914
Ratia	29.6903	75.5769	37152
Rāth	25.5947	79.5666	61728
Ratanpur	22.2866	82.1682	24636
Ratangarh	28.0814	74.6185	71124
Ratangarh	24.8167	75.1167	7994
Rasūlābād	26.7449	80.4901	7800
Rasrā	25.8576	83.8549	31876
Rasipuram	11.4601	78.1864	50244
Rasapūdipalem	17.7331	83.3162	1728128
Rās	26.3058	74.1953	9511
Rāpar	23.5727	70.6472	28407
Rānpur	22.3516	71.7118	16944
Rānīr Bāzār	23.8346	91.3661	13104
Rānīpur	25.2503	79.0620	18820
Rānipet	12.9247	79.3333	264330
Rānikhet	29.6408	79.4323	19873
Rānīganj	23.6164	87.1306	131261
Ranebennur	14.6224	75.6295	106406
Rānia	29.5245	74.8369	25123
Rāni	25.3503	73.3089	13880
Rangpo	27.1773	88.5336	10450
Rangia	26.4493	91.6136	27889
Rangāpāra	26.8377	92.6688	18739
Rangapahār	25.8557	93.7052	6673
Ranchi	23.3432	85.3094	1120374
Rānāvāv	21.6873	69.7448	46018
Rānāpur	22.6470	74.5212	12371
Rānāghāt	23.1762	88.5667	70984
Rāmtek	21.3956	79.3273	23404
Rāmsīn	25.0051	72.5471	8376
Rampur Hat	24.1774	87.7827	53468
Rāmpura	30.2560	75.2412	45639
Rāmpura	26.3497	79.1823	11347
Rāmpura	24.4670	75.4400	18495
Rāmpur	31.4494	77.6309	6206
Rāmpur	29.8062	77.4525	26257
Rāmpur	28.8101	79.0270	296418
Rāmpur	24.5025	81.0552	13638
Rāmpur	24.3399	81.4753	11936
Rāmpur	21.0735	84.3410	15379
Rāmpur	20.1981	83.5205	7892
Rāmnagar	32.8073	75.3112	8166
Rāmnagar	29.3925	79.1283	51244
Rāmnagar	27.1637	84.3234	48411
Rāmnagar	27.0850	81.4057	13490
Rāmnagar	25.2691	83.0297	44277
Rāmkola	26.9017	83.8376	13949
Rāmjībanpur	22.8282	87.6089	18318
Rāmgundam	18.8008	79.4521	452261
Rāmgarh	32.5084	74.9645	5612
Rāmgarh	28.1710	74.9797	33024
Rāmgarh	27.2510	75.1789	29834
Rāmgarh	25.2889	83.6535	8690
Rāmgarh	23.6303	85.5216	88781
Rāmganj Mandi	24.6465	75.9433	41328
Rameswaram	9.2885	79.3127	44856
Rāmdurg	15.9458	75.2978	34800
Rām Dās	31.9674	74.9087	6398
Rambha	19.5167	85.1000	12111
Rāmban	33.2428	75.2351	7317
Rāmāpuram	15.2875	77.8672	5961
Rāmāpuram	13.1009	79.1841	31169
Rāmānuj Ganj	23.8064	83.6998	11893
Ramanathapuram	9.3716	78.8308	65314
Rāmanapeta	17.2894	79.0942	10202
Closepet	12.7218	77.2815	95167
Rāmamangalam	9.9333	76.5000	9999
Rāmachandrapuram	16.8364	82.0287	43657
Rakholi	20.2167	73.0333	8339
Rakhabh Dev	24.0756	73.6930	9171
Rājūra	19.7795	79.3646	29668
Rājur	20.1109	78.8931	11934
Rājula	21.0385	71.4434	38489
Rājsamand	25.0714	73.8798	67798
Rajpura	30.4786	76.5928	92301
Alirajpur	22.3039	74.3557	28498
Rajpur	21.9402	75.1361	20947
Rājpīpla	21.8667	73.5000	35392
Rāj-Nāndgaon	21.0969	81.0289	163114
Rājnagar	24.8893	79.9118	14253
Rājmahal	25.0530	87.8305	22514
Rājkot	22.2916	70.7932	1390640
Rājim	20.9635	81.8799	14090
Rājgurunagar	18.8667	73.9000	25146
Rājgīr	25.0283	85.4208	41587
Rājgarh	28.6420	75.3861	59193
Rājgarh	27.2373	76.6224	26953
Rājgarh	24.0083	76.7325	29726
Rājgarh	22.6782	74.9448	17113
Rajaori	33.3753	74.3092	29486
Rajauli	24.6449	85.5003	30170
Rājāsingamangalam	9.6357	78.8461	14565
Rāja Sānsi	31.7202	74.8008	14298
Rāja Ranapur	20.0617	85.3436	10001
Rājāpur	25.3890	81.1450	13962
Rājāpur	16.6568	73.5170	10718
Rajapalayam	9.4530	77.5533	130442
Rāzampeta	14.1954	79.1590	54050
Rājaldesar	28.0285	74.4744	27419
Rājākhera	26.8980	78.1710	33666
Rajamahendravaram	17.0052	81.7778	376333
Rājābhita	23.8667	86.3333	8820
Rāīwāla Bara	30.0186	78.2293	5198
Rāisinghnagar	29.5358	73.4492	29626
Raisen	23.3303	77.7811	44162
Rāipur Rāni	30.5856	77.0218	9028
Rāipur	30.3110	78.0898	27702
Raipur	26.0426	74.0237	17537
Raipur	21.2333	81.6333	1027264
Rāikot	30.6500	75.6000	28734
Raighar	19.8878	82.0718	5936
Raigarh	21.8976	83.3966	150019
Rāiganj	25.6128	88.1245	170252
Rāichūr	16.2055	77.3557	234073
Raia	15.3050	73.9710	10706
Rāhuri	19.3907	74.6498	38813
Rāhon	31.0527	76.1191	15676
Rahimatpur	17.5921	74.1997	17633
Rāhatgarh	23.7897	78.3947	31537
Rahata	19.7166	74.4811	22335
Rahā	26.2333	92.5167	11030
Raghunāthpur	25.6449	87.9176	6355
Raghunathpur	23.5388	86.6735	22802
Rāghogarh	24.4432	77.1977	63873
Rafiganj	24.8176	84.6345	35536
Raebareli	26.2309	81.2331	186433
Rādhanpur	23.8324	71.6047	39558
Rādhākund	27.5243	77.4910	6420
Rādhākishorepur	23.5368	91.4915	9052
Radaur	30.0271	77.1518	13690
Rabūpura	28.2515	77.6025	13949
Rabkavi	16.4757	75.1106	73835
Kollam	8.8811	76.5847	367107
Koyilandy	11.4381	75.6931	71873
Queula	15.3901	73.9856	6852
Quepem	15.2128	74.0772	14795
Qāzigund	33.6383	75.1426	9871
Kasba	25.8564	87.5384	30421
Qadian	31.8220	75.3766	23632
Puttūr	13.4419	79.5531	54092
Puttūr	12.7598	75.2017	53331
Pushkar	26.4902	74.5521	21626
Pusad	19.9127	77.5784	73046
Purwā	26.4576	80.7740	22220
Purushottampur	19.5202	84.8851	15366
Puruliya	23.3306	86.3630	122533
Purnia	25.7789	87.4742	282248
Pūrna	19.1817	77.0257	36433
Puri	19.7982	85.8249	200564
Pūranpur	28.5128	80.1483	39988
Purāini	25.1426	86.9797	30829
Pupri	26.4708	85.7031	15129
Punjai Puliyampatti	11.3516	77.1667	18967
Punganūru	13.3667	78.5719	54746
Pune	18.5196	73.8554	3124458
Pūndri	29.7610	76.5603	33484
Punāsa	22.2351	76.3933	350000
Punalūr	9.0196	76.9226	47263
Pūnāhāna	27.8637	77.2043	24734
Pulwama	33.8740	74.8996	20071
Pullambādi	10.9411	78.9104	10288
Puliyūr	10.6337	78.8414	11174
Puliyankudi	9.1749	77.3980	66034
Pulivendla	14.4214	78.2250	65706
Pulgaon	20.7220	78.3206	35238
Pukhrāyān	26.2237	79.8374	22555
Pugalūr	11.0740	78.0209	23408
Puduvāyal	13.3301	80.1458	9742
Pudūr	12.9980	79.1435	11432
Pudūr	9.2917	78.1385	8891
Puduppatti	11.1522	78.2121	7570
Pudunagaram	10.6802	76.6836	17892
Pudukkottai	10.3813	78.8214	117630
Proddatūr	14.7502	78.5481	177797
Priol	15.4167	73.9833	8164
Pratāpgarh	25.8951	81.9424	13672
Pratāpgarh	24.0322	74.7816	42079
Pottanūr	11.1098	77.9888	18455
Port Blair	11.6661	92.7464	112050
Porsa	26.6744	78.3708	39669
Porbandar	21.6422	69.6093	152760
Poonamalle	13.0489	80.1149	60607
Ponnūru	16.0655	80.5520	57170
Ponneri	13.3387	80.1949	31025
Ponnāni	10.7669	75.9252	105512
Ponnampet	12.1447	75.9451	6117
Ponnamarāvati	10.2803	78.5360	12676
Puducherry	11.9338	79.8298	657209
Ponda	15.4034	74.0152	22664
Polūr	12.5122	79.1240	28123
Pollachi	10.6583	77.0085	90180
Polavaram	17.2475	81.6437	43710
Polasara	19.6939	84.8140	23119
Polāia Kalān	23.2119	76.5529	12268
Pokaran	26.9201	71.9163	23554
Podili	15.6064	79.6149	31145
Pithorāgarh	29.5835	80.2095	47571
Pithora	21.2502	82.5171	8428
Pithāpuram	17.1168	82.2528	54859
Pirthīpur	25.2084	78.7516	26883
Piro	25.3322	84.4045	33785
Piriyāpatna	12.3350	76.1007	16685
Pirāwa	24.1551	76.0273	12807
Piravam	9.8667	76.5000	28254
Pirangut	18.5084	73.6892	14174
Pīpri	19.7937	75.5352	23047
Pipraich	26.8274	83.5263	15856
Pippara	16.7167	81.5500	8581
Piploda	23.6073	74.9420	8294
Piploda	23.3500	75.4333	7719
Pīpla	21.5907	78.7349	8595
Pipili	20.1136	85.8315	17623
Pipariā	22.7570	78.3550	48826
Pīpār	26.3844	73.5439	36810
Pipalrawān	23.1625	76.4704	9652
Pinjaur	30.7987	76.9182	35912
Pindwāra	24.7975	73.0550	24487
Pingawān	27.8959	77.1022	12612
Pināhat	26.8849	78.3765	19511
Pimpri	18.6229	73.8070	1284606
Pilkhua	28.7127	77.6560	74212
Pīlibhīt	28.6312	79.8044	131008
Pilibangan	29.4496	74.1009	37288
Pīleru	13.6558	78.9385	41489
Pilerne	15.5335	73.7953	5827
Pilāni	28.3672	75.6035	29741
Pihānī	27.6199	80.2034	30369
Pidugurālla	16.4793	79.8863	63103
Pichor	25.1756	78.1886	18127
Phūlpur	26.0778	82.8761	8893
Phulpur	25.5490	82.0895	22886
Phulera	26.8740	75.2417	26091
Phulbāni	20.4810	84.2306	37371
Phirangipuram	16.2908	80.2623	17335
Phillaur	31.0189	75.7911	24688
Phek	25.6667	94.5000	15118
Pharihā	27.3217	78.4727	6380
Phaphūnd	26.5989	79.4644	16675
Phaltan	17.9911	74.4318	53202
Phalodi	27.1310	72.3683	49914
Phalauda	29.1882	77.8300	18545
Phagwāra	31.2245	75.7739	100146
Petlāwad	23.0110	74.7977	15174
Petlād	22.4768	72.7999	55330
Pethāpur	23.2631	72.6739	23497
Perūr	10.9752	76.9129	8341
Perundurai	11.2756	77.5879	24930
Perumpāvūr	10.1154	76.4761	27105
Perumānallūr	11.2050	77.3589	7356
Pernem	15.7230	73.7951	5555
Periyapatti	10.7581	77.2709	10647
Periyanegamam	10.7432	77.1030	7913
Periyanayakkanpalaiyam	11.1525	76.9516	25930
Periyakulam	10.1227	77.5437	42976
Perya	11.8333	75.8541	12659
Perintalmanna	10.9772	76.2254	49723
Peravurani	10.2904	79.2016	22084
Peranāmpattu	12.9343	78.7189	51271
Peranamallūr	12.5705	79.4333	5801
Perambalur	11.2333	78.8833	49648
Peraiyur	9.7358	77.7896	10394
Penukonda	14.0829	77.5947	20220
Penugonda	16.6536	81.7455	23654
Pennāthur	12.2468	79.2259	13718
Pennāgaram	12.1343	77.8953	17480
Pennādam	11.4039	79.2416	19494
Pendra	22.7755	81.9597	14120
Pen	18.7373	73.0960	37852
Pehowa	29.9790	76.5825	39101
Peddāpuram	17.0770	82.1384	49477
Peddapalli	18.6136	79.3744	41171
Peddanāyakkanpālaiyam	11.6510	78.5087	17678
Pedana	16.2558	81.1438	30721
Payyanur	12.0935	75.2025	72111
Pawāyan	28.0663	80.1030	25708
Pawai	24.2663	80.1620	14465
Pāvugada	14.0995	77.2802	32063
Pauri	30.1529	78.7771	26514
Pawni	20.7923	79.6364	23450
Pātūr	20.4609	76.9373	21747
Pattukkottai	10.4236	79.3195	73135
Pattiyūrgrāmam	9.1774	76.5011	23460
Patti	31.2809	74.8585	40976
Patti	25.9215	82.2005	9685
Pattan	34.1613	74.5563	19538
Pattāmbi	10.8001	76.1841	28632
Patrātu	23.6651	85.3035	32899
Pātrasāer	23.1970	87.5332	11520
Pātrapur	19.1320	84.5704	6059
Patnāgarh	20.7083	83.1326	21024
Patna	25.5941	85.1356	1684297
Patiāli	27.6909	78.9982	13515
Patiāla	30.3362	76.3922	446246
Pāthri	19.2588	76.4341	37648
Patharia	23.8992	79.1939	21026
Patharia	22.0185	81.8351	6349
Pāthardih	23.6658	86.4317	45276
Pāthardi	19.1728	75.1743	27211
Pathānkot	32.2748	75.6529	174306
Pathanāmthitta	9.2667	76.7833	38285
Pathalgaon	22.5566	83.4635	16613
Pataudi	28.3255	76.7786	20418
Patancheru	17.5333	78.2645	46821
Pātan	23.8507	72.1296	133737
Pātan	23.2864	79.6896	14624
Pātan	21.0333	81.5333	10133
Pātan	17.3751	73.9014	13779
Patāmundai	20.5781	86.5606	36528
Pāsighāt	28.0663	95.3268	25581
Pasān	22.8441	82.1982	30928
Parvatsar	26.8860	74.7660	15405
Pārvatipuram	18.7839	83.4257	53844
Parūr	10.1477	76.2300	31503
Partūr	19.5993	76.2154	35883
Pārtibanūr	9.5855	78.4545	8232
Partāpur	23.5928	74.1740	10758
Partābpur	23.4851	83.2101	5635
Parshādepur	26.0735	81.4921	10690
Parola	20.8810	75.1194	37666
Parol	32.3460	75.4344	7800
Parnera	20.5610	72.9485	12296
Parli Vaijnāth	18.8506	76.5316	94863
Pariyāpuram	11.0167	75.8667	22766
Parīchhatgarh	28.9784	77.9342	18990
Pārīchha	25.5079	78.7595	7399
Pārdi	20.5087	72.9457	28495
Parbhani	19.2686	76.7708	307170
Paravūr Tekkumbhāgam	8.7947	76.6680	38946
Pārassāla	8.3387	77.1542	34096
Parāsia	22.1913	78.7590	42786
Parasgaon	19.8622	81.6404	6306
Paramati	11.1544	78.0213	11986
Paramagudi	9.5463	78.5907	95579
Paralakhemundi	18.7762	84.0950	87152
Parādīp Garh	20.3164	86.6085	85868
Pāppinisshēri	11.9566	75.3403	35134
Papparapatti	12.2209	78.0592	12174
Pāpireddippatti	11.9177	78.3687	9369
Pāparhāhāndi	19.3333	82.5167	9390
Papanasam	10.9269	79.2706	17548
Pāonta Sāhib	30.4367	77.6246	25183
Panvel	18.9888	73.1101	195373
Panth Pīplia	24.1951	75.0060	15070
Pānsemāl	21.6598	74.6994	12166
Panruti	11.7766	79.5527	60323
Panna	24.7209	80.1877	59091
Ponmana	9.0080	76.5202	29139
Panipat	29.3875	76.9682	295970
Pānihāti	22.6909	88.3740	378705
Pandua	23.0749	88.2864	28205
Pāndhurnā	21.5956	78.5263	45479
Pandharpur	17.6792	75.3310	98923
Pāndharkawada	20.0211	78.5463	31094
Pandhāna	21.6982	76.2249	13694
French Rocks	12.5009	76.6742	20399
Pāndātarai	22.1871	81.3281	11000
Pandaria	22.2249	81.4099	16165
Pānchgani	17.9245	73.8008	14894
Panapākkam	12.9210	79.5663	11536
Panamaram	11.7401	76.0737	11651
Panjim	15.4957	73.8262	70991
Pānakkudi	8.3220	77.5771	29895
Panāgar	23.2854	79.9951	27932
Pāmūru	15.0963	79.4117	20000
Pāmpur	34.0151	74.9189	21680
Pāmban	9.2790	79.2109	30926
Palwal	28.1447	77.3255	131926
Pālūru	19.4667	85.1333	5019
Palsud	21.8262	74.9691	10113
Pāloncha	17.6018	80.7051	75224
Palani	10.4503	77.5209	70467
Palmaner	13.2000	78.7472	54035
Pallippatti	11.9399	78.4016	26492
Pallipattu	13.3386	79.4449	8912
Pallikonda	12.9052	78.9427	23067
Palle	15.4667	74.0833	6043
Pallāvaram	12.9680	80.1502	233984
Pallattūr	10.1461	78.8031	9580
Pallappatti	10.7206	77.8795	30624
Pāl Laharā	21.4335	85.1918	5749
Palladam	10.9917	77.2863	42225
Pālkonda	18.6037	83.7557	29378
Pāliyād	22.2576	71.5602	10862
Pālitāna	21.5252	71.8231	64497
Paliā Kalān	28.4321	80.5814	38547
Pāli	25.7728	73.3234	230075
Pāli	24.4919	78.4162	9098
Pāli	23.3645	81.0437	22324
Pāli	22.3775	82.3259	5514
Pāli	18.5380	73.2222	9176
Palakkad	10.7732	76.6537	132728
Pālghar	19.6969	72.7654	72335
Palera	25.0201	79.2282	17493
Palāsa	18.7726	84.4101	65833
Palāri	21.5363	82.1586	8567
Pālanpur	24.1713	72.4383	141592
Pālamedu	10.1050	78.1134	10493
Palakollu	16.5167	81.7300	81199
Pālakkodu	12.3070	78.0702	20959
Pāl	21.3618	75.9013	7041
Pākhar	27.1174	76.9109	11960
Pakur	24.6393	87.8424	45840
Pākāla	13.4490	79.1149	24680
Paithan	19.4751	75.3856	41536
Pail	30.7213	76.0605	7923
Pahāsu	28.1722	78.0638	18854
Pahalgam	34.0159	75.3190	9264
Padrauna	26.9040	83.9809	47181
Padra	22.2398	73.0845	46660
Padmapur	21.0000	83.0667	17625
Padmanābhapuram	8.2446	77.3258	21342
Pādiyanallūr	13.2004	80.1761	23819
Padghe	19.3669	73.1758	6633
Paddhari	22.4365	70.6016	10547
Padampur	29.7089	73.6254	18454
Padampur	20.9993	83.0632	16387
Padam	33.4666	76.8849	25000
Pachperwa	27.5123	82.6430	15056
Pāchora	20.6673	75.3530	59609
Pachor	23.7098	76.7339	27396
Pachmarhi	22.4679	78.4331	12062
Ovari Paravarnattam	8.2774	77.8915	5694
Ottapalam	10.7735	76.3776	53792
Dharashiv	18.1816	76.0389	112085
Orchha	25.3519	78.6403	11511
Orathanadu	10.6232	79.2549	10247
Oran	25.3688	80.7423	6495
Orai	25.9902	79.4533	158265
Ongole	15.5036	80.0445	208344
Omalur	11.7410	78.0456	16279
Olpād	21.3365	72.7516	14091
Okha	22.4676	69.0700	62052
Ozar	20.0947	73.9282	51297
Odugattūr	12.7679	78.8830	8998
Odlābāri	26.8364	88.6294	12311
Od	22.6210	73.1172	23250
Obra	24.8910	84.3742	14786
Obra	24.4186	82.9880	56110
Nyāmti	14.1487	75.5764	10338
Nūzvīd	16.7885	80.8459	58590
Nuvem	15.3174	73.9387	9288
Nūrpur Kalān	31.1667	76.4833	9437
Nūrpur	32.3015	75.8848	9807
Nūrpur	29.1496	78.4084	39077
Nūrmahal	31.0966	75.5939	14560
Numāligarh	26.6225	93.7223	7386
Nūh	28.1030	77.0014	16260
Nūāhatā	20.8359	85.2341	5920
Nūa	28.0439	75.2719	6049
Nowrangapur	19.2311	82.5483	1220946
Nagaon	26.3500	92.6667	121628
Nowgong	25.0614	79.4412	40580
North Lakhimpur	27.2352	94.1036	59841
North Guwāhāti	26.1975	91.7202	17516
Nongstoin	25.5170	91.2648	28742
Nongpoh	25.9023	91.8769	17055
Nokha	27.5616	73.4714	62699
Nohar	29.1829	74.7706	49835
Nohan	31.0343	76.5710	9439
Noāmundi	22.1609	85.5042	17954
Nizāmpur	21.1128	74.3307	7696
Nizāmābād	26.0529	83.0579	13895
Nizāmābād	18.6715	78.0988	311152
Niwas	23.0457	80.4447	8248
Niwāri	28.8761	77.5382	10330
Nīsang	29.6923	76.7546	17438
Nirsā	23.7844	86.7069	14794
Nirmāli	26.3140	86.5854	20189
Nirmal	19.0968	78.3441	88433
Nipāni	16.3990	74.3829	62865
Neemrana	27.9919	76.3854	7143
Neem ka Thana	27.7398	75.7865	36231
Nīmbāhera	24.6217	74.6800	61949
Nimāparha	20.0576	86.0044	19289
Nīmāj	26.1500	74.0009	20424
Nīlokheri	29.8367	76.9319	17938
Nīlēshwar	12.2595	75.1352	25405
Nilanga	18.1167	76.7528	36172
Nilambūr	11.2727	76.2257	46366
Nilakottai	10.1650	77.8502	22197
Nilagiri	21.4624	86.7679	17264
Nihtaur	29.3242	78.3872	48389
Needamangalam	10.7738	79.4188	9336
Nidadavole	16.9057	81.6722	44173
Nichlaul	27.3125	83.7253	17567
Ngūr	23.5380	93.3732	32734
Neyyūr	8.1983	77.3038	12917
Neyyāttinkara	8.3985	77.0859	88104
Neyveli	11.6088	79.4994	179150
Neykuppai	10.2214	78.5360	7165
New Delhi	28.6214	77.2148	317797
Nerul	15.5103	73.7809	5042
Nerinjippettai	11.6543	77.7586	6791
Neral	19.0248	73.3169	18429
Ner	20.4897	77.8663	29302
Nepānagar	21.4538	76.3933	32611
Nellore	14.4499	79.9870	547621
Nellimarla	18.1562	83.4473	20498
Nellikkuppam	11.7755	79.6702	46678
Nelamangala	13.0998	77.3936	37232
Nedumangād	8.6027	77.0014	60161
Nāzirā	26.9165	94.7361	14302
Nazareth	8.5610	77.9721	16584
Nāyudupet	13.9074	79.8946	45769
Nayāgarh	20.1288	85.0963	17030
Nawanshahr	31.1245	76.1161	46024
Nawāpāra	20.9717	81.8588	29315
Nawānshahr	32.7651	74.5277	14884
Nawalgarh	27.8516	75.2738	63948
Niwai	26.3607	75.9184	37765
Nawāda	24.8867	85.5436	98029
Nawābganj	26.4972	80.3093	10758
Nawābganj	28.5410	79.6346	34134
Nawābganj	26.9313	81.1984	79246
Nawābganj	26.8640	82.1410	17015
Nāwa	27.0195	75.0023	22088
Navsari	20.9424	72.9247	171109
Navelim	15.5333	73.9833	12469
Navelim	15.2589	73.9664	12323
Navāpur	21.1616	73.7940	34207
Navalgund	15.5588	75.3530	24613
Navadwīp	23.4067	88.3686	111123
Nautanwa	27.4275	83.4179	32587
Nāushahra	33.1571	74.2401	10408
Naugachhia	25.3881	87.0991	49069
Naubatpur	25.4986	84.9608	25011
Nāttarasankottai	9.8690	78.5530	5920
Natham	10.2278	78.2297	23660
Nāthdwāra	24.9381	73.8239	42016
Nāteputa	17.8989	74.7522	17930
Nasrullāhganj	22.6837	77.2707	23788
Nāsriganj	25.0514	84.3284	23819
Nāspur	18.8458	79.4617	31244
Nasīrābād	26.3047	74.7336	51747
Nashik	19.9973	73.7910	1486053
Narwar	25.6439	77.9129	19385
Narwāna	29.5990	76.1193	62090
Narsīpatnam	17.6671	82.6124	33757
Nārsingi	18.0447	78.4252	6445
Narsinghgarh	23.7076	77.0932	32329
Narsimhapur	22.9494	79.1836	59966
Narsampet	17.9279	79.8923	30963
Narot Mehra	32.2673	75.5647	8885
Naroli	20.2735	72.9417	16260
Naroda	23.0704	72.6570	5366
Nārnaund	29.2205	76.1428	17242
Narnaul	28.0444	76.1083	74581
Narkher	21.4723	78.5341	21127
Narkatiāganj	27.1038	84.4618	49507
Nari	21.7726	72.0728	9467
Narharpur	20.4489	81.6200	6500
Nargund	15.7230	75.3867	36291
Narela	28.8527	77.0929	800000
Naregal	15.5732	75.8080	17403
Nārāyanpet	16.7480	77.4954	41752
Nārāyankher	18.0341	77.7728	15610
Naraingarh	30.4780	77.1280	22832
Nārāyangarh	24.2708	75.0501	10233
Nārāyanavanam	13.4256	79.5888	11432
Nāravārikuppam	13.1913	80.1847	20946
Naraura	28.2015	78.3872	22432
Narauli	28.4855	78.7148	17945
Narasingāpuram	13.6076	79.3165	10875
Narasimharājapura	13.6107	75.5120	7775
Narasaraopet	16.2349	80.0493	117489
Narasapur	16.4342	81.6984	59306
Narasannapeta	18.4143	84.0446	26280
Narakal	10.0383	76.2221	23760
Nārāinpur	19.7179	81.2444	22106
Naraini	25.1903	80.4750	15077
Naraina	26.7907	75.2061	17048
Napāsar	27.9606	73.5591	21750
Nānpur	22.2702	74.5271	5632
Nānpāra	27.8646	81.5004	46280
Nannilam	10.8793	79.6106	12618
Nanjangūd	12.1176	76.6840	50598
Nanguneri	8.4933	77.6581	6969
Nāngloi Jāt	28.6796	77.0680	205596
Nangavalli	11.7619	77.8909	10809
Nangal	31.3897	76.3757	48497
Nandyāl	15.4780	78.4836	211424
Nandurbar	21.3667	74.2405	111037
Nāndūra	20.8342	76.4592	44419
Nandikotkūr	15.8567	78.2657	45343
Nandigāma	16.7717	80.2860	38219
Nandgaon	27.7110	77.3865	10449
Nāndgaon	20.3068	74.6550	24209
Nandgad	15.5775	74.5690	8837
Nanded	19.1602	77.3150	550564
Nanauta	29.7122	77.4173	18738
Nāmrup	27.1940	95.3193	18432
Namli	23.4611	75.0604	9774
Namchi	27.1649	88.3638	12190
Nambutalai	9.7277	79.0071	7914
Nambiyūr	11.3581	77.3212	16379
Nāmakkal	11.2213	78.1652	55997
Nāmagiripettai	11.4551	78.2682	22098
Nal Khera	23.8360	76.2432	16690
Naliya	23.2606	68.8265	10587
Nalhāti	24.2970	87.8290	25878
Nalgonda	17.0544	79.2671	154326
Naldurg	17.8167	76.2818	18341
Nalbāri	26.4394	91.4404	27839
Nālāgarh	31.0417	76.7228	10708
Nakūr	29.9196	77.3044	23084
Naksalbāri	26.6827	88.2200	57283
Nakrekal	17.1626	79.4275	29126
Nakodar	31.1259	75.4751	36973
Najībābād	29.6119	78.3427	84006
Najafgarh	28.6092	76.9798	1365000
Nainwa	25.7715	75.8498	19485
Nainpur	22.4300	80.1056	24914
Naini Tāl	29.3974	79.4469	42309
Naihāti	22.8940	88.4152	253221
Naīgarhi	24.7869	81.7787	10404
Nahorkatiya	27.2860	95.3280	18937
Nāhan	30.5603	77.2943	28899
Nagrota	32.8011	74.9132	13836
Nagrota	32.0571	76.0914	6125
Nagri	20.3465	81.9600	13308
Nagrām	26.6187	81.1404	9858
Nagpur	21.1463	79.0849	2405665
Nāgothana	18.5422	73.1349	12549
Nāgod	24.5692	80.5881	22568
Nāgireddipalli	14.2700	79.1013	12318
Naginimora	26.8149	94.8108	8116
Nagīna	29.4443	78.4365	76593
Nagīna	27.9172	76.9821	11417
Nāgercoil	8.1790	77.4323	224849
Nagda	23.4583	75.4176	103501
Nāgaur	27.2020	73.7339	105218
Nāgar Karnūl	16.4821	78.3247	29439
Nagari	13.3214	79.5856	62253
Nagar	27.4240	77.0992	25572
Nagapattinam	10.7638	79.8431	102905
Nāgamangala	12.8194	76.7546	17776
Nagalapuram	13.3884	79.7962	34026
Naduvattam	11.4808	76.5436	11674
Naduvannūr	11.4877	75.7751	25979
Nadīgaon	26.1078	79.0228	7597
Nadiād	22.6939	72.8616	225071
Nādbai	27.2229	77.1957	26411
Nādāpuram	11.6846	75.6549	40230
Nabīnagar	24.6068	84.1262	23984
Nābha	30.3758	76.1529	67972
Mysuru	12.2979	76.6393	920550
Muzaffarpur	26.1226	85.3906	354462
Muzaffarnagar	29.4709	77.7033	349706
Mūvattupula	9.9849	76.5773	29664
Muttūr	11.0464	77.7363	13212
Muthupet	10.3950	79.4935	21722
Mustafābād	30.2022	77.1487	9042
Mussoorie	30.4550	78.0707	25753
Musiri	10.9530	78.4443	30209
Mushābani	22.5114	86.4571	32761
Musāfir-Khāna	26.3784	81.7961	8081
Murwāra	23.8378	80.3940	221883
Murud	18.3282	72.9621	12665
Murtajāpur	20.7330	77.3669	40295
Murshidābād	24.1839	88.2717	39557
Mursān	27.5779	77.9409	12310
Murlīganj	25.8969	86.9958	28691
Morinda	30.7901	76.4988	24022
Muri	23.3707	85.8624	12744
Murgūd	16.3960	74.1914	11194
Murbād	19.2539	73.3899	18725
Muragācha	23.5363	88.3942	10324
Murādnagar	28.7807	77.4986	89482
Munnar	10.0882	77.0624	68000
Munirābād	15.3093	76.3383	8672
Munger	25.3746	86.4745	213303
Mungeli	22.0657	81.6854	36450
Mungaoli	24.4084	78.0959	26192
Mūndwa	27.0631	73.8230	17465
Mundra	22.8392	69.7219	20338
Mundi	22.0669	76.4933	12889
Mundgod	14.9714	75.0366	18866
Mundargi	15.2068	75.8839	24919
Multai	21.7746	78.2576	29976
Mūlki	13.0910	74.7935	17274
Mulgund	15.2807	75.5213	18928
Mulbāgal	13.1635	78.3935	57276
Muluppilagadu	11.7979	75.4511	23709
Mūlanūr	10.7943	77.7115	15223
Mūlaikkaraippatti	8.5454	77.7679	11112
Mūl	20.0699	79.6783	25449
Muktsar	30.4743	74.5166	116747
Mukher	18.7064	77.3679	28647
Mukeriān	31.9539	75.6172	29841
Muhammadābād	27.3089	79.4325	22151
Muhammadābād	26.0340	83.3811	24146
Muhammadābād	25.6191	83.7558	33186
Pandit Deen Dayal Upadhyaya Nagar	25.2831	83.1197	109650
Mudukulathur	9.3417	78.5139	14789
Mudki	30.7800	74.8811	10415
Mudkhed	19.1566	77.5030	23517
Mudgere	13.1335	75.6416	9677
Mudhol	16.3335	75.2831	52199
Mudgal	16.0119	76.4420	22731
Muddebihāl	16.3378	76.1317	34217
Muddanūru	14.6872	78.3931	9775
Mūdbidri	13.0665	74.9952	30632
Mubārikpur	30.6146	76.8559	5217
Mubarakpur	26.0887	83.2909	53263
Mowād	21.4647	78.4510	9045
Mothīhāri	26.6486	84.9166	126158
Moth	25.7260	78.9503	14077
Morwa	22.9047	73.8391	20168
Morsi	21.3403	78.0126	37333
Morjim	15.6310	73.7390	6760
Morena	26.4989	77.9953	200482
Morvi	22.8173	70.8377	210451
Morār	26.2264	78.2248	48464
Morānha	27.1873	94.9156	7136
Moram	17.7881	76.4708	18371
Morak	24.7266	75.9558	9204
Morādābād	28.8389	78.7768	721139
Mon	26.7358	95.0584	26328
Mokokchūng	26.3248	94.5183	35913
Mokameh	25.3966	85.9219	60678
Moirāng	24.4975	93.7779	19893
Mohpa	21.3101	78.8297	7140
Mohiuddinnagar	25.5737	85.6694	14938
Mohgaon	21.6394	78.7364	10446
Mohanūr	11.0594	78.1397	14315
Mohanpur	28.2526	80.2450	5596
Mohana	19.4427	84.2613	5197
Mohān	26.7801	80.6750	14709
Moga	30.8138	75.1688	163397
Modāsa	23.4625	73.2986	67648
Meethari Marwar	27.5761	74.6866	14760
Misrikh	27.4314	80.5316	15007
Mirzāpur	25.1449	82.5653	220029
Mirik	26.8882	88.1901	10109
Miryalaguda	16.8722	79.5625	104918
Mīrganj	28.5401	79.2082	15335
Mīrānpur Katra	28.0296	79.6678	29626
Mīrānpur	29.2903	77.9494	27390
Mīnjūr	13.2795	80.2582	28337
Milak	28.6103	79.1700	28505
Mihona	26.2837	78.9805	16935
Miāo	27.4933	96.1812	5841
Mhow	22.5589	75.7654	81702
Mhaswad	17.6336	74.7877	24120
Mhasla	18.1334	73.1116	9679
Mettur	11.7880	77.8008	56743
Mettupalayam	11.2997	76.9348	69213
Mettuppālaiyam	11.1681	78.4494	9587
Merta	26.6486	74.0341	46070
Mennānyam	11.5579	75.7596	15768
Mendarda	21.3211	70.4408	17166
Memāri	23.1765	88.0975	44448
Melur	10.0324	78.3393	40017
Mehsi	26.3557	85.0925	25995
Mehndāwal	26.9758	83.1099	25495
Mehnagar	25.8789	83.1161	14897
Mehkar	20.1505	76.5684	45248
Meghraj	23.4980	73.5135	11363
Meerut	28.9800	77.7064	1223184
Medinīpur	22.4211	87.3226	153349
Medchal	17.6297	78.4814	35611
Medak	18.0453	78.2608	46880
Mayiladuthurai	11.1035	79.6550	86660
Māyāpur	22.4167	88.1167	10871
Mayāng Imphāl	24.6100	93.8887	24239
Māyakonda	14.2889	76.0831	6445
Māyābandar	12.9095	92.9035	23912
Mawāna	29.1029	77.9220	76973
Mavoor	11.2667	75.9167	29781
Maoli	24.7835	73.9839	9199
Māvelikara	9.2593	76.5564	28300
Maurānwān	26.4288	80.8801	14916
Maur	30.0833	75.2500	31849
Mauda	21.1457	79.3979	14606
Mauganj	24.6672	81.8734	26420
Maudaha	25.6831	80.1142	37844
Mau Aimma	25.6952	81.9234	20123
Mau	26.2658	78.6711	20147
Mau	25.9417	83.5611	246050
Māttūr	11.3215	79.2024	5605
Mattigiri	12.6980	77.8083	23129
Mattanur	11.9302	75.5715	47078
Mathura	27.5035	77.6722	330511
Mātherān	18.9828	73.2652	5287
Mataundh	25.4359	80.1565	8591
Mātābhānga	26.3420	89.2155	22642
Masinigudi	11.5683	76.6409	9642
Mashāt	20.2451	73.0084	12139
Masaurhi Buzurg	25.3542	85.0319	59803
Marwad	20.4376	72.8322	7443
Māro	21.8666	81.8589	6596
Mormugao	15.3891	73.8149	102345
Mārkāpur	15.7353	79.2685	71092
Mariāni	26.6573	94.3153	23640
Mariāhu	25.6040	82.6038	22248
Marhaura	25.9735	84.8680	29932
Margherita	27.2848	95.6680	26914
Mārāndahalli	12.3883	78.0032	12451
Marakkanam	12.1921	79.9419	22034
Marayur	10.2764	77.1620	25000
Mārahra	27.7368	78.5689	18873
Mapusa	15.5915	73.8090	40122
Manwath	19.3013	76.4973	32488
Mānvi	15.9913	77.0503	46465
Manthani	18.6509	79.6650	15661
Mansar	21.3960	79.2635	6901
Mānsa	29.9884	75.4017	82956
Mānsa	23.4256	72.6574	30347
Mānpur	22.4315	75.6211	7621
Manor	19.7244	72.9097	10421
Manohar Thāna	24.2400	76.8018	11292
Manoharpur	27.2977	75.9495	28928
Manoharpur	23.7215	91.2126	14105
Manoharpur	22.3746	85.1923	13189
Mannargudi	10.6663	79.4506	66999
Mannārakkāt	10.9922	76.4642	50921
Manmād	20.2533	74.4376	80058
Mānkuwa	23.2099	69.5676	11975
Mankāpur	27.0519	82.2296	9746
Mankāchar	25.5335	89.8637	31091
Majalgaon	19.1551	76.2099	49453
Manjhanpur	25.5305	81.3757	16939
Manjēshvar	12.7129	74.8886	8927
Manjeri	11.1202	76.1200	97102
Manipal	13.3500	74.7833	34370
Mani Mājra	30.7140	76.8382	15489
Mānikpur	25.0608	81.0996	14415
Manihāri	25.3389	87.6200	26629
Maniar	25.9855	84.1723	20462
Māngvādi	18.4313	73.8600	7685
Mangrūl Pīr	20.3138	77.3418	30983
Māngrol	25.3306	76.5097	25073
Māngrol	21.1227	70.1148	69779
Mānglya	22.8146	75.9258	10393
Manglaur	29.7909	77.8784	46395
Mangawān	24.6675	81.5464	13700
Mangalvedha	17.5105	75.4471	21824
Mangaluru	12.9172	74.8560	499487
Mangaldai	26.4421	92.0305	25989
Mangalapādi	12.6687	74.9104	12790
Mangalam	11.6368	79.2806	9278
Mangalam	9.7647	78.6404	11379
Mangalagiri	16.4308	80.5682	107197
Maner	25.6460	84.8729	40068
Mandya	12.5223	76.8975	137358
Māndavla	25.4262	72.5190	6683
Māndvi	22.8328	69.3524	51376
Māndvi	21.2553	73.3041	18669
Māndu	23.7946	85.4687	10223
Māndu	22.3412	75.4013	10657
Mandsaur	24.0718	75.0699	141667
Mandrem	15.6534	73.7227	8336
Māndleshwar	22.1760	75.6599	12343
Mandlā	22.5988	80.3712	55133
Mandi Dabwāli	29.9663	74.7002	52873
Mandi	31.7119	76.9327	28217
Mandāwar	29.4866	78.1273	21339
Mandāwar	27.8637	76.5500	10979
Mandāwa	28.0554	75.1483	23335
Mandasa	18.8683	84.4630	9287
Mandapeta	16.8625	81.9292	56063
Mandapam	9.2757	79.1236	18427
Māndalgarh	25.1941	75.0721	21569
Māndal	25.4413	74.5698	23478
Māndal	23.2887	71.9185	13345
Mānda	19.5684	72.7972	7605
Mancherial	18.8707	79.4286	89935
Manchar	19.0044	73.9435	18876
Manāwar	22.2357	75.0892	30393
Manavālakurichi	8.1478	77.3055	10969
Mānāvadar	21.4981	70.1377	30850
Manāsa	24.4776	75.1410	26551
Manapparai	10.6077	78.4258	40510
Manamadurai	9.6732	78.4710	32257
Manalūrpettai	12.0079	79.0918	8523
Manāli	32.2574	77.1748	8096
Manali	13.1667	80.2667	35248
Manethi	28.1582	76.3890	5070
Mamit	23.9270	92.4897	7884
Mahabalipuram	12.6209	80.1933	15172
Mālvan	16.0598	73.4629	18858
Mālūr	13.0032	77.9380	40050
Malsīsar	28.3536	75.2975	13719
Mālpura	26.2838	75.3646	36028
Mālpur	23.3604	73.4660	6971
Malpe	13.3496	74.7039	23496
Māllūr	11.5442	78.1408	10524
Mallasamudram	11.4933	78.0312	18820
Mallāpuram	11.9823	78.2480	12705
Malkera	23.7821	86.2877	12591
Malkāpur	20.8855	76.1993	67740
Malkāpur	16.9200	73.9347	13343
Malakanagiri	18.3643	81.8880	31007
Māliya	23.0930	70.7588	15964
Malīhābād	26.9222	80.7108	16649
Malhārgarh	24.2829	74.9902	8332
Malhār	21.8927	82.2832	8505
Māler Kotla	30.5309	75.8795	135424
Malegaon	20.5497	74.5346	481228
Malavalli	12.3856	77.0605	38129
Malout	30.2112	74.4818	81406
Malaudh	30.6333	75.9356	7567
Malappuram	11.0420	76.0815	101386
Mukandgarh	27.9521	75.2243	18469
Mākum	27.4865	95.4365	16923
Maksi	23.2600	76.1457	20094
Makron	23.5067	76.0748	11678
Makrāna	27.0436	74.7245	94487
Makhu	31.1033	74.9963	14658
Mākhjan	17.2698	73.5003	10000
Majītha	31.7571	74.9589	14503
Majholi	23.5011	79.9240	13210
Majhiāon Kalān	24.3243	83.8161	18349
Majhgawān	24.9213	80.8075	8290
Mairwa	26.2322	84.1635	23565
Mairang	25.5617	91.6360	14363
Mainpuri	27.2286	79.0288	94619
Maindargi	17.4574	76.2932	12363
Maināguri	26.5626	88.8204	29459
Mailāni	28.2909	80.3438	14212
Maihar	24.2659	80.7606	40192
Maibong	25.3012	93.1381	8364
Mahwa	27.0459	76.9315	24846
Mahuva	21.0901	71.7690	98519
Mahur	25.1831	93.1134	7176
Mahudha	22.8208	72.9403	17722
Mahroni	24.5862	78.7277	8898
Maholi	27.6637	80.4737	19343
Mahobā	25.2905	79.8753	89170
Mahmudābād	27.2919	81.1178	45921
Mahīshādal	22.1862	87.9807	17988
Mahgawān	26.4947	78.6159	21335
Maheshwar	22.1759	75.5871	24411
Mahesāna	23.5986	72.3847	190753
Mahendragarh	28.2693	76.1525	29128
Mahemdāvād	22.8236	72.7555	35368
Mahē	11.7017	75.5347	41816
Mahbūbnagar	16.7438	77.9860	190400
Mahbūbābād	17.5973	80.0021	42851
Mahāsamund	21.1074	82.0948	54413
Mahārāganj	27.1446	83.5621	30548
Mahārājganj	26.3813	81.2744	6442
Bishunpur Urf Mahārājganj	26.2591	83.1164	7499
Mahārājgani	26.1102	84.5036	24282
Maham	28.9691	76.2950	20484
Mahalpur	31.3619	76.0377	11360
Mahālingpur	16.3888	75.1087	36055
Mahāgama	25.0343	87.3187	10969
Mahād	18.0833	73.4167	27536
Mahāban	27.4326	77.7434	9514
Mahābaleshwar	17.5600	73.4000	13598
Maghar	26.7559	83.1277	17011
Magarlor	20.7494	81.8515	6280
Māgām	34.0926	74.5902	5470
Māgadi	12.9571	77.2237	27605
Madurāntakam	12.5117	79.8849	30796
Madurai	9.9190	78.1195	1465625
Madukkūr	10.4810	79.3994	16266
Madukkarai	10.9057	76.9634	30357
Mādugula	17.9159	82.8158	14741
Chennai	13.0878	80.2785	4681087
Madkai	15.4142	73.9398	6215
Madikeri	12.4260	75.7382	33540
Madhyamgram	22.6894	88.4459	161126
Madhupur	24.2742	86.6393	55238
Madhugiri	13.6603	77.2124	29159
Madhubani	26.3537	86.0717	75736
Madhuban	26.4386	85.1357	17510
Mādhogarh	26.2752	79.1859	10530
Madhogarh	24.5640	80.9113	5249
Mādhoganj	27.1181	80.1406	10299
Madhepura	25.9213	86.7927	54472
Madgaon	15.2750	73.9579	87650
Maddūr	12.5828	77.0429	28754
Madattukkulam	10.5587	77.3660	20620
Madanpur	23.0059	88.4917	12959
Madanapalle	13.5503	78.5029	180180
Machilīpatnam	16.1875	81.1389	192827
Machhlīshahr	25.6856	82.4111	25247
Māchhīwāra	30.9156	76.2002	24916
Mācherla	16.4764	79.4353	57290
Māchalpur	24.1277	76.3167	9476
Lunglei	22.8925	92.7422	57011
Lūnāvāda	23.1284	73.6104	36954
Loisinga	20.8667	83.5167	6220
Ludhiana	30.9120	75.8538	1618879
Lucknow	26.8393	80.9231	2472011
Luckeesarai	25.1765	86.0947	99979
Losal	27.4000	74.9167	28504
Lormi	22.2743	81.7018	15156
Loni	28.7514	77.2902	516082
Londa	15.4691	74.5191	6131
Lonavla	18.7527	73.4057	58562
Lonar	19.9853	76.5205	23416
Lonand	18.0404	74.1872	18723
Lohogaon	18.5992	73.9270	13529
Lohāru	28.4299	75.8078	13937
Lohārdagā	23.4331	84.6799	57411
Lohāra	21.8500	81.1333	7017
Lohāra	20.3898	78.0903	22664
Lohaghāt	29.4036	80.0897	6758
Lodhīkheda	21.5824	78.8591	9994
Lingsugūr	16.1588	76.5217	35411
Limbdi	22.5651	71.8108	42769
Lilia	21.5368	71.3636	10359
Leteri	24.0598	77.4086	15519
Lelanga	22.3920	83.5808	8208
Leh	34.1650	77.5840	37475
Lawngtlai	22.5325	92.8990	20830
Loha	18.9448	77.1155	24125
Lāwar Khās	29.1109	77.7777	19556
Lawan	21.6414	82.3412	8984
Lauri	25.1396	80.0011	22002
Laungowāl	30.1939	75.6809	21880
Latur	18.3972	76.5678	382940
Lāthi	21.7231	71.3884	22745
Lātehār	23.7442	84.4998	26981
Lāsalgaon	20.1427	74.2395	17360
Lar	26.2039	83.9691	26688
Lansdowne	29.8418	78.6801	8198
Lānjī	21.5018	80.5406	13558
Lānja	16.8609	73.5499	14377
Lālsot	26.5595	76.3291	34363
Lālpur	22.1907	69.9635	15076
Lalitpur	24.6901	78.4192	126475
Lalgudi	10.8742	78.8194	23740
Lālgola	24.4224	88.2524	28442
Lālganj	25.9318	81.7048	23728
Lālganj	25.8689	85.1739	37098
Lālam	9.7167	76.7000	8571
Lāla	24.5542	92.6159	11771
Lakshmeshwar	15.1269	75.4694	36754
Lakshettipet	18.8667	79.2167	11322
Laksar	29.7587	78.0415	19270
Lakhyabad	23.6667	86.6667	33162
Lakhtar	22.8568	71.7884	14534
Lakhnādon	22.6005	79.6009	17302
Lakhnā	26.6482	79.1477	11389
Lakhipur	26.0300	90.3061	15633
Lakhipur	24.7928	93.0091	12871
Lakhīmpur	27.9482	80.7793	140223
Lākheri	25.6724	76.1769	29572
Lakhanpur	22.9879	83.0356	6270
Lakema	25.5674	93.7606	5084
Lāharpur	27.7083	80.9026	55911
Lahār	26.1940	78.9414	35674
Lādwa	29.9935	77.0456	28887
Lādnūn	27.6531	74.3999	65575
Ladhaura	25.0729	78.8675	12974
Laxmangarh	27.8229	75.0275	53392
Kyelang	32.5717	77.0245	14182
Kuzhithurai	8.3179	77.1919	21307
Kuttuparamba	11.8277	75.5659	29619
Kuttippuram	10.8425	76.0308	25750
Kūttankuli	8.2174	77.7811	5118
Koothanallur	10.7199	79.5157	25423
Kuttampuzha	10.1503	76.7354	25436
Kuthalam	11.0743	79.5622	16125
Kutiyāna	21.6241	69.9849	16877
Kutiatodu	9.8000	76.3333	23669
Kusmi	23.2839	83.9083	7448
Kushtagi	15.7562	76.1911	24878
Kushālnagar	12.4580	75.9590	15326
Kushālgarh	23.1990	74.4507	10666
Kurud	20.8307	81.7221	13783
Kurnool	15.8289	78.0360	460184
Kurkhera	20.6181	80.2085	7430
Kurinjippādi	11.5503	79.5907	39514
Kurgunta	17.1932	77.3577	8682
Kurduvādi	18.0934	75.4157	23131
Kurāra	25.9805	79.9898	12730
Kurandvād	16.6832	74.5889	22372
Kūrāli	30.8342	76.5768	31060
Kuppam	12.7493	78.3419	21963
Kunnattūr	12.3478	78.5105	7326
Kunnattūr	11.2728	77.4107	8774
Kunnamkulam	10.6467	76.0670	63903
Kunnamangalam	11.3046	75.8777	47396
Kunkuri	22.7420	83.9510	13846
Kunigal	13.0232	77.0252	34155
Kundla	21.3422	71.3063	76809
Kundgol	15.2561	75.2473	18726
Kundarkhi	28.6830	78.7856	27197
Kunda	25.7170	81.5140	24948
Kumta	14.4285	74.4189	36719
Kumsi	14.0546	75.3999	6468
Kūmher	27.3166	77.3708	23540
Kumhāri	21.2667	81.5167	38334
Kumbhrāj	24.3734	77.0484	19707
Kumbalgod	12.8791	77.4464	10178
Kumbakonam	10.9621	79.3912	167155
Kumārmunda	22.3000	84.7833	9043
Kumaralingam	10.4894	77.3499	13642
Kulu	31.9583	77.1082	19831
Kulti	23.7317	86.8437	305405
Kulpahār	25.3201	79.6393	18976
Kullāda	19.9694	84.6329	5645
Kulittalai	10.9349	78.4125	27910
Kulgam	33.6446	75.0192	23584
Kulattūr	10.7052	78.5507	11083
Kulattūr	9.0032	78.1928	10632
Kulasegaram	8.3632	77.2978	17267
Kukshi	22.2068	74.7579	28331
Kukkudākhandi	19.3936	84.7550	7361
Kukdeshwar	24.4828	75.2675	11956
Kukatpally	17.4849	78.4138	341709
Kuju	23.7254	85.5102	21356
Kūdligi	14.9050	76.3853	26680
Kodavasal	10.8616	79.4797	14639
Kudāl	16.0115	73.6887	16015
Kudachi	16.6278	74.8541	23154
Kuchera	26.9875	73.9711	23468
Kuchāman	27.1474	74.8565	61969
Rairangpur	22.2667	86.1739	34929
Krishnarājpet	12.6662	76.4877	25946
Krishnarājāsāgara	12.4398	76.3828	35805
Krishnanagar	23.4058	88.4907	145926
Krishnagiri	12.5192	78.2138	71323
Kozhikode	11.2480	75.7804	550440
Kozhancheri	9.3500	76.7000	12021
Koynanagar	17.4000	73.7667	28091
Kovvūr	17.0162	81.7293	40379
Kovūr	14.5005	79.9852	35600
Kovilpatti	9.1717	77.8699	95057
Kovalam	8.3667	76.9967	6000
Kotwa	25.0308	81.3191	13916
Kottūru	14.8244	76.2201	26289
Kōttayam	11.8252	75.5478	19176
Kottayam	9.5869	76.5213	55374
Kottavalasa	17.8904	83.1907	14321
Kottārakara	9.0036	76.7738	29788
Kottapalli	18.4954	79.0943	9899
Kōttakkal	11.0009	76.0062	44382
Kottaiyūr	10.1096	78.7956	14766
Kottagūdem	17.5511	80.6178	79819
Kothri Kalān	23.0722	76.8296	10526
Kotra	25.8077	79.3091	8534
Kotputli	27.7021	76.1991	49202
Kotma	23.2038	81.9790	31756
Kot Kapūra	30.5806	74.8261	91979
Kot Īsa Khān	30.9466	75.1378	12800
Kothi	24.7526	80.7775	8793
Kotharia	22.2344	70.8190	53794
Kothakota	16.3800	77.9400	19042
Kot Fatah	30.1132	75.0867	7412
Kotdwāra	29.7461	78.5222	27009
Kotba	22.4394	83.7400	6805
Kotār	24.6980	80.9807	7520
Kotapārh	19.1426	82.3254	16326
Kotamangalam	10.0643	76.6284	38837
Kotagiri	11.4207	76.8603	28848
Kota	25.1825	75.8391	1001694
Kota	24.4464	83.1306	14632
Kotā	22.2951	82.0237	18405
Kosigi	15.8551	77.2446	15455
Kosi	27.7945	77.4368	52492
Kosamba	21.4620	72.9584	33221
Korwai	24.1177	78.0401	15136
Korukollu	16.5000	81.2500	8543
Koregaon	18.6457	74.0591	25846
Koregaon	17.6991	74.1625	24690
Korba	22.3458	82.6963	419146
Koratla	18.8215	78.7119	66504
Koratagere	13.5220	77.2373	15265
Koraput	18.8120	82.7105	47468
Korādi	21.2476	79.1058	6321
Koradacheri	10.7702	79.4916	6450
Koppal	15.3452	76.1548	70698
Koppa	13.5304	75.3633	5124
Kopargaon	19.8824	74.4761	65273
Kopāganj	26.0192	83.5663	33539
Konta	17.8049	81.3867	7038
Konnūr	16.2014	74.7489	19386
Konnagar	22.7051	88.3445	76082
Konganāpuram	11.5710	77.9004	9286
Kondotty	11.1423	75.9657	28794
Kondapalle	16.6199	80.5424	38714
Kondalwādi	18.8073	77.7703	14770
Kondagaon	19.5908	81.6640	30921
Konch	25.9945	79.1513	52773
Konārka	19.8902	86.0976	16834
Konanūr	12.6302	76.0504	9555
Kombai	9.8475	77.2960	15960
Kolasib	24.2239	92.6787	25000
Kollegāl	12.1545	77.1105	57149
Kolhāpur	16.6956	74.2317	549236
Kolāyat	27.8381	72.9597	9684
Kolāras	25.2193	77.6117	19781
Kolār	13.1377	78.1300	138462
Colachel	8.1794	77.2582	23227
Kokrajhar	26.4011	90.2729	34136
Koīra	21.9049	85.2421	6763
Kohima	25.6747	94.1110	99039
Koelwār	25.5805	84.7975	25494
Kodungallūr	10.2326	76.1951	60190
Kodumudi	11.0775	77.8836	13225
Kodoli	16.8764	74.1909	17537
Kodīnar	20.7939	70.7022	41492
Kodigenahalli	13.7214	77.3863	5727
Kodarma	24.4675	85.5940	24633
Kodār	16.9985	79.9656	64234
Kodala	19.6242	84.9407	13965
Kodaikānāl	10.2393	77.4893	36501
Kuchinda	21.7436	84.3485	15576
Koch Bihār	26.3254	89.4451	78737
Koāth	25.3264	84.2598	18890
Kizhake Chālakudi	10.3007	76.3376	49525
Kithor	28.8668	77.9386	25262
Kishtwār	33.3135	75.7673	20553
Kishni	27.0249	79.2620	9852
Kishanpur	25.6423	81.0227	6104
Kishangarh	27.8189	76.7297	10288
Renwāl	27.1577	75.3581	29201
Kishangarh	26.5901	74.8540	154886
Kishanganj	26.1022	87.9553	105782
Kirnāpur	21.6259	80.3314	6137
Kiri Buru	22.0833	85.3500	9719
Kīratpur	29.5067	78.2061	60223
Kiraoli	27.1377	77.7852	21024
Ulundurpet	11.6910	79.2873	23734
Kīranūr	10.5939	77.5032	6487
Kīranūr	10.5699	78.7868	11667
Kirākat	25.6375	82.9160	14034
Kinwat	19.6256	78.1987	28454
Kinattukkadavu	10.8225	77.0196	8653
Kilvelur	10.7672	79.7419	8272
Kichha	28.9115	79.5201	34904
Kiādgira	17.2525	77.4334	6711
Khūtār	28.2031	80.2705	15618
Khusropur	25.4817	85.3849	15731
Khurja	28.2538	77.8554	105909
Khordha	20.1827	85.6163	46205
Khurai	24.0437	78.3301	51108
Khunti	23.0760	85.2782	36390
Khuldābād	20.0067	75.1924	15749
Khujner	23.7860	76.6177	10785
Khudāganj	28.1461	79.7147	12636
Khreuh	34.0189	74.9991	9851
Khowai	24.0796	91.5997	20046
Khopoli	18.7856	73.3459	71141
Khonsa	27.0167	95.5667	10187
Khirkiya	22.1673	76.8614	22737
Khilchipur	24.0394	76.5780	18928
Khetri	28.0007	75.7864	18209
Khetia	21.6712	74.5854	15744
Kherwāra	23.9859	73.5949	7581
Kheri	27.9035	80.7975	26327
Kherālu	23.8853	72.6187	21843
Khem Karan	31.1444	74.5594	13446
Khekra	28.8659	77.2841	42408
Khedbrahma	24.0299	73.0463	29402
Kheda	22.7522	72.6853	25575
Khed	18.3381	73.8468	7370
Khed	17.7189	73.3969	16892
Khaur	32.6027	74.8092	6690
Khātra	22.9762	86.8546	16484
Khatīma	28.9213	79.9707	15714
Khātegaon	22.5957	76.9133	25413
Khatauli	29.2784	77.7330	64731
Nagrota Bagwān	32.1072	76.3766	5900
Khārupatia	26.5184	92.1472	18599
Kharsia	21.9895	83.1048	18939
Kharsāwān	22.7909	85.8310	7216
Kharora	21.4010	81.9276	9236
Kharod	21.7442	82.5788	10193
Kharkhauda	28.8787	76.9107	25051
Kharkhauda	28.8364	77.7416	13189
Kharhiāl	20.2885	82.7606	15087
Khargupur	27.3761	81.9882	9576
Khargone	21.8229	75.6139	116150
Khargāpur	24.8230	79.1440	14813
Kharela	25.5428	79.8123	13798
Khardi	19.5876	73.3820	5579
Khardah	22.7186	88.3781	128346
Kharar	30.7463	76.6469	74460
Kharar	22.7221	87.6782	12049
Kharakvasla	18.4400	73.7755	78684
Kharagpur	25.1245	86.5558	31385
Kharagpur	22.3397	87.3250	219665
Khāpa	21.4224	78.9817	15175
Khānpur	28.5345	78.0655	14688
Khānpur	24.7324	76.3960	14854
Khanna	30.7055	76.2220	128137
Khaniādhāna	25.0298	78.1271	15877
Khandwa	21.8243	76.3509	200738
Khandpara	20.2644	85.1767	9038
Khandela	27.6050	75.5020	29044
Khānāpur	15.6397	74.5085	19309
Khammam	17.2477	80.1437	196283
Khamharia	20.9760	82.2512	6998
Khāmgaon	20.7074	76.5683	94604
Khambhāt	22.3174	72.6192	99164
Khambhāliya	22.2068	69.6503	41734
Khamaria	23.2256	79.8801	15019
Khamānon Kalān	30.8173	76.3548	10135
Khallikot	19.6091	85.0861	13022
Khalīlābād	26.7727	83.0718	45321
Khali Kachigam	20.3833	72.8667	18434
Khalāri	23.6506	85.0074	20010
Khajuraho Group of Monuments	24.8481	79.9335	25662
Khairāgarh	26.9435	77.8182	20095
Khairāgarh	21.4186	80.9794	22564
Khairābād	27.5270	80.7546	42125
Khairābād	24.6596	75.9307	11993
Khair	27.9419	77.8424	30173
Khailār	25.3413	78.5313	13334
Khagaul	25.5790	85.0456	51577
Khagaria	25.5022	86.4671	49982
Khāga	25.7721	81.1039	13338
Khadki	18.5635	73.8521	75654
Khada	27.1833	83.8833	16350
Khāchrod	23.4232	75.2819	34191
Kaithoon	25.1241	75.9722	24260
Keskāl	20.0836	81.5867	11115
Kesinga	20.1878	83.2195	19239
Keshorai Pātan	25.2928	75.9395	24627
Keshod	21.3033	70.2486	76193
Kesariyā	26.3499	84.8709	18984
Kerūr	16.0138	75.5463	19731
Keonjhargarh	21.6318	85.5969	60590
Keolāri	22.3697	79.9060	9654
Kenduadīh	23.7360	86.3740	9032
Kendrāparha	20.5017	86.4223	47006
Kenda	23.1959	86.5150	15131
Kemrī	28.8067	79.2048	26726
Kelwa	25.1521	73.8433	11712
Kelamangalam	12.6031	77.8519	13321
Kekri	25.9713	75.1499	41890
Kayattār	8.9483	77.7742	10400
Kayamkulam	9.1817	76.5009	68634
Kayalpattinam	8.5714	78.1199	40588
Kawardha	22.0085	81.2315	46657
Kawānt	22.0928	74.0508	9553
Kawāi	24.7564	76.7348	9487
Kāveripatnam	12.4219	78.2188	15006
Kāveripāk	12.9085	79.4622	14583
Kavaratti	10.5669	72.6420	11210
Kāvali	14.9163	79.9945	90099
Kāttupputtūr	10.9939	78.2193	11040
Kattivākkam	13.2167	80.3167	36617
Kattanam	9.1761	76.5632	19764
Kātrās	23.7975	86.2983	57349
Katra	32.9917	74.9320	9106
Katra	27.5087	82.0264	6853
Katpur	21.0587	71.7946	8677
Kātpādi	12.9695	79.1455	38833
Kātoya	23.6456	88.1326	78408
Kātol	21.2739	78.5858	43267
Katihar	25.5385	87.5704	240838
Kāti	17.9614	75.8889	12022
Kathua	32.3694	75.5254	59866
Kāthor	21.2885	72.9407	15311
Kathlāl	22.8982	72.9928	22071
Katghora	22.5025	82.5428	22690
Katangi	23.4412	79.7962	19040
Katangi	21.7737	79.8051	15321
Kasrāwad	22.1274	75.6110	22750
Kasipet	19.0270	79.4381	5133
Kāsībugga	18.7593	84.4161	57507
Kashipur	29.2140	78.9569	103138
Kāsganj	27.8088	78.6458	99462
Kasdol	21.6186	82.4249	14071
Kasauli	30.8986	76.9659	5215
Kāsaragod	12.4984	74.9896	54172
Kasāra	19.6451	73.4743	15611
Chitrakoot Dham	25.2147	80.9164	23316
Karwar	14.8136	74.1297	77139
Karur	10.9577	78.0810	234191
Karunguli	12.5333	79.9039	12485
Karungappalli	9.1042	76.5370	25336
Karumbākkam	12.7020	80.0911	11992
Karumattampatti	11.1093	77.1820	35062
Kartārpur	31.4427	75.4985	26701
Kurseong	26.8825	88.2773	46427
Karrāpur	23.9489	78.8658	10647
Karol Bāgh	28.6514	77.1907	505241
Karnāl	29.6920	76.9845	302140
Karmāla	18.4077	75.1939	23199
Kārkala	13.2143	74.9923	25800
Karjat	18.9107	73.3235	34554
Kariapatti	9.6751	78.0999	18191
Karīmpur	23.9759	88.6192	9565
Karīmnagar	18.4392	79.1286	289821
Karīmganj	24.8692	92.3554	56854
Kārimangalam	12.3087	78.2033	13511
Karhal	27.0009	78.9394	26693
Kargil	34.5577	76.1262	16338
Karera	25.4581	78.1358	28705
Kareli	22.9153	79.0638	29929
Karauli	26.4983	77.0276	82960
Karārī	25.4524	81.4267	14403
Karanjiā	21.7626	85.9732	22865
Kāranja	20.4827	77.4886	67907
Karamsad	22.5424	72.9039	35285
Karambakkudi	10.4587	79.1410	14626
Kāramadai	11.2406	76.9601	35166
Kāraikkudi	10.0662	78.7678	181851
Kāraikāl	10.9167	79.8333	86838
Karād	17.2894	74.1818	55663
Kapurthala Town	31.3801	75.3811	98916
Captainganj	26.9264	83.7133	12299
Kāpren	25.4053	76.0743	20748
Kapasan	24.8894	74.3167	20869
Kapadvanj	23.0230	73.0711	49308
Kānwat	27.5890	75.6988	7903
Kantilo	20.3615	85.1921	9181
Kānth	29.0594	78.6295	24883
Kāntāphor	22.5766	76.5596	10405
Kantai	26.2142	85.2975	25051
Kantābānji	20.4671	82.9204	21819
Kānt	27.8105	79.7918	24430
Kanpur	26.4652	80.3498	2823249
Kānota	26.8710	75.9484	11250
Kānor	24.4344	74.2655	13239
Kānodar	24.0893	72.3935	12389
Kannod	22.6676	76.7429	17744
Kanniyākumāri	8.0901	77.5384	22453
Kannavam	11.8445	75.6627	8880
Kannauj	27.0552	79.9188	76714
Kanhangad	12.3081	75.1063	125564
Kannad	20.2568	75.1379	42056
Kānkon	15.0270	74.0462	12444
Kankipādu	16.4353	80.7672	14616
Kānker	20.2719	81.4918	37442
Kānke	23.4348	85.3206	17560
Kankauli	16.2661	73.7122	16398
Kaniyambādi	12.8118	79.1340	9597
Kanigiri	15.4055	79.5069	25045
Kangra	32.0913	76.2627	9528
Kāngpokpi	25.1527	93.9717	7476
Kangayam	11.0060	77.5609	32147
Kandukūr	15.2154	79.9039	57246
Kāndri	21.4203	79.2766	8315
Kāndra	22.8517	86.0519	8157
Kāndla	23.0333	70.2167	25845
Kāndi	23.9595	88.0402	54848
Kāndhla	29.3210	77.2710	43387
Kandahār	18.8731	77.1923	24843
Kanchipuram	12.8352	79.7001	221715
Kānar	23.6721	76.1708	10458
Kanakapura	12.5465	77.4201	54014
Kanadukattan	10.1721	78.7793	5275
Kamuthi	9.4073	78.3734	14754
Kāmthi	21.2161	79.1973	86793
Kampli	15.4063	76.6001	39307
Kampil	27.6127	79.2769	9200
Cumbum	9.7365	77.2847	68090
Kāmārhāti	22.6711	88.3747	332965
Kāmāreddi	18.3200	78.3418	80315
Kāman	27.6579	77.2691	38040
Kamalpur	24.1959	91.8344	10872
Kamalnagar	18.2310	77.1791	10252
Kamalganj	27.2618	79.6313	16222
Kāmalāpuram	14.5983	78.6695	14677
Kāmākhyānagar	20.9338	85.5449	16810
Kalyani	22.9757	88.4337	93184
Kalyān	19.2437	73.1355	1262255
Kalwākurti	16.6640	78.4914	28060
Kālundri	18.9802	73.1271	8101
Kalugumalai	9.1494	77.7057	15423
Kālpi	26.1167	79.7333	44339
Kalpatta	11.6087	76.0834	31580
Kalol	23.2466	72.4951	134426
Kālol	22.6078	73.4627	25929
Kālna	23.2194	88.3629	53964
Kalmeshwar	21.2322	78.9199	19578
Kallupatti	9.7167	77.8667	10762
Kallidaikurichi	8.6859	77.4659	26398
Kallakkurichchi	11.7404	78.9590	40449
Kālka	30.8398	76.9407	34134
Kāliyāganj	25.6344	88.3267	51748
Kanīna Khās	28.3309	76.3110	12989
Kālīnagar	28.6202	80.0815	10728
Kālimpong	27.0346	88.6308	43000
Kāliapāni	21.0517	85.7772	5028
Kalghatgi	15.1831	74.9710	16917
Kalavai	12.7703	79.4200	10057
Kālāvad	22.2079	70.3834	28314
Kalas	18.1724	74.7905	14858
Kālānwāli	29.8357	74.9717	27355
Kalanaur	32.0123	75.1506	13671
Kalānaur	28.8282	76.3955	23319
Kalamnūri	19.6739	77.3115	24784
Kalamb	19.0444	73.9555	27287
Kallam	18.5751	76.0219	25713
Kalakkādu	8.5138	77.5494	30921
Kalāyat	29.6766	76.2556	18660
Kālāigaon	26.5741	91.9761	5112
Kālāgarh Project Colony	29.4778	78.7845	13298
Kālādhūngi	29.2835	79.3510	6763
Kakrāla	27.8927	79.1945	35690
Kakosi	24.0040	72.3031	9734
Kākori	26.8680	80.7857	18332
Kākināda	16.9604	82.2381	384182
Kakdwip	21.8791	88.1913	19368
Kakching	24.4982	93.9813	32138
Kaithal	29.8015	76.3996	144915
Kairāna	29.3954	77.2054	80432
Athmallik	20.7212	84.5351	12298
Kaimori	23.3847	79.7442	20154
Kaimganj	27.5544	79.3353	32858
Kailāshahar	24.3320	92.0039	22405
Kailāras	26.3050	77.6160	25920
Kaikalūr	16.5515	81.2140	20763
Kaij	18.7136	76.0672	30704
Kāgal	16.5770	74.3154	34106
Kadūr	13.5528	76.0116	34151
Kadod	21.2172	73.2197	16747
Kādiyāmpatti	11.8720	78.0961	11390
Kadiri	14.1117	78.1598	89429
Kādīpur	26.1678	82.3703	7472
Kadikkād	10.6705	75.9797	19147
Kadi	23.2991	72.3336	81404
Kadaura	25.9854	79.8384	13784
Kadattūr	12.0861	78.2926	11382
Kadambuttūr	13.0976	79.8623	11235
Kadakola	12.1918	76.6657	6436
Kadayanallur	9.0728	77.3415	90364
Kadaiyam	8.8204	77.3729	5430
Kānchrāpāra	22.9600	88.4285	136954
Kachhwa	25.2062	82.7144	15381
Kabrāi	25.4028	79.9997	24771
Kāb	25.3892	84.7895	10141
Junnar	19.2081	73.8752	25997
Jūnāgarh	19.8599	82.9339	19656
Jūnāgadh	21.5197	70.4598	319462
Jhumri Telaiya	24.4349	85.5295	87867
Jalandhar	31.3256	75.5792	868929
Shādīpur Julāna	29.1237	76.4052	18755
Jugsālai	22.7767	86.1835	49660
Jua	15.5307	73.9505	5470
Jowai	25.4360	92.1913	28430
Joshīmath	30.5554	79.5644	13865
Jorhat	26.7575	94.2031	126736
Jora	26.3421	77.8092	42153
Jalārpet	12.5702	78.5732	40959
Jogipet	17.8356	78.0681	18494
Jogindarnagar	31.9873	76.7891	5335
Jogbani	26.3990	87.2652	39281
Jodiya Bandar	22.7167	70.2833	15788
Jodhpur	26.2684	73.0059	1056191
Jodhpur	21.9017	70.0327	47329
Jobner	26.9726	75.3875	11354
Jobat	22.4160	74.5683	11976
Jīran	24.3087	74.8909	11518
Jintūr	19.6119	76.6874	44291
Jining	28.2163	94.8539	20684
Jīnd	29.3158	76.3150	167592
Jigani	12.7861	77.6385	17036
Jhūsi	25.4374	81.9055	16642
Jhunjhunūn	28.1256	75.3980	118473
Jhinjhāna	29.5212	77.2247	19711
Jhīnjhak	26.5609	79.7342	23499
Jharsuguda	21.8553	84.0070	97730
Jharia	23.7408	86.4146	86938
Jhārgrām	22.4538	86.9950	57796
Jhānsi	25.4589	78.5799	412927
Jhanjhārpur	26.2647	86.2799	31283
Jhālu	29.3361	78.2261	20356
Jhālrapātan	24.5420	76.1724	37506
Jhālod	23.1010	74.1554	28720
Jhalidā	23.3654	85.9764	18057
Jhālāwār	24.5963	76.1650	66919
Jhajjar	28.6063	76.6565	48424
Jhajha	24.7711	86.3789	40646
Jhābua	22.7677	74.5909	35753
Jewar	28.1220	77.5573	29316
Jevargi	17.0139	76.7732	25686
Jetpur	22.3447	73.8409	8446
Jetpur	21.7548	70.6235	118302
Jetalsar	21.7089	70.5769	14771
Jejūri	18.2766	74.1601	14515
Jeypore	18.8563	82.5716	84830
Jainagar	26.5905	86.1379	21782
Jaynagar Majilpur	22.1752	88.4201	25922
Jayamkondacholapuram	11.2127	79.3637	33945
Jawhār	19.9121	73.2268	12082
Iāwar	23.0094	76.5007	8206
Jawāla Mukhi	31.8746	76.3201	5361
Jāwad	24.5992	74.8626	17129
Jaunpur	25.7536	82.6869	169572
Jatāra	25.0096	79.0487	17499
Jatani	20.1597	85.7074	63697
Jaswantpura	24.8036	72.4600	5111
Jaswantnagar	26.8827	78.9026	27777
Jasrāsar	27.7070	73.8128	8000
Jasrāna	27.2359	78.6524	9883
Jaspur	29.2792	78.8280	42524
Jasidih	24.5138	86.6458	16338
Jashpur Nagar	22.8878	84.1386	28301
Joshipur	21.9627	86.0751	5101
Jasdan	22.0371	71.2079	48483
Jarwal	27.1629	81.5418	17576
Jarod	22.4393	73.3347	7200
Jaora	23.6378	75.1271	74907
Jānsath	29.3250	77.8504	19467
Jānjgīr	22.0092	82.5778	32833
Jangipur	24.4700	88.0766	82548
Jangaon	17.7260	79.1524	52394
Jandiāla Gurū	31.5620	75.0277	29232
Jandiāla	31.1593	75.6175	25631
Jamwa Rāmgarh	27.0202	76.0109	7665
Jāmuria	23.7047	87.0787	160242
Jamunāmukh	26.1015	92.7426	7377
Jāmul	21.2500	81.4000	25878
Jamūī	24.9261	86.2253	87357
Jāmtāra	23.9630	86.8029	29415
Jamshedpur	22.8028	86.1855	1339438
Jāmner	20.8095	75.7777	46762
Jamnagar	22.4729	70.0667	600943
Jammu	32.7353	74.8617	576198
Jammalamadugu	14.8468	78.3831	46069
Jāmkhed	18.7352	75.3134	34017
Jamkhandi	16.5046	75.2915	68938
Jambusar	22.0524	72.8007	43344
Jām	19.1934	78.2795	6426
Gogri Jamālpur	25.4112	86.6593	37753
Jamālpur	25.3126	86.4889	105434
Jāmai	22.1964	78.5919	22587
Jāmadoba	23.7167	86.4000	34774
Jalpāiguri	26.5167	88.7333	107832
Jalor	25.3456	72.6156	54081
Jālna	19.8410	75.8864	285577
Jalgaon Jamod	21.0519	76.5346	28276
Jalgaon	21.0029	75.5660	460228
Jalgaon	17.7403	73.1909	5822
Jaleshwar	21.8018	87.2225	25747
Jalesar	27.4732	78.3031	38614
Jālaun	26.1451	79.3366	55299
Jalālpur	26.3116	82.7386	31388
Jalalpore	20.9490	72.8983	17325
Jalālī	27.8668	78.2527	18177
Jalālābād	30.6062	74.2573	39525
Jalālābad	29.6185	77.4391	25302
Jalālābād	27.7263	79.6552	35051
Jalakandapuram	11.6978	77.8730	16184
Jākhal	29.7963	75.8239	7411
Jājpur	20.8485	86.3373	42157
Jaito	30.4513	74.8919	37377
Jaithāri	23.2086	78.6149	8386
Jaitāran	26.2045	73.9368	22621
Jaisingpur	16.7764	74.5536	48510
Jaisinghnagar	23.6858	81.3909	8233
Jaisalmer	26.9176	70.9039	67604
Jais	26.2649	81.5486	25726
Jaipur	26.9196	75.7878	3046163
Jainpur	26.1539	83.3350	11674
Jahāzpur	25.6199	75.2761	20586
Jahāngīrpur	28.1792	77.7050	10042
Jahāngīrābād	28.4055	78.1059	57363
Jahānābād	28.6303	79.7182	13617
Jahānābād	25.2137	84.9871	103202
Jagtiāl	18.7947	78.9166	103930
Jagraon	30.7878	75.4739	65305
Jagnair	26.8636	77.6023	10023
Jaggayyapeta	16.8938	80.0981	41180
Jagdīspur	25.4681	84.4194	32447
Jagdīshpur	26.7497	80.5451	31029
Jagdalpur	19.0814	82.0213	125463
Jagatsinghapur	20.2557	86.1711	33631
Jagannāthpur	22.2212	85.6392	7310
Jagalūr	14.5196	76.3392	17257
Jagādhri	30.1672	77.3037	124894
Jagadāpatnam	9.9680	79.1901	6274
Jāfarābād	20.8661	71.3661	27167
Jadcherla	16.7738	78.1367	17958
Jabera	23.5582	79.6780	6806
Jabalpur	23.1670	79.9501	1081677
Etmadpur	27.2354	78.1983	22697
Itaunja	27.0835	80.8967	6726
Itārsi	22.6148	77.7622	100574
Itanagar	27.0869	93.6099	59490
Itāmāti	20.1378	85.1524	10317
Ismāilābād	30.1172	76.6690	13726
Islāmpur	26.2654	88.1898	55691
Islāmpur	25.1408	85.2059	35641
Islāmnagar	28.3290	78.7252	29144
Isāgarh	24.8391	77.8827	12583
Irugūr	11.0178	77.0628	25691
Irinjālakuda	10.3424	76.2112	29208
Iringal	11.5593	75.6166	25894
Irikkūr	11.9867	75.5501	13820
Malda	25.0045	88.1457	170039
Indri	29.8800	77.0597	17487
Indore	22.7179	75.8333	1994397
Indi	17.1774	75.9526	38217
Indergarh	26.9352	79.6712	17366
Indargarh	25.9109	78.5619	23045
Indargarh	25.7282	76.1904	7444
Indāpur	18.3000	73.2500	26752
Indāpur	18.1153	75.0289	25515
Imphal	24.8081	93.9442	277196
Iluppūr	10.5135	78.6236	14127
Ilkal	15.9592	76.1135	60242
Ilampillai	11.6066	78.0068	11797
Ilaiyankudi	9.6251	78.6243	24767
Iklehra	23.1467	76.3904	8969
Ikauna	27.5310	81.9692	14217
Iglās	27.7110	77.9397	13746
Igatpuri	19.6952	73.5626	35461
Idukki	9.8500	76.9667	11248
Idar	23.8414	73.0007	42306
Idappadi	11.5862	77.8389	54823
Ichora	19.4297	78.4528	12358
Ichhāwar	23.0282	77.0173	15221
Ichchāpuram	19.1139	84.6872	36493
Ichalkaranji	16.6912	74.4605	287353
Ibrāhīmpatan	17.1957	78.6510	12349
Hyderabad	17.3840	78.4564	6993262
Hadagalli	15.0205	75.9318	27967
Hatti	16.1984	76.6604	16278
Husainābād	24.5285	84.0000	29241
Hunsūr	12.3036	76.2927	50865
Hungund	16.0621	76.0586	20877
Huliyār	13.5836	76.5423	14304
Hukeri	16.2308	74.6024	22988
Hugli	22.9088	88.3967	177005
Hubballi	15.3478	75.1338	943788
Howli	26.4224	90.9800	18301
Hosūr	12.7365	77.8326	229528
Hosapete	15.2695	76.3871	206167
Hoskote	13.0707	77.7981	56980
Hoshiārpur	31.5372	75.9127	168653
Narmadapuram	22.7475	77.7274	117988
Hosadurga	13.7963	76.2841	28370
Hosanagara	13.9139	75.0650	5839
Hosakote	14.2760	77.1683	11692
Honnāli	14.2398	75.6451	17928
Honnavar	14.2809	74.4450	19109
Homnābād	17.7707	77.1252	44483
Holenarasipura	12.7864	76.2433	29974
Holalkere	14.0429	76.1850	15783
Hojāi	26.0028	92.8560	36869
Hodal	27.8920	77.3674	50143
Hisua	24.8336	85.4173	32585
Hisar	29.1539	75.7229	307024
Hirmi	21.5386	81.9403	5139
Hiriyūr	13.9445	76.6172	56416
Hirekerūr	14.4551	75.3952	19191
Hīrāpur Hamesha	21.5555	79.7858	6069
Hirānagar	32.4549	75.2719	9446
Hiramandalam	18.6709	83.9505	6603
Hīrākud	21.5250	83.8727	30207
Hinjilicut	19.4817	84.7449	24671
Hingoli	19.7146	77.1424	85103
Hinganghāt	20.5487	78.8398	101805
Hindupur	13.8281	77.4914	151677
Hindoria	23.9034	79.5686	16001
Hindaun	26.7341	77.0352	105452
Himatnagar	23.5989	72.9660	81137
Hilsa	25.3164	85.2823	51052
Hesla	24.0631	85.8791	6286
Harbatpur	30.4386	77.7406	9478
Heggadadevankote	12.0881	76.3296	14313
Hazāribāgh	23.9924	85.3616	153595
Hāveri	14.7935	75.4045	67102
Hattīn	28.0423	77.2405	14421
Hatta	24.1341	79.6012	32465
Hāt Piplia	22.7695	76.2999	17419
Hātod	22.7938	75.7393	10425
Hathwa	26.3554	84.2976	7156
Hāthras	27.5955	78.0520	126882
Hātā	26.7412	83.7453	12050
Hāt	29.3318	76.6150	7354
Hastināpur	29.1604	78.0076	24093
Hassan	13.0071	76.0962	155006
Hāsimāra	26.7469	89.3538	40000
Hasanpur	28.7225	78.2844	57481
Hasanpur	27.9694	77.4954	11569
Harūr	12.0527	78.4802	25469
Harsūd	22.0995	76.7342	16736
Harrai	22.6143	79.2221	11000
Harpanahalli	14.7877	75.9886	47039
Harpālpur	25.2877	79.3328	18529
Harnai	17.8134	73.0967	7144
Harji	25.2918	72.8598	11380
Haripād	9.2836	76.4552	15588
Haringhāta	22.9647	88.5745	9705
Hārij	23.6936	71.9070	20253
Harihar	14.5129	75.8072	83219
Haridwar	29.9479	78.1603	186079
Hariāna	31.6351	75.8389	8928
Harduāganj	27.9436	78.1579	12328
Hardoī	27.3949	80.1316	122635
Harda	22.3441	77.0954	74268
Haraiya	26.7948	82.4644	9000
Hāpur	28.7298	77.7807	242920
Howrah	22.5769	88.3186	1027672
Hanūr	12.0874	77.3021	11066
Hanumāngarh	29.5818	74.3294	155687
Hānspura	25.0572	84.5490	7940
Hansot	21.5850	72.8076	12525
Hānsi	29.1024	75.9625	86770
Hāngal	14.7646	75.1246	28159
Handiā	25.3638	82.1865	17861
Handwāra	34.3968	74.2814	13600
Hampi	15.3352	76.4603	10000
Hamīrpur	31.6841	76.5251	19280
Hamīrpur	25.9553	80.1484	34144
Hamīrgarh	25.1877	74.6312	11678
Halwāra	30.7251	75.6425	9761
Halvad	23.0152	71.1803	32024
Haludpukhur	22.6011	86.1384	10485
Hālol	22.5032	73.4724	64265
Haliyal	15.3286	74.7564	24238
Hālīsahar	22.9322	88.4186	128172
Haldwani	29.2225	79.5286	139497
Haldībāri	26.3389	88.7822	14099
Haldaur	29.2899	78.2844	18686
Hājo	26.2452	91.5252	15977
Hājipur	31.9771	75.7544	6091
Hājīpur	25.6854	85.2098	147688
Hājan	34.2989	74.6168	13239
Hailākāndi	24.6839	92.5610	33637
Hāflong	25.1648	93.0174	43756
Hadiāya	30.3276	75.5020	12507
Hadgāon	19.4955	77.6586	27433
Hābra	22.8420	88.6561	139297
Gyānpur	25.3327	82.4664	200000
Gwalior	26.2298	78.1734	1054420
Guhāla	27.6908	75.6361	6343
Guskhara	23.4928	87.7348	33780
Guruvāyūr	10.5943	76.0411	21416
Guru Har Sahāi	30.7086	74.4041	17192
Gursarāi	25.6168	79.1805	25191
Gursahāiganj	27.1152	79.7317	40214
Gurmatkāl	16.8677	77.3909	20614
Gurh	24.5026	81.5004	14608
Gurugram	28.4601	77.0263	886519
Gurdaspur	32.0393	75.4032	77928
Gunupur	19.0804	83.8088	28870
Guntur	16.2997	80.4573	670073
Guntakal	15.1711	77.3624	126270
Gunnaur	28.2400	78.4399	20980
Gundlupēt	11.8100	76.6903	28105
Gundardehi	20.9462	81.2892	8614
Guna	24.6469	77.3113	180935
Gummidipundi	13.4077	80.1088	18891
Gumlā	23.0427	84.5443	51264
Gumia	23.7975	85.8252	48141
Guledagudda	16.0502	75.7900	33851
Kalaburagi	17.3358	76.8376	543147
Gulāothi	28.5894	77.7932	46647
Gulābpura	25.9045	74.6603	27215
Guirim	15.5755	73.8072	7057
Gūduvāncheri	12.8452	80.0606	44098
Gūdūr	17.4917	78.8230	5647
Gūdūr	15.9391	75.9141	11969
Gūdūr	14.1509	79.8521	74851
Gudlavalleru	16.3500	81.0500	10902
Gudiyatham	12.9460	78.8738	93973
Gudivāda	16.4355	80.9955	118167
Gudibanda	13.6710	77.7041	9441
Gudāri	19.3476	83.7813	6931
Gudalur	11.5207	76.4814	49535
Gudalur	9.6783	77.2495	47419
Gubbi	13.3122	76.9410	18446
Gua	22.2136	85.3877	12554
Goyerkāta	26.6998	89.0256	66358
Govindgarh	27.5042	76.9994	11552
Govindgarh	24.3785	81.2964	10547
Govardhan	27.4966	77.4626	20044
Gotan	26.6555	73.7371	17700
Goshaingaon	26.4395	89.9631	13933
Goshāīnganj	26.7679	81.1075	9537
Goshāinganj	26.5711	82.3809	13176
Gorūr	12.8230	76.0646	6192
Gormi	26.6003	78.5119	20841
Goregaon	18.1548	73.2915	7155
Gorantla	13.9841	77.7722	24586
Gorakhpur	29.4477	75.6721	13068
Gorakhpur	26.7663	83.3689	674246
Gorai	19.2500	72.7833	29107
Gopināthpur	22.6630	86.0750	5255
Gobichettipalayam	11.4550	77.4422	59523
Gopāmau	27.5347	80.2851	13581
Gopālpur	19.2586	84.9052	7221
Gopālganj	26.4673	84.4404	67339
Gooty	15.1184	77.6378	48658
Gondiā	21.4603	80.1920	132813
Gondal	21.9607	70.8025	112197
Gondā City	27.1318	81.9533	133583
Gomoh	23.8736	86.1516	31495
Golakganj	26.1022	89.8227	8244
Gola Gokarannāth	28.0784	80.4705	58986
Golāghāt	26.5117	93.9595	41989
Gola Bāzār	26.3446	83.3530	10936
Gokavaram	17.2582	81.8499	16389
Gokarna	14.5500	74.3167	25851
Gokak	16.1690	74.8239	79121
Gohpur	26.8818	93.6156	12223
Gohānd	25.6987	79.5457	7286
Gohāna	29.1378	76.7025	65708
Gohad	26.4328	78.4420	58939
Gogūnda	24.7584	73.5298	8751
Gogāpur	23.5575	75.5166	7608
Goyali	24.8995	72.8304	5728
Godhra	22.7755	73.6149	143644
Godda	24.8270	87.2125	48480
Gobindpur	23.8356	86.5185	11318
Gobindpur	22.6339	86.0716	27066
Gobārdānga	22.8774	88.7548	43808
Goa Velha	15.4438	73.8857	5656
Goālpāra	26.1767	90.6263	53430
Giridih	24.1862	86.3088	114533
Gingee	12.2528	79.4173	27045
Giddarbāha	30.1995	74.6663	45370
Giddalūr	15.3744	78.9261	35150
Gīdam	18.9743	81.3989	7440
Ghugus	19.9381	79.1119	32654
Ghoti Budrukh	19.7164	73.6282	24838
Ghosī	26.1059	83.5393	39138
Ghorāwal	24.7546	82.7797	7492
Ghogha	21.6881	72.2763	12208
Ghogardīha	26.2799	86.4700	18257
Ghogaon	21.9162	75.7473	11054
Ghiror	27.1891	78.7931	14011
Ghazīpur	25.5833	83.5853	103095
Ghāziābād	28.6654	77.4391	1199191
Ghaura	24.5059	79.0781	13301
Ghātsīla	22.5853	86.4768	40624
Ghātanji	20.1418	78.3133	21293
Ghātampur	26.1527	80.1680	40435
Ghātāl	22.6624	87.7340	54658
Gharghoda	22.1743	83.3517	9455
Gharaunda	29.5369	76.9714	37816
Ghansor	22.6598	79.9501	7120
Ghanpur	17.8500	79.3667	12721
Ghanaur	30.3309	76.6120	6985
Ghumārwīn	31.4417	76.7151	7899
Gairtganj	23.4102	78.2208	18184
Ghāghrā	23.2666	84.5530	8580
Ghagga	30.0197	76.1041	10162
Gevrai	19.2637	75.7501	33562
Gaya	24.7969	85.0038	474093
Gawān	28.4197	78.3519	8744
Gautampura	22.9866	75.5192	14584
Gauripur	26.0833	89.9612	25124
Gauribidanur	13.6107	77.5174	37947
Gaurela	22.7545	81.9011	18165
Guwahati	26.1844	91.7458	962334
Garhwa	24.1600	83.8076	46059
Garot	24.3234	75.6520	15122
Gariadhar	21.5389	71.5774	35692
Gariāband	20.6332	82.0622	10517
Garhshankar	31.2154	76.1415	16955
Garhmuktesar	28.7873	78.1021	37043
Garhi Harsāru	28.4452	76.9395	7894
Garhi Pūkhta	29.5498	77.3088	13381
Garhi	23.5901	74.1482	5180
Garhchiroli	20.1806	80.0052	54152
Garhākota	23.7791	79.1432	32726
Garhdiwāla	31.7415	75.7557	7593
Garautha	25.5719	79.2976	9489
Gannavaram	16.5409	80.8021	19410
Ganj Murādābād	26.9573	80.1840	9970
Ganjām	19.3870	85.0508	11747
Gangtok	27.3257	88.6122	100286
Gangolli	13.6502	74.6707	15200
Gangoh	29.7800	77.2635	59519
Gangavati	15.4313	76.5293	114642
Gangavalli	11.4983	78.6497	12015
Gangārāmpur	25.4014	88.5298	65316
Gangāpur	26.4725	76.7174	120115
Gangāpur	25.2195	74.2603	18777
Gangāpur	19.6972	75.0105	27745
Sri Ganganagar	29.9201	73.8750	237780
Gangākher	18.9696	76.7495	49891
Gangaikondān	8.8578	77.7802	10779
Gāndhī Nagar	13.0064	80.2542	9773
Gandhinagar	23.2167	72.6833	292797
Gāndhīdhām	23.0833	70.1333	247992
Gandevi	20.8121	72.9981	16827
Ganderbal	34.2262	74.7748	28233
Gandai	21.6667	81.1001	13278
Gamhāria	22.8094	86.1034	7505
Galiākot	23.5200	74.0203	6906
Gajwel	17.8482	78.6829	24961
Gajraula	28.8457	78.2396	50380
Gajendragarh	15.7363	75.9698	32359
Gajapatinagaram	18.2794	83.3365	5687
Gadwāl	16.2350	77.7956	63177
Gadhinglaj	16.2229	74.3501	27185
Gadhada	21.9696	71.5783	29872
Gādarwāra	22.9235	78.7849	47604
Gadag	15.4298	75.6297	172612
Fort Gloster	22.5044	88.1833	18350
Forbesganj	26.3025	87.2656	50475
Fīrozpur Jhirka	27.7885	76.9450	24750
Firozpur	30.9257	74.6131	110313
Fīrozābād	27.1509	78.3978	306409
Fingeshwar	20.9690	82.0404	9752
Ferokh	11.1799	75.8414	32122
Fazilka	30.4021	74.0284	76492
Fatwa	25.5096	85.3050	50961
Fatikrāi	24.1832	92.0180	5371
Sakharkherda	20.2056	76.3976	14719
Fatehpur Sīkri	27.0937	77.6600	30026
Fatehpur Chaurāsi	26.7892	80.2655	5931
Fatehpur	27.9949	74.9563	92595
Fatehpur	27.1728	81.2106	34010
Fatehpur	25.9277	80.8127	166480
Fatehgarh Chūriān	31.8643	74.9566	18051
Fatehgarh	27.3641	79.6311	14847
Fatehganj West	28.4662	79.3066	23810
Fatehābād	29.5153	75.4555	70777
Fatehābād	27.0265	78.3027	21957
Farrukhnagar	28.4474	76.8239	13513
Farrukhnagar	17.0779	78.2034	45675
Farrukhābād	27.3913	79.5793	241152
Farīdpur	28.2100	79.5415	71783
Farīdnagar	28.7692	77.6293	11371
Farīdkot	30.6740	74.7558	87695
Faridabad	28.4112	77.3132	1414050
Farakka	24.8167	87.9000	21834
Farah	27.3208	77.7618	9236
Fālākāta	26.5196	89.2042	20119
Faizpur	21.1677	75.8601	26602
Fyzābād	26.7755	82.1502	153047
Ettumānūr	9.6690	76.5592	40438
Ettāpur	11.6624	78.4764	10968
Ettaiyapuram	9.1441	77.9907	12956
Etikoppāka	17.5000	82.7333	12000
Etāwah	26.7762	79.0213	257448
Etah	27.5588	78.6569	131023
Erumaippatti	11.1467	78.2900	12085
Erraguntla	14.6385	78.5397	32574
Erode	11.3428	77.7274	521891
Eriyodu	10.5172	78.0627	8890
Erāttupetta	9.6875	76.7789	34814
Eraniel	8.2059	77.3173	10375
Erandol	20.9221	75.3264	31071
Eral	8.6258	78.0228	9478
Emmiganūr	15.7720	77.4835	95149
Eluru	16.7131	81.1044	218020
Elūr	10.0667	76.2833	31468
Elumalai	9.8650	77.6992	15746
Ellenabad	29.4528	74.6612	37680
Elivāla	12.3578	76.5407	9826
Elāyirampannai	9.2703	77.8249	6814
Elamanchili	17.5491	82.8575	27265
Eklahra	22.2035	78.6893	7975
Ekangar Sarai	25.2234	85.2298	6672
Egra	21.8995	87.5379	32832
Edappāl	10.7834	76.0079	32550
Dwārka	22.2394	68.9678	38873
Dūsi	12.7757	79.6789	5577
Durgapur	23.5158	87.3080	518872
Durgāpur	20.0054	79.3027	18561
Durg	21.1915	81.2762	268806
Dūngarpur	23.8431	73.7147	47706
Dungarpur	21.2878	71.7556	6105
Ganj Dundwāra	27.7331	78.9412	46314
Dumraon	25.5526	84.1515	53618
Dumra	26.5671	85.5204	15778
Dumka	24.2678	87.2485	47663
Dum Duma	27.5688	95.5566	21706
Dam Dam	22.6334	88.4229	122719
Duliajan	27.3604	95.3181	28626
Dugda	23.7452	86.1718	22740
Dūdhi	24.2136	83.2407	12742
Dudhani	17.3579	76.3669	12735
Dubrājpur	23.7902	87.3765	35087
Dostpur	26.2749	82.4709	12688
Dornakal	17.4447	80.1491	15350
Dorāha	30.7995	76.0236	25424
Dongargarh	21.1889	80.7546	37372
Dongargaon	20.9717	80.8508	14693
Dondi	20.4881	81.0871	8042
Dondaicha	21.3236	74.5680	46767
Domchānch	24.4748	85.6921	15809
Dombivali	19.2167	73.0833	1247327
Doiwāla	30.1767	78.1166	8247
Dohrighāt	26.2722	83.5092	11180
Doddaballapura	13.2945	77.5378	93105
Doda	33.1492	75.5475	21605
Diyodar	24.1087	71.7740	14912
Diu	20.7141	70.9822	23991
Dispur	26.1356	91.8007	10812
Deesa	24.2561	72.1793	111160
Dirba	30.0722	75.9961	16952
Diphu	25.8434	93.4312	61797
Dīnhāta	26.1353	89.4613	42381
Dindori	22.9414	81.0798	21323
Dindigul	10.3690	77.9804	292512
Dīnānagar	32.1366	75.4729	23976
Dimāpur	25.9117	93.7217	135860
Diguvametta	15.3951	78.8293	5166
Digras	20.1035	77.7185	44767
Deglur	18.5483	77.5769	54493
Diglipur	13.2667	93.0000	42877
Dighwāra	25.7443	85.0100	32741
Digboi	27.3932	95.6184	21736
Digapahandi	19.3727	84.5718	13190
Dīg	27.4719	77.3256	44999
Dīdwāna	27.4010	74.5754	53749
Bicholim	15.5932	73.9457	16986
Dibrugarh	27.4799	94.9084	145488
Dibai	28.2085	78.2617	37873
Diamond Harbour	22.1927	88.1895	41802
Dhuwaran	22.2378	72.7591	11473
Dhūri	30.3685	75.8679	55225
Dhupgāri	26.5890	89.0073	41168
Dundigal	17.6080	78.4146	13465
Dhuliān	24.6813	87.9535	77070
Dhule	20.9013	74.7774	375559
Dhubri	26.0186	89.9856	63388
Dhrol	22.5670	70.4177	26496
Dhrāngadhra	22.9917	71.4679	75578
Dhorīmanna	25.2037	71.4369	6513
Dhoraji	21.7336	70.4500	84545
Dhone	15.3952	77.8715	59272
Dholka	22.7273	72.4413	80945
Dhola	21.8813	71.7727	8206
Dhing	26.4679	92.4734	20826
Dhilwan	31.5143	75.3457	8447
Dhenkānāl	20.6574	85.5969	67414
Dhemāji	27.4833	94.5833	13058
Dhekiajuli	26.7037	92.4781	21579
Dhaurahra	27.9981	81.0897	20098
Dhaulpur	26.6929	77.8797	133075
Dhasa	21.8049	71.5159	14448
Dhārūr	18.8202	76.1094	20417
Dhāruhera	28.2055	76.7969	30344
Dhārni	21.5533	76.8897	15761
Dharamsala	32.2201	76.3201	30764
Dharmkot	30.9456	75.2324	19057
Dharmavaram	14.4144	77.7203	121874
Dharmaragar	24.3491	92.1314	8761
Dharmapuri	12.1277	78.1579	68619
Dharmanagar	24.3667	92.1667	40595
Dharmadam	11.7754	75.4646	30804
Dharmābād	18.8912	77.8494	33741
Dhāriwāl	31.9562	75.3239	20604
Dhāri	21.3285	71.0264	29346
Dhārchula	29.8471	80.5195	7331
Dhārāvi	19.0500	72.8667	700000
Dharapuram	10.7383	77.5322	72291
Dharangaon	21.0119	75.2741	35375
Dharampuri	22.1495	75.3444	16363
Dharampur	20.5369	73.1737	24178
Dhār	22.5937	75.2977	93917
Dhanwār	24.4107	85.9818	8777
Dhanera	24.5097	72.0234	29578
Dhandhuka	22.3819	71.9866	32475
Dhanbad	23.7976	86.4299	1196214
Dhanaura	28.9591	78.2563	28285
Dhanaula	30.2822	75.5734	19920
Dhāna	23.7470	78.8623	10641
Dhamtari	20.7072	81.5487	101677
Dhāmpur	29.3088	78.5108	49973
Dhāmnod	22.2093	75.4706	32093
Dhamda	21.4500	81.3167	9961
Dhali	10.5105	77.1881	6494
Dhakuākhanā	27.2011	94.4571	13502
Dhāka	26.6748	85.1670	42063
Dewas	22.9658	76.0553	289550
Dewā	27.0362	81.1669	14375
Devrukh	17.0672	73.6152	12689
Deoli	25.7573	75.3799	22065
Devipattinam	9.4776	78.8956	11599
Devgarh	25.5253	73.9081	17604
Devgadh Bāriya	22.7052	73.9088	21030
Devarkonda	16.6919	78.9207	29731
Devanahalli	13.2465	77.7118	28051
Devakottai	9.9470	78.8233	51865
Devikāpuram	12.4981	79.2531	9800
Devadanapatti	10.1467	77.6439	19285
Deūlgaon Rāja	20.0176	76.0375	30827
Desūr	12.4373	79.4814	5312
Deshnoke	27.7984	73.3430	18470
Dergaon	26.7000	93.9667	20059
Dera Māndi	28.4360	77.1760	16725
Derā Nānak	32.0373	75.0279	7491
Depālpur	22.8510	75.5422	17474
Deori Khās	23.3902	79.0163	25632
Deoria	26.5017	83.7794	129570
Deori	21.4500	82.6167	12286
Deorī	21.0677	80.3675	14579
Deoraniān	28.6299	79.4765	19788
Deoli	20.6492	78.4802	19288
Deolāli	19.9440	73.8344	54027
Deolali	19.4739	74.6206	30997
Deokar	21.5667	81.3167	6358
Deoghar	24.4898	86.6990	203123
Deogarh	21.5383	84.7334	22390
Deoband	29.6950	77.6796	88171
Denkanikota	12.5301	77.7889	24252
Delvāda	20.7754	71.0465	11912
Delhi Cantonment	28.6000	77.1333	110351
Delhi	28.6519	77.2315	11034555
Dekan	24.7064	75.1044	7951
Dehu	18.7185	73.7664	6133
Dehradun	30.3244	78.0339	522081
Dahi	22.1122	74.5879	8509
Dediāpāda	21.6277	73.5903	9026
Debīpur	24.2503	88.6182	9613
Dāvrapāda	18.7961	73.0778	5389
Davorlim	15.2722	73.9924	15350
Davangere	14.4669	75.9269	435128
Dausa	26.8900	76.3358	85960
Daurāla	29.1134	77.7047	10915
Daund	18.4652	74.5837	49450
Daulatpur	25.3260	88.3299	7620
Daulatābād	19.9361	75.2215	10000
Daudnagar	25.0347	84.4009	52364
Dattāpur	20.7808	78.1407	21763
Datia	25.6731	78.4591	100284
Dātāganj	28.0253	79.4082	24562
Dasūya	31.8168	75.6531	25192
Daspalla	20.3396	84.8472	6906
Dāsna	28.6774	77.5225	27926
Daryāpur	20.9249	77.3264	36463
Dārwha	20.3102	77.7726	25791
Darsi	15.7698	79.6794	33418
Dārjiling	27.0333	88.2667	123797
Dāringbārhi	19.9070	84.1241	6995
Dariāwad	24.1012	74.4431	11368
Darbhanga	26.1522	85.8971	296039
Dāpoli	17.7593	73.1882	15713
Dantewāra	18.8888	81.3507	13633
Danta	27.2964	75.1867	15594
Dankaur	28.3512	77.5551	13020
Dandeli	15.2667	74.6167	52295
Dinapore	25.6370	85.0479	152940
Damoh	23.8331	79.4419	139561
Dāmnagar	21.6923	71.5175	17766
Daman	20.4143	72.8324	44282
Medininagar	24.0397	84.0658	78396
Dalsingh Sarai	25.6680	85.8364	23862
Dalmau	26.0648	81.0298	11432
Dalkola	25.8758	87.8401	15285
Dalhousie	32.5522	75.9466	7601
Dākor	22.7527	73.1497	25658
Dohad	22.8328	74.2599	118846
Dahegām	23.1690	72.8216	42632
Dāhānu	19.9678	72.7126	50287
Dādri	28.5526	77.5540	70609
Dadra	20.3250	72.9662	13039
Dabwāli	29.9491	74.7383	62113
Dabra	25.8857	78.3322	61277
Dabra	21.7804	83.0824	7854
Dabolim	15.3991	73.8559	6700
Daboh	26.0024	78.8766	18298
Dābhol	17.5897	73.1800	9142
Dabhoi	22.1833	73.4333	56253
Dabhel	20.4095	72.8834	52578
Cuttack	20.4650	85.8793	610189
Curtorim	15.2756	74.0216	12886
Curti	15.4167	74.0167	16385
Curchorem	15.2635	74.1088	22730
Cuncolim	15.1773	73.9939	16623
Cumbum	15.5817	79.1106	22653
Kadapa	14.4800	78.8235	344893
Cuddalore	11.7562	79.7669	173636
Covelong	12.7865	80.2506	8124
Cortalim	15.4025	73.9088	9080
Coonoor	11.3498	76.7938	45494
Kundapura	13.6313	74.6902	30444
Colva	15.2798	73.9228	12000
Colovale	15.6352	73.8243	5723
Colonelganj	27.1343	81.6987	25503
Colgong	25.2633	87.2326	33700
Calangute	15.5439	73.7553	17446
Coimbatore	11.0055	76.9661	2136916
Kochi	9.9399	76.2602	633553
Clement Town	30.2636	78.0086	20806
Chūru	28.3041	74.9672	120157
Churāchāndpur	24.3335	93.6700	47774
Chunār	25.1278	82.8821	36459
Vikāsnagar	30.4694	77.7728	13055
Chugānwān	31.7057	74.6633	5416
Chotila	22.4235	71.1964	21364
Chorwād	21.0295	70.2330	22720
Churhat	24.4274	81.6695	14962
Chopda	21.2458	75.2995	72783
Chopan	24.5195	83.0229	13585
Sholavandan	10.0216	77.9609	22578
Cholapuram	9.3519	77.5684	6557
Chodavaram	17.8288	82.9353	29000
Rampachodavaram	17.4409	81.7756	25074
Chityāl	17.2316	79.1281	13752
Chittūr	10.6997	76.7471	32298
Chittoor	13.2105	79.0956	160722
Chittorgarh	24.8896	74.6240	116406
Chittaranjan	23.8568	86.9032	45305
Chittarkonda	18.1253	82.1089	7260
Chitradurga	14.2226	76.4004	145853
Chitarpur	23.5728	85.6535	22837
Chītāpur	17.1236	77.0824	31299
Chītalwāna	24.9089	71.6607	8141
Chirgaon	25.5720	78.8143	14147
Chidawa	28.2394	75.6403	43953
Chīrāla	15.8239	80.3522	92942
Chīpurupalle	18.3114	83.5685	25898
Chiplūn	17.5334	73.5093	55139
Chintapalle	17.8712	82.3511	7888
Chintamani	13.4005	78.0517	76068
Chinnūr	18.8578	79.7956	23579
Chinna Salem	11.6342	78.8741	25106
Chinnamanūr	9.8400	77.3811	42305
Chincholi	17.4651	77.4187	20897
Chinchinim	15.2145	73.9755	7355
Chinchani	19.8746	72.6851	14357
Chiman	30.0936	75.6875	11615
Chillupār	26.2822	83.5064	20518
Chilakalūrupet	16.0899	80.1671	101398
Chikodi	16.4290	74.5859	38307
Chiknāyakanhalli	13.4161	76.6206	24292
Chikmagalūr	13.3223	75.7740	121484
Chikjājūr	14.1267	76.1408	6236
Chikiti	19.2023	84.6145	11645
Chikhli	20.7575	73.0627	7480
Chikhli	20.3505	76.2577	57889
Chik Bānavar	13.0822	77.5019	14409
Chik Ballāpur	13.4351	77.7279	63652
Chikhaldara	21.4004	77.3187	5158
Chīka	30.0489	76.3430	38952
Chidambaram	11.3993	79.6914	62153
Chicholi	22.0123	77.6710	9282
Chicholi	21.4693	79.7015	18864
Chichli	22.8336	78.8261	10225
Chicalim	15.3984	73.8422	7787
Chhura	20.8112	82.2091	6095
Chhuīkhadān	21.5232	80.9979	7093
Chhoti Sādri	24.3815	74.7012	18360
Chhota Udepur	22.3040	74.0158	25787
Chhindwāra	22.0570	78.9396	175052
Chhibrāmau	27.1487	79.5008	57071
Chhatarpur	28.4985	77.1825	46776
Chhatarpur	24.9177	79.5887	142128
Chhātāpur	26.2197	87.0048	23425
Chhāta	27.7237	77.5081	21260
Chharra	27.9247	78.4010	24535
Chhaprauli	29.2099	77.1745	19224
Chāpra	25.7803	84.7471	202352
Chhapera	23.8948	76.4538	8501
Chhāpar	27.8190	74.4394	19744
Chhanerā	21.9610	76.6949	22052
Chhala	23.3078	72.7740	17323
Chhachhrauli	30.2449	77.3603	10751
Chhabra	24.6647	76.8438	32285
Cheyyur	12.3495	80.0030	11060
Chettipālaiyam	10.9125	77.0370	24080
Chetput	12.4640	79.3484	19827
Chetput	13.0700	80.2408	18326
Cheruthuruthi	10.7457	76.2745	13828
Cherrapunjee	25.3009	91.6962	11722
Cheranmahadevi	8.6755	77.5696	18327
Chennimalai	11.1638	77.6039	16268
Chengannūr	9.3157	76.6151	25043
Chengam	12.3089	78.7914	26980
Chengalpattu	12.6918	79.9766	65689
Chelūr	13.7076	78.0992	5911
Chēlakara	10.6929	76.3439	8936
Chechat	24.7667	75.8833	11690
Chavara	8.9673	76.5419	42655
Chetwayi	10.5289	76.0479	38011
Chaurai	22.0546	79.2519	12956
Chaupāran	24.3870	85.2532	5361
Chaumu	27.1696	75.7223	64417
Nāngal Chaudhri	27.8927	76.1121	8538
Chaksu	26.6051	75.9481	33432
Chhatrapur	19.3557	84.9836	22027
Chatrā	24.2065	84.8709	49985
Chas	23.6356	86.1671	141640
Charthāwal	29.5469	77.5944	19942
Charkhi Dādri	28.5917	76.2716	56337
Charkhāri	25.4030	79.7488	24881
Charāma	20.4932	81.3675	9707
Chāpar	26.2727	90.4456	20322
Chantongia	26.5459	94.6856	7532
Channarāyapatna	12.9064	76.3877	40417
Channapatna	12.6514	77.2067	71942
Channagiri	14.0240	75.9258	21313
Chāngsāri	26.2643	91.6839	5354
Changanācheri	9.4420	76.5360	51430
Chandwā	23.6756	84.7401	12046
Chāndor	20.3306	74.2447	25341
Chāndūr Bāzār	21.2385	77.7471	18780
Chāndūr	20.8141	77.9801	19776
Chāndur	19.7344	79.1717	26755
Chānda	19.9508	79.2952	328351
Chandrakona	22.7333	87.5167	21855
Chāndpur	29.1349	78.2719	73555
Chāndpur	19.9431	85.4072	5565
Chandla	25.0715	80.1929	12838
Chandigarh	30.7363	76.7884	970602
Chandia	23.6565	80.7091	15891
Chanderi	24.7131	78.1381	33081
Chāndbāli	20.7752	86.7414	9918
Chanduasi	28.4518	78.7828	112635
Chandauli	25.2580	83.2682	25035
Chāndarun	26.9270	74.3355	10655
Chandannagar	22.8622	88.3680	180623
Chānasma	23.7147	72.1128	15932
Chanāri	24.9156	83.7968	6569
Chamrajnagar	11.9231	76.9395	69875
Chāmpua	22.0673	85.6646	10394
Chāmpa	22.0353	82.6423	45256
Chāmkor	30.8975	76.4154	13920
Chamba	32.5553	76.1265	21502
Challapalle	16.1176	80.9314	16841
Challakere	14.3180	76.6517	55194
Chalisgaon	20.4578	75.0160	97551
Chalāla	21.4107	71.1662	17081
Chākuliā	22.4830	86.7179	16306
Chakradharpur	22.6761	85.6289	56531
Chaklāsi	22.6532	72.9450	39581
Chākia	26.4160	85.0466	20686
Chakia	25.0489	83.2215	14999
Chākan	18.7606	73.8635	41113
Chākāi	24.5493	86.3978	11525
Chail	25.4265	81.6320	8407
Chāībāsa	22.5504	85.8025	69565
Chāchaura	24.1758	76.9996	21860
Chābua	27.4825	95.1745	8966
Cavelossim	15.1725	73.9419	11983
Carapur	15.5659	73.9871	5575
Canning	22.3140	88.6651	42132
Kannur	11.8675	75.3576	62836
Candolim	15.5181	73.7626	9197
Kolkata	22.5626	88.3630	4631392
Byādgi	14.6732	75.4868	30014
Buxar	25.5755	83.9804	102861
Burla	21.5098	83.8726	46698
Būriya	30.1591	77.3581	10903
Burhar	23.2149	81.5320	19289
Burhānpur	21.3087	76.2303	210886
Bungal	32.3139	75.7491	5257
Būndu	23.1609	85.5901	21054
Būndi	25.4385	75.6373	104919
Buldāna	20.5293	76.1846	67431
Bulandshahr	28.4039	77.8577	198612
Buguda	19.8081	84.7908	15176
Budhlāda	29.9280	75.5620	26172
Budhāna	29.2880	77.4753	35442
Budaun	28.0381	79.1267	161555
Bramhapuri	20.6111	79.8610	36025
Bramhabarada	20.7426	86.2445	10721
Brajarajnagar	21.8167	83.9167	80403
Brahmapur	19.3115	84.7929	356598
Barmhān Kalān	23.0346	79.0209	8143
Botad	22.1692	71.6667	130327
Borsad	22.4079	72.8982	63377
Borlai Panchaitan	18.1700	73.0044	6952
Borla	22.1640	81.2185	5689
Borivli	19.2350	72.8598	609617
Borio	25.0344	87.5925	6964
Borim	15.3667	74.0000	8257
Borigumma	19.0468	82.5532	9785
Borī	20.9121	79.0045	12072
Borāwar	27.0237	74.6758	24975
Bora	23.6585	76.8112	9886
Bongaigaon	26.4770	90.5581	67322
Bomdila	27.2647	92.4247	8370
Mumbai	19.0728	72.8826	12691836
Bolpur	23.6628	87.6970	70998
Bolānīkhodān	22.1131	85.3364	11942
Bokāro	23.6693	86.1516	564319
Bokākhāt	26.6402	93.6005	10143
Bokajān	26.0213	93.7794	19877
Boisar	19.8036	72.7560	36151
Bodri	23.1652	81.4326	14491
Bodināyakkanūr	10.0117	77.3498	75680
Bodh Gaya	24.6981	84.9869	38439
Bodhan	18.6621	77.8858	77573
Bobbili	18.5737	83.3593	56819
Bithūr	26.6066	80.2710	10602
Biswān	27.4958	80.9962	52516
Bissāu	28.2474	75.0767	23227
Bissamcuttack	19.5117	83.5060	8399
Bishrāmpur	24.2530	83.9250	42925
Bishnupur	23.0738	87.3199	64041
Bishnāh	32.6106	74.8556	11645
Bisenda Buzurg	25.4035	80.6189	11100
Bisauli	28.3077	78.9368	32154
Bīsalpur	28.2925	79.8047	68355
Bisālgarh	23.6760	91.2832	21085
Birvādi	18.1019	73.5080	8829
Birūr	13.5972	75.9717	23493
Bīrpur	26.5082	87.0119	19932
Birmitrapur	22.4000	84.7667	33442
Birbhaddar	30.0712	78.2819	13058
Beed	18.9892	75.7563	146709
Binika	21.0263	83.8120	15765
Bindki	26.0361	80.5762	36058
Etāwa	24.1835	78.2029	55185
Bilthra	26.1271	83.8915	17228
Bilsi	28.1294	78.9109	26320
Bilsanda	28.2434	79.9514	15538
Biloli	18.7738	77.7246	14923
Bilkha	21.4415	70.6006	14421
Bilimora	20.7696	72.9613	510879
Bilhaur	26.8435	80.0639	19333
Bilgrām	27.1751	80.0320	27173
Bilgi	16.3471	75.6180	17792
Bilaua	26.0501	78.2752	12893
Bilaspur	31.3303	76.7566	14037
Bilāspur	30.3045	77.3042	11733
Bīlāspur	28.8865	79.2703	39873
Bīlāspur	28.3913	77.6242	8036
Bilāspur	22.0800	82.1554	365579
Bilāsipāra	26.2328	90.2341	37739
Bilariāganj	26.1959	83.2269	13244
Bilāri	28.6215	78.8036	29666
Bilāra	26.1807	73.7055	41710
Bilaigarh	21.6381	82.7235	5544
Bikramganj	25.2107	84.2551	48465
Bikram	25.4471	84.8626	22486
Bikkatti	11.2772	76.6257	5864
Bīkāpur	26.5953	82.1327	13177
Bikaner	28.0176	73.3149	644406
Bijrauni	24.9330	77.6435	5743
Bijolia	25.1609	75.3233	14140
Bijnor	29.3730	78.1364	84593
Bijni	26.4959	90.7030	13257
Bijeraghogarh	23.9955	80.6066	8371
Bijepur	21.1893	83.4606	6922
Bijbehara	33.7938	75.1070	24590
Bijāwar	24.6235	79.4899	20513
Bījāpur	18.7939	80.8160	16129
Vijayapura	16.8244	75.7154	327427
Bijaipur	26.0505	77.3714	16964
Bijaynagar	25.9298	74.6492	32124
Bihtā	25.5588	84.8714	47549
Bihpuriāgaon	27.0172	93.9167	11780
Bihār Sharīf	25.2008	85.5239	297268
Bihārīganj	25.7341	86.9884	32805
Bīghāpur Khurd	26.3473	80.6570	6409
Bidhūna	26.8017	79.5083	27158
Bīdāsar	27.8360	74.3178	35683
Bidar	17.9080	77.5152	216020
Bidadi	12.7993	77.3865	9917
Bichhiā	22.4505	80.7024	10427
Bībīnagar	17.4728	78.7960	8320
Biaora	23.9205	76.9107	49093
Kīl Bhuvanagiri	11.4422	79.6476	21956
Boothapandi	8.2659	77.4461	15931
Bhusawal	21.0436	75.7851	187421
Bhundsi	28.3505	77.0614	17410
Bhuma	27.7833	74.9333	5743
Bhoom	18.4591	75.6588	18561
Bhuj	23.2540	69.6693	148834
Bhudgaon	16.9074	74.5995	15738
Bhubaneswar	20.2724	85.8338	885363
Bhuban	20.8820	85.8333	22200
Bhowali	29.3898	79.5048	5685
Bhor	18.1486	73.8434	18982
Bhopal	23.2547	77.4029	1798218
Bhonrāsa	22.9930	76.2098	12166
Bhongīr	17.5154	78.8856	53339
Bhongaon	27.2552	79.1812	29911
Bhulath Gharbi	31.5428	75.5075	10669
Bhokardan	20.2583	75.7700	24416
Bhokar	19.2193	77.6696	32899
Bhojudih	23.6396	86.4411	9109
Bhogpur	31.5544	75.6427	18008
Bhiwāni	28.7930	76.1397	196057
Bhiwandi	19.3002	73.0588	874032
Bhitarwār	25.7922	78.1108	19096
Bhīnmāl	24.9994	72.2714	47932
Bhinga	27.7028	81.9343	22016
Bhindār	24.5023	74.1855	17878
Bhind	26.5667	78.7873	197585
Bhīmunipatnam	17.8902	83.4520	55082
Bhīm Tāl	29.3445	79.5634	6625
Bhimpur	20.4500	72.8833	10936
Bhimavaram	16.5408	81.5232	146961
Bhim	25.7380	74.0801	11568
Bhilwara	25.3471	74.6408	359483
Bhiloda	23.7676	73.2470	16074
Bhilai	21.2092	81.4285	627734
Bhikkiwind Uttār	31.3494	74.7027	20526
Bhīkhi	30.0592	75.5350	17825
Bhikangaon	21.8676	75.9639	16217
Bhigvan	18.3007	74.7670	8753
Bhetia	22.7932	86.1410	174355
Bherāghāt	23.1317	79.8011	6657
Bhelai	22.3093	82.6095	27158
Bhāyāvadar	21.8552	70.2479	19458
Bhayandar	19.3016	72.8511	809378
Bhawānipatna	19.9072	83.1670	69045
Bhawānīgarh	30.2669	76.0385	22320
Bhawāni Mandi	24.4158	75.8355	42283
Bhavnagar	21.7629	72.1533	605882
Bhavāni	11.4455	77.6821	39744
Bhattiprolu	16.1026	80.7807	18001
Bhātpāra	22.8664	88.4011	483129
Bhatkal	13.9853	74.5553	32000
Bathinda	30.2075	74.9389	285788
Bhatgaon	21.1500	81.7000	8044
Bhātāpāra	21.7350	81.9471	57537
Bhusawar	27.0389	77.0485	19946
Bharwelī	21.8373	80.2271	10357
Bharwāri	25.5608	81.4916	16411
Bharūch	21.6948	72.9805	169007
Bharthana	26.7523	79.2218	41055
Bharatpur	27.2173	77.4901	252838
Bhānvad	21.9305	69.7808	22142
Bhānpurī	21.0919	80.9322	17270
Bhānpura	24.5130	75.7469	21013
Bhanjanagar	19.9272	84.5820	20647
Bhānder	25.7358	78.7455	25204
Bhandāra	21.1682	79.6488	91845
Bhālki	18.0435	77.2060	40333
Bhakhāra	20.8995	81.6028	7547
Bhaisa	19.1129	77.9634	49764
Bhairamgarh	19.0064	81.0592	9026
Bhainsdehi	21.6449	77.6302	16400
Bhagwantnagar	26.2238	80.7575	6596
Bhāgalpur	25.2445	86.9718	400146
Bhādson	30.5067	76.2471	7260
Bhadreswar	22.8245	88.3384	121662
Bhadrāvati	13.8485	75.7050	163903
Bhadrak	21.0545	86.5156	121338
Bhadrāchalam	17.6685	80.8889	50087
Bhādra	29.1030	75.1714	40662
Bhadohi	25.3953	82.5703	78568
Bhadgaon	20.6690	75.2294	37214
Bhadaur	30.4765	75.3305	18561
Bhādāsar	28.3146	74.2895	33006
Bhadarwāh	32.9794	75.7172	13429
Bhachāu	23.2986	70.3428	39532
Bhabhua	25.0405	83.6075	50179
Bhābhra	22.5305	74.3285	10968
Bhābhar	24.0717	71.5974	21894
Beypore	11.1715	75.8061	70751
Bewar	27.2187	79.2976	23280
Betūl Bazār	21.8557	77.9291	10630
Betūl	21.9006	77.9023	103330
Bettiah	26.8023	84.5031	132209
Bethamangala	13.0085	78.3282	10413
Betma	22.6865	75.6146	15999
Betamcherla	15.4514	78.1480	38994
Beswān	27.6379	77.8802	5897
Berla	21.5258	81.4784	5165
Berīwāla	28.7046	72.6419	11831
Beri Khās	28.7015	76.5771	16727
Berhait	24.8900	87.6073	9753
Berasia	23.6313	77.4335	30951
Beohāri	24.0242	81.3783	24545
Benīganj	27.2929	80.4436	10418
Benaulim	15.2644	73.9281	11919
Bemetāra	21.7156	81.5342	28536
Belūr	13.1656	75.8652	22484
Belūr	11.7075	78.4144	9281
Beltangadi	13.9833	75.3000	7676
Belsand	26.4437	85.4008	20566
Belonia	23.2518	91.4541	19996
Bellūru	12.9814	76.7331	7626
Ballari	15.1420	76.9240	410445
Beliātor	23.3205	87.2208	6014
Belagavi	15.8521	74.5045	490045
Beldānga	23.9343	88.2602	27489
Belaguntha	19.8825	84.6380	11297
Bela	25.9206	81.9963	73992
Behror	27.8883	76.2811	29531
Behat	30.1718	77.6139	18223
Begusarai	25.4185	86.1339	252008
Begūn	24.9833	75.0000	20836
Begowāl	31.6115	75.5213	10175
Begamganj	23.5992	78.3406	34031
Bedla	24.6345	73.6946	5766
Bedi	22.5014	70.0436	21327
Bed	22.4310	69.8998	8229
Beāwar	26.1012	74.3203	151152
Bāzpur	29.1530	79.1081	23900
Bayāna	26.9079	77.2899	38502
Bayad	23.2234	73.2149	17886
Bawāni Khera	28.9492	76.0311	20289
Bawāna	28.7982	77.0343	73680
Bāwal	28.0718	76.5831	16776
Baud	20.8377	84.3262	20424
Batāla	31.8092	75.2029	158621
Baswa	27.1496	76.5834	22515
Bāsugaon	26.4674	90.4195	13849
Bāsudebpur	21.1197	86.7290	33690
Bastī	26.7882	82.7162	115115
Bastar	19.2031	81.9296	10048
Basoda	23.8515	77.9365	78289
Basni	27.1723	73.6452	29187
Basna	21.2788	82.8267	10345
Basmat	19.3287	77.1575	68846
Basirhat City	22.6614	88.8548	143007
Basi	30.6885	76.4011	20288
Basi	30.5881	76.8450	26295
Basi	26.8315	76.0486	26029
Basavana Bāgevādi	16.5728	75.9725	33198
Basavakalyan	17.8744	76.9497	69717
Barwāni	22.0323	74.8998	55504
Barwāla	29.3675	75.9081	43384
Barwāh	22.2539	76.0385	26459
Barwādih	23.8478	84.1105	7888
Bāruni	25.4751	85.9681	84888
Baruipur	22.3654	88.4325	53128
Barsur	19.1356	81.3839	6636
Barshi	18.2345	75.6928	118722
Barsāna	27.6480	77.3764	9815
Barpeta	26.3229	91.0063	48824
Barpathār	26.2871	93.8884	7657
Barpāli	21.1900	83.5872	20850
Baroda	25.5000	76.6500	18437
Chhipa Barod	24.6236	76.7078	18837
Barod	23.7889	75.8116	13834
Barnāla	30.3745	75.5487	116449
Barnagar	23.0489	75.3780	36438
Bārmer	25.7457	71.3921	96225
Barkuhi	22.1901	78.7047	9895
Barkot	30.8086	78.2060	7725
Barki Saria	24.1759	85.8894	24134
Barkhera Kalān	28.4521	79.8066	11209
Barkā Kānā	23.6212	85.4675	18475
Barjora	23.4275	87.2904	12294
Barjala	23.6182	91.3560	17998
Bari Sādri	24.4134	74.4733	15713
Baripāda	21.9346	86.7285	116849
Bariārpur	25.2879	86.5764	14595
Bāri	26.6466	77.6163	62721
Barhiya	25.2881	86.0206	43045
patamda	24.3000	85.4167	10655
Barhi	23.9033	80.8152	13946
Barharwā	24.8571	87.7790	12617
Badamba	20.4191	85.3446	6284
Barhagarh	19.6450	84.4079	6982
Bārh	25.4834	85.7093	61470
Bargūr	12.5429	78.3573	16366
Bargi	22.9914	79.8755	17588
Barghāt	22.0307	79.7328	12100
Bargarh	21.3335	83.6191	80625
Bareli	23.0044	78.2301	34663
Barela	23.0968	80.0508	12620
Bareja	22.8486	72.5914	19690
Bareilly	28.3668	79.4317	745435
Bārdoli	21.1230	73.1115	60821
Barddhamān	23.2557	87.8569	301725
Bar Bigha	25.2186	85.7332	41758
Baraut	29.1020	77.2633	93544
Barauni	25.6851	78.3754	10309
Barauli	26.3811	84.5865	41877
Barauda	23.5575	75.2489	8700
Bārāsat	22.7215	88.4820	298127
Baranagar	22.6413	88.3773	260072
Bārān	25.1000	76.5167	117992
Bāramūla	34.2090	74.3428	77276
Baramkela	21.5649	83.2611	5600
Bārāmati	18.1517	74.5777	54415
Bārākpur	22.7660	88.3634	148174
Barāgaon	25.4755	78.7122	8655
Barāgaon	25.4294	82.8171	11362
Bara Bazar	22.5667	88.3500	7985
Bāpatla	15.9042	80.4674	70777
Bāonlī	26.3261	76.2283	15300
Bāola	22.8284	72.3636	42458
Banūr	30.5541	76.7195	18775
Bantvāl	12.8905	75.0349	40155
Bāntva	21.4882	70.0758	15291
Bānswāra	23.5411	74.4425	101017
Bānswāda	18.3773	77.8801	28384
Bānskhoh	26.8309	76.1521	11150
Bānsi	27.1775	82.9344	39926
Bānsgāon	26.5503	83.3450	14282
Bānsdīh	25.8838	84.2183	21457
Bānsbāria	22.9539	88.4010	108474
Bānposh	22.2483	84.8104	10430
Bannūr	12.3330	76.8620	25455
Banmankhi	25.8886	87.1942	26806
Bānkura	23.2324	87.0716	133966
Bānki	20.3791	85.5295	17521
Bankāpur	14.9230	75.2622	22529
Bānka	24.8809	86.9226	45977
Bangomunda	20.3430	82.9114	5759
Bāngarmau	26.8912	80.2115	37425
Bangarapet	12.9912	78.1780	44849
Bangaon	26.4167	91.3333	5873
Bangaon	25.8673	86.5115	60000
Bangaon	23.0455	88.8308	111693
Banganapalle	15.3177	78.2267	25325
Bengaluru	12.9719	77.5937	8495492
Banga	31.1887	75.9950	20906
Bonaigarh	21.8219	84.9520	7080
Bandora	15.4082	73.9813	12819
Bandipura	34.4173	74.6431	37081
Bāndīkūi	27.0509	76.5733	44664
Bānda	25.4776	80.3349	152218
Banda	24.0449	78.9609	30923
Banda	15.8118	73.8612	6611
Bānāvar	13.4103	76.1631	7827
Banat	29.4636	77.3548	21580
Bānapur	19.7789	85.1703	17499
Bāmor Kalān	24.8930	78.1510	27860
Bamora	24.0554	78.0893	8493
Bamna	23.0945	74.7616	9034
Bamhnī	22.4822	80.3716	10266
Bamboo Flat	11.7000	92.7167	7962
Bambolim	15.4636	73.8531	6885
Bāmaur	26.3390	78.1010	32838
Balussheri	11.4474	75.8294	27363
Bālurghāt	25.2210	88.7773	153279
Bālugaon	20.1784	85.1133	17238
Bālugān	19.7333	85.2167	17645
Balrāmpur	27.4295	82.1855	77396
Balotra	25.8324	72.2400	74496
Baloda Bāzār	21.6568	82.1606	26632
Baloda	22.1389	82.4817	13630
Balod	20.7308	81.2058	23648
Bāli	22.6486	88.3411	296973
Ballia	25.4214	86.3144	47550
Ballarpur	19.8470	79.3458	92146
Balimila	18.2517	82.1066	12008
Baliguda	20.1997	83.9094	16611
Bāli Chak	22.3648	87.5530	12957
Bāli	25.1973	73.2912	19880
Balasore	21.4927	86.9335	144373
Baldeogarh	24.7562	79.0671	9079
Baldev	27.4068	77.8221	10536
Balarāmpur	23.0971	86.2229	22847
Bālāpur	20.6661	76.7739	44594
Balāngīr	20.7042	83.4903	98238
Bālāgunda	22.1000	85.3667	11708
Bālāghāt	21.8156	80.1885	84261
Bālāchor	31.0606	76.3017	21631
Buxwaha	24.2511	79.2862	10216
Bakhtiyārpur	25.4618	85.5318	34533
Bakhri	25.5989	86.2607	40043
Bakewar	26.6623	79.1762	14217
Bakāni	24.2862	76.2371	9812
Bājna	27.8979	77.6784	7673
Budge Budge	22.4827	88.1818	76837
Viratnagar	27.4354	76.1830	20568
Bairāgnia	26.7406	85.2732	42895
Byndoor	13.8667	74.6333	20323
Bail-Hongal	15.8137	74.8589	49182
Baikunthpur	23.2621	82.5605	28431
Baikunthpur	24.7277	81.4098	10282
Baihar	22.1013	80.5497	16650
Baidyabāti	22.7850	88.3259	115504
Bahua	25.8394	80.6226	10243
Bahsūma	29.2006	77.9722	11157
Bahraigh	27.5743	81.5947	182218
Bahjoi	28.3950	78.6266	33752
Baheri	28.7742	79.4974	63953
Baharampur	24.1047	88.2515	180547
Bahadurgarh	28.6929	76.9356	170767
Bahādurganj	26.2617	87.8244	36993
Bāh	26.8691	78.5939	15359
Bagulā	23.3366	88.6411	20999
Bagra	23.7333	86.3167	11364
Bāgli	22.6412	76.3488	10764
Bagicha	22.9773	83.6570	10427
Bāghpat	28.9448	77.2186	41766
Bagdogra	26.6993	88.3118	17372
Bagha Purana	30.6881	75.0984	25206
Bāghamāra	25.1895	90.6479	13131
Bāg	22.3590	74.7905	9274
Bāgeshwar	29.8374	79.7716	8708
Bāgepalli	13.7834	77.7967	27011
Bāgbahra	21.0461	82.3864	19529
Bagasra	21.4872	70.9552	34521
Bagar	28.1878	75.5001	15670
Bagalkot	16.1867	75.6961	111933
Bagaha	27.0992	84.0900	112634
Bagaha	24.5290	85.0602	91383
Badvel	14.7451	79.0629	70626
Badūria	22.7443	88.7866	49547
Bādshāhpur	28.3932	77.0492	15593
Badnāwar	23.0218	75.2327	20917
Badlapur	19.1552	73.2655	174226
Badhni Kalān	30.6813	75.2909	6786
Badgām	34.0152	74.7207	15338
Badarwās	24.9752	77.5649	13571
Badarpur	24.8685	92.5961	13298
Bādāmi	15.9149	75.6768	30943
Badagara	11.5978	75.5814	76493
Bada Barabīl	22.1119	85.3868	56870
Bachhrāwān	26.4709	81.1158	12809
Bachhraon	28.9269	78.2346	29232
Babugarh	28.7235	77.8468	7156
Babrāla	28.2642	78.4056	16670
Bābra	21.8458	71.3054	25270
Babīna	25.2395	78.4703	35538
Baberu	25.5471	80.7044	15607
Babai	27.8876	75.7622	10620
Bābai	22.7026	77.9349	16741
Bāba Bakāla	31.5555	75.2639	8946
Azamgarh	26.0683	83.1836	116644
Ayyampettāi	10.9014	79.1798	16263
Ayyampālaiyam	10.2253	77.7485	12175
Ayodhya	26.7991	82.2047	53293
Ayakudi	10.4499	77.5520	27156
Awantipur	33.9198	75.0152	12647
Avanigadda	16.0215	80.9181	25761
Avinashi	11.1930	77.2686	28868
Avadi	13.1147	80.1098	345996
Ausa	18.2473	76.4993	36118
Aurās	26.9141	80.5079	6591
Aurangābād	24.7520	84.3742	102244
Aurangabad	19.8776	75.3423	1175116
Auraiya	26.4652	79.5092	70508
Aurād	18.2540	77.4176	19849
Attur	11.5941	78.6014	61793
Attingal	8.6961	76.8151	37346
Attili	16.7000	81.6000	68196
Attibele	12.7781	77.7726	20532
Attayampatti	11.5327	78.0536	13852
Attāni	11.5221	77.5122	8430
Atru	24.8769	76.6611	11141
Atraulia	26.3333	82.9473	11847
Atraulī	28.0296	78.2857	47512
Athner	21.6238	77.9152	11915
Atmākūr	16.3380	77.8085	12297
Atmakūr	15.8811	78.5870	35137
Adirampattinam	10.3406	79.3791	31066
Athani	16.7261	75.0642	47842
Āthagarh	20.5200	85.6296	17304
Ateli Mandi	28.1008	76.2598	7619
Atarra	25.2862	80.5716	46168
Āsind	25.7342	74.3328	16611
Āsika	19.6111	84.6600	21428
Asifābād	19.3585	79.2841	23059
Ashti	19.3767	76.2252	13084
Āshti	18.8052	75.1756	11972
Ashta	23.0175	76.7221	53184
Ashta	16.9494	74.4094	37105
Ashoknagar	24.5758	77.7312	81828
Asarganj	25.1505	86.6864	6327
Āsansol	23.6833	86.9833	504271
Asangaon	19.4387	73.3059	13104
Āsandh	29.5212	76.6055	27125
Arwal	25.2428	84.6657	51849
Ārvi	20.9959	78.2291	42822
Aruppukkottai	9.5096	78.0959	87722
Arumuganeri	8.5688	78.0909	27266
Arumbāvūr	11.3810	78.7297	12467
Arukutti	9.8667	76.3500	17944
Arsikere	13.3145	76.2570	53216
Āron	24.3811	77.4174	28010
Norīa	32.5209	74.7985	9662
Arkalgūd	12.7617	76.0603	16810
Ariyalūr	11.1385	79.0756	29144
Arimalam	10.2550	78.8840	8948
Arcot	12.9057	79.3190	55955
Aruvankad	11.3631	76.7579	5175
Aravakkurichchi	10.7760	77.9087	12412
Arāria	26.1493	87.5132	79021
Arantāngi	10.1723	78.9912	40814
Arni	12.6677	79.2853	63671
Ārangaon	19.0268	74.7149	29591
Arang	21.1964	81.9691	19091
Aramboli	8.2496	77.5216	22846
Arambol	15.6868	73.7045	10000
Arāmbāgh	22.8833	87.7833	60639
Arakkonam	13.0845	79.6705	79080
Arrah	25.5563	84.6633	261430
Aonla	28.2740	79.1652	50011
Anūpshahr	28.3575	78.2691	25306
Anūppur	23.1034	81.6908	19899
Anūpgarh	29.1911	73.2086	33309
Antu	26.0565	81.9027	8316
Antri	26.0580	78.2103	9949
Antāgarh	20.0926	81.1586	6777
Anta	25.1500	76.3000	32377
Anshing	20.0409	77.3150	19000
Annur	11.2362	77.1051	20079
Annigeri	15.4251	75.4335	28267
Annavāsal	10.4606	78.7003	8906
Annāmalainagar	11.4000	79.7333	16289
Ankola	14.6605	74.3047	22249
Ankleshwar	21.6324	72.9900	89457
Anjuna	15.5800	73.7449	9636
Anjār	23.1132	70.0267	87183
Anjangaon	21.1652	77.3091	56380
Anjad	22.0417	75.0552	26289
Angul	20.8409	85.1019	44386
Angamāli	10.1905	76.3879	34399
Anekal	12.7111	77.6956	44260
Andol	17.8146	78.0771	24645
Anthiyur	11.5751	77.5904	21086
Āndippatti	9.9980	77.6210	27287
Anantnag	33.7307	75.1542	150592
Anantapur	14.6778	77.6081	267161
Anandpur	31.2393	76.5025	16282
Anandpur	21.2141	86.1249	39585
Anandnagar	27.1006	83.2716	11220
Anand	22.5525	72.9552	209410
Anakapalle	17.6913	83.0040	86519
Anaimalai	10.5830	76.9344	17208
Āmūr	18.7928	78.2767	64023
Amudālavalasa	18.4103	83.9030	39799
Āmta	22.5834	88.0104	16753
Amroli	21.2508	72.8388	17082
Amroha	28.9031	78.4698	176253
Amritsar	31.6223	74.8753	1159227
Amreli	21.5998	71.2117	117967
Amravati	20.9333	77.7500	647057
Amod	21.9932	72.8705	18742
Ammāpettai	11.6197	77.7426	8552
Ammāpettai	10.7948	79.3199	14572
Ammāpattinam	10.0153	79.2314	6652
Amloh	30.6084	76.2320	14696
Āmli	20.2833	73.0167	33369
Āmlāgora	22.8462	87.3356	19038
Amla	21.9248	78.1279	30215
Amīngarh	16.0566	75.9477	15073
Amingaon	26.1849	91.6786	8855
Amguri	26.8148	94.5261	8494
Amgaon	21.3720	80.3845	10972
Amethi	28.0167	81.0500	12206
Amethī	26.1570	81.8052	13684
Amet	25.3061	73.9258	17434
Ambur	12.7916	78.7164	114608
Ambikāpur	23.1189	83.1954	121071
Ambattur	13.0982	80.1615	466205
Ambasamudram	8.7107	77.4519	35645
Āmbāsa	23.9360	91.8544	16285
Ambāla	30.3610	76.7978	195153
Ambājogāi	18.7331	76.3862	74114
Ambahta	29.8571	77.3358	14303
Ambāh	26.7042	78.2268	47177
Ambāgarh Chauki	20.7764	80.7461	9889
Ambad	19.6130	75.7891	31553
Amarwāra	22.2978	79.1694	14141
Amarpur	25.0397	86.9025	25336
Amarpur	23.5257	91.6588	11906
Amarpātan	24.3137	80.9770	19409
Ambarnath	19.2000	73.1667	253475
Amarkantak	22.6749	81.7591	8416
Amānpur	27.7122	78.7379	10362
Amānganj	24.4266	80.0358	13886
Amalner	21.0398	75.0589	97369
Amalāpuram	16.5787	82.0061	53231
Alwaye	10.1065	76.3548	23703
Alwa Tirunagari	8.6064	77.9398	9289
Ālwārkurichchi	8.7838	77.3952	10045
Alwar	27.5625	76.6250	322568
Alūr	12.9780	75.9909	6604
Alot	23.7634	75.5566	24115
Along	28.1695	94.8006	18425
Alnāvar	15.4273	74.7411	17228
Almora	29.5971	79.6591	32442
Allinagaram	10.0274	77.4781	94453
Alappuzha	9.4900	76.3264	240991
Allāpalli	19.4317	80.0638	10772
Allāhganj	27.5454	79.6872	13824
Prayagraj	25.4448	81.8432	1073438
Aliyābād	12.6317	79.2164	14304
Alīpur Duār	26.4835	89.5229	65232
Alīpur	28.7986	77.1331	20736
Alīgarh	27.8815	78.0746	753207
Alīgarh	25.9652	76.0830	7626
Alīganj	27.4936	79.1713	26652
Alībāg	18.6481	72.8758	20752
Aldona	15.5934	73.8748	6606
Alāwalpur	31.4316	75.6561	7815
Alattūr	10.6500	76.5333	26720
Ālappākkam	11.5990	79.7189	5585
Ālangulam	8.8640	77.4994	28558
Ālangudi	10.3606	78.9849	12367
Alangāyam	12.6224	78.7521	18327
Alangānallūr	10.0470	78.0903	12331
Ālāndurai	10.9532	76.7900	7221
Alandur	13.0025	80.2061	164430
Alandi	18.6776	73.8987	28645
Aland	17.5643	76.5685	42371
Alampur	26.0251	78.7970	10686
Ālampur	15.8799	78.1335	14060
Azhagiapāndipuram	8.3007	77.4439	11392
Alagāpuram	11.8871	78.9176	8345
Akot	21.0963	77.0588	92637
Akola	20.7096	76.9981	428857
Akodia	23.3803	76.5987	11652
Aklūj	17.8924	75.0214	39972
Aklera	24.4129	76.5672	26240
Akivīdu	16.5822	81.3811	40413
Akhnūr	32.8955	74.7349	20756
Akbarpur	26.4295	82.5343	36865
Akbarpur	26.3837	79.9493	18835
Akaltara	22.0246	82.4264	22712
Akalkot	17.5253	76.2061	40103
Akālgarh	29.8207	75.8908	6993
Ajara	16.1160	74.2110	17257
Ajnāla	31.8447	74.7630	21107
Ajmer	26.4521	74.6387	542321
Ajjampur	13.7279	76.0068	10795
Ajaigarh	24.8988	80.2592	16656
Aizawl	23.7289	92.7179	293416
Aish Maqām	33.8650	75.2837	6519
Ahwa	20.7572	73.6863	15004
Ahraura	25.0158	83.0329	25075
Ahor	25.3687	72.7804	16867
Ahmadpur	23.8301	87.6866	8855
Ahmadpur	18.7062	76.9373	43936
Ahilyanagar	19.0946	74.7384	367140
Ahmedabad	23.0258	72.5873	6357693
Ahiri	19.4139	80.0036	14609
Agra	27.1833	78.0167	1430055
Agastīswaram	8.0996	77.5215	9717
Agartala	23.8361	91.2794	400004
Agar	23.7118	76.0157	37917
Afzalpur	17.1999	76.3602	27088
Afzalgarh	29.3937	78.6739	27753
Aduthurai	11.0154	79.4809	11705
Adūr	9.1560	76.7319	29652
Ādri	20.9659	70.2886	6952
Adra	23.4967	86.6836	22159
Adoni	15.6279	77.2750	184625
Ādilābād	19.6720	78.5359	118526
Addanki	15.8106	79.9734	28547
Adbhār	21.9535	83.0247	7272
Adalaj	23.1645	72.5811	11957
Achhnera	27.1783	77.7567	20532
Achhībal	33.6841	75.2184	17556
Acharapākkam	12.4028	79.8170	10362
Achalpur	21.2567	77.5101	112311
Ābu Road	24.4801	72.7819	55599
Ābu	24.5937	72.7176	24981
Abohar	30.1445	74.1955	145302
Abirāmam	9.4423	78.4399	8144
Abhayāpuri	26.3225	90.6853	15847
Abhanpur	21.0531	81.7409	14432
Ratannagar	28.2134	74.9552	12841
Dalli Rājhara	20.5857	81.0750	44363
Bhānupratāppur	20.3098	81.0731	8125
Contai	21.7798	87.7489	88702
Haldia	22.0605	88.1098	170695
Srirāmpur	22.9485	88.0195	18682
Haripur	22.9361	88.2319	7327
Kesabpur	22.9683	88.2628	10921
Bāgnān	22.9334	88.1386	8494
Rāmnagar	22.7778	88.2464	5195
Begampur	22.7307	88.2576	9831
Parbatipur	22.6625	88.2222	8657
Bhandārdaha	22.6148	88.1919	5079
Dumjor	22.6199	88.2457	17972
Krishnapur	22.6703	88.2694	7325
Bankra	22.6029	88.2775	56273
Chakapara	22.6322	88.3486	27320
Mahiari	22.5883	88.2354	17051
Masila	22.5808	88.2328	11461
Dhulagari	22.5821	88.1710	21080
Pānchla	22.5367	88.1379	23526
Sāhāpur	22.5244	88.1669	7883
Raghudebbati	22.5256	88.1958	12833
Gobindapur	22.5931	88.0914	11781
Pujali	22.4679	88.1452	37047
Maheshtala	22.5086	88.2532	448317
Monoharpur	22.1083	88.0789	23362
Solap	22.1278	88.1586	13751
Gopālpur	22.6184	88.7512	6890
Badāmibāgh	34.0738	74.8528	22214
Majhiāri	33.5969	74.2253	5033
Soyībug	34.0768	74.7057	104000
Watargām	34.3194	74.3736	7015
Bhulwāl	32.8371	74.8193	14174
Chīma	30.6854	76.0864	9894
Ūncha Sawāna	29.6208	76.9994	8922
Kheri Sāmpla	28.7781	76.7756	10891
Brāhmanān di Bāri	32.6440	74.9110	15453
Ratnu Chak	32.6667	74.9267	5228
Bīrpur	32.6617	74.9518	7177
Chhutmalpur	30.0321	77.7533	11127
Sikandarpur	29.4151	76.9342	8894
Kachrauli	29.4584	76.9486	5400
Kabri	29.4278	76.9397	7049
Kheri Nāngal	29.3544	76.9774	18195
Jharoda Kalān	28.6526	76.9521	19578
Mitrāon	28.6062	76.9460	6512
Jāfarpur Kalān	28.5900	76.9205	6573
Roshanpura	28.6006	76.9892	57217
Khaira	28.5942	76.9701	7220
Dīndārpur	28.5981	76.9916	35856
Mailāram	17.5013	78.1239	11759
Bhānūr	17.4899	78.1774	9203
Singāpur	17.4698	78.1257	24457
Kotūr	17.1484	78.2873	10519
Bandlaguda	17.3511	78.3912	12734
Bālāpur	17.3102	78.4997	8280
Nāgāvaram	17.4886	78.6021	30502
Medpalli	17.4061	78.6044	10787
Jilādiguda	17.3320	78.5255	27461
Yamjāl	17.2694	78.5767	15689
Ghatkesar	17.4508	78.6837	19763
Pochampalli	17.3492	78.8228	12972
Anwaram	17.6330	78.3795	6840
Bontapalli	17.6624	78.3640	6608
Chandūr	17.8745	78.1002	11220
Chitkul	17.5587	78.2226	5596
Kompalli	17.5450	78.4884	15575
Muttargi	17.5410	78.2271	8777
Vijayapura	13.2972	77.8018	34866
Adampur	31.4322	75.7148	20922
Mullānwāla	31.0619	74.8228	16183
Phūp Kalān	26.6445	78.8736	12657
Chanaje	18.8613	72.9526	16714
Naoghar	18.8917	72.9857	6603
Agaram	13.1100	80.2333	10263
Madhavaram	13.1482	80.2314	119105
Chinnasekkadu	13.1609	80.2573	12396
Maduraivayal	13.0631	80.1719	19208
Porur	13.0357	80.1582	46690
Mugalivakkam	13.0205	80.1653	25117
Manappakkam	13.0108	80.1686	8851
Virugambakkam	13.0463	80.1913	21376
Madipakkam	12.9623	80.1986	35752
Ullagaram	12.9790	80.1970	53322
Perungudi	12.9610	80.2409	43111
Kotivakkam	12.9702	80.2577	20217
Nāvalūr	12.8448	80.2265	7610
Rajakilpakkam	12.9194	80.1697	37906
Vengavasal	12.8991	80.1690	13671
Meddappakkam	12.9166	80.1938	45356
Kullattūr	12.9419	80.1947	27374
Kavanur	12.9962	80.0751	54986
Nandambakkam	12.9779	80.0678	8540
Kallamchavadi	12.9531	80.1308	30702
Alapakam	12.8944	80.1111	14390
Unamaucheri	12.8608	80.1066	29122
Pedappai	12.8854	80.0220	14063
Perunkalattu	12.9182	80.0824	37342
Madambakkam	12.8525	80.0467	17058
Elandacheri	13.1898	80.2710	12119
Sūrappattu	13.1429	80.1917	10444
Kattrivedu	13.1378	80.2044	7580
Nalambūr	13.0867	80.1703	21973
Nerkunram	13.0619	80.2094	59790
Tirurāgeswaram	13.0092	80.1475	11551
Kaikalapettai	13.0219	80.1206	23910
Vīrarāghavapuram	13.0731	80.1078	64698
Reddipālaiyam	13.1078	80.1206	29511
Vellānūr	13.1580	80.1063	6078
Alamādi	13.2092	80.1097	7424
Kākalūr	13.1394	79.9287	14528
Tolūr	13.1308	79.9580	5698
Dāsiripuram	13.1242	80.0300	9251
Melpedu	13.1564	80.0414	5743
Vengattūr	13.0999	79.9321	23292
Tirumeshi	13.0534	80.0600	19733
Kupwāra	34.0306	74.2642	14711
Powai	19.1164	72.9047	20000
Ran	22.1786	69.3331	8648
Navi Mumbai	19.0368	73.0158	2600000
Chockli	11.7274	75.5551	33732
Panoor	11.7594	75.5784	17438
Puttaparthi	14.1652	77.8117	9000
Panchkula	30.6946	76.8504	211355
Chikkabidarakallu	13.0516	77.4884	11554
Sholinganallur	12.8900	80.2313	35602
Hunasamaranahalli	13.1438	77.6170	13389
koppana Agrahara	12.8551	77.6671	20622
Hebbagodi	12.8263	77.6809	34827
Bommasandra Industrial Area	12.8177	77.6842	15254
Madanayakahalli	13.0587	77.4621	12563
Canacona	14.9959	74.0506	12434
Murudeshwara	14.0943	74.4845	17938
Shivaji Nagar	18.5302	73.8526	1000000
Greater Noida	28.4962	77.5360	293908
Gandhīsāgar Colony	24.6905	75.5668	7178
Dariya	30.6986	76.8176	14470
Chandīman	30.7317	76.8988	9051
Zerakpur	30.6562	76.8209	95553
Dappar	30.5207	76.8161	5936
Mīrpur	30.6119	76.8533	5967
Bhankarpur	30.6062	76.8363	10768
Bīna	24.1716	78.1876	64529
Kāri	24.8368	78.8665	10409
Mohali	30.6800	76.7221	166864
Barāgaon	24.5682	79.0185	9282
Banbasa	28.9913	80.0761	7138
vadlamuru	17.0954	82.1656	10000
Pithampur	22.6020	75.6965	126200
Barbil	22.1019	85.3775	66540
Airoli	19.1510	72.9963	100000
Aluva	10.1076	76.3516	24108
Kotkapura	30.5819	74.8330	80741
Muvattupuzha	9.9799	76.5738	30397
Perumbavoor	10.1069	76.4737	28110
Vapi	20.3717	72.9049	163630
Baddi	30.9578	76.7914	29911
Noida	28.5800	77.3300	293908
Bhiwadi	28.2102	76.8606	104921
Parwanoo	30.8372	76.9614	8758
Jorethang	27.1070	88.3233	9009
Mandideep	23.0817	77.5333	59654
Singrauli	24.1997	82.6753	220257
Birpara	26.7042	89.1455	30000
Jaigaon	26.8477	89.3756	158664
Hinjawadi	18.5934	73.7298	11459
Periyapattinam	9.2726	78.9023	9730
Vagator	15.5977	73.7450	14986
Akkarampalle	13.6500	79.4200	44219
Bellampalli	19.0558	79.4930	66660
Chemmumiahpet	14.4629	78.8119	31416
Gaddi Annaram	17.3669	78.5242	53622
Dasnapur	19.6540	78.5121	22216
Kanuru	16.2858	81.2546	43696
Lal Bahadur Nagar	17.3477	78.5576	261987
Madhira	16.9233	80.3631	22716
Malkajgiri	17.4478	78.5263	150000
Mandamarri	18.9651	79.4748	66176
Chinnachowk	14.4752	78.8354	64053
Kyathampalle	19.6678	78.5289	42275
Gajuwaka	17.7000	83.2167	258944
Katheru	17.0379	81.7760	23572
Metpalle	18.8472	78.6256	50902
Manuguru	17.9302	80.8267	32539
Kalyandurg	14.5452	77.1055	32328
Payakaraopeta	17.3678	82.5683	27001
Ponnur	16.0711	80.5494	59913
Quthbullapur	17.5011	78.4582	225816
Ramanayyapeta	16.9452	82.2385	28369
Palwancha	17.5815	80.6765	80199
Barpeta Road	26.5028	90.9694	35571
Sathupalli	17.2497	80.8690	40000
Yanamalakuduru	16.4853	80.6675	34177
Morigaon	26.2491	92.3476	29164
Naharlagun	27.1047	93.6952	36158
Serilingampalle	17.4931	78.3020	150525
Silapathar	27.5944	94.7240	25662
Sarupathar	26.2060	96.8100	9827
Lumding Railway Colony	25.7490	93.1700	31347
Aistala	23.1800	88.5800	19425
Ashoknagar Kalyangarh	22.8642	88.6370	111475
Bahula	23.6518	87.1647	16264
Thanneermukkom	9.6634	76.3807	31525
Pavuluru	15.8529	80.1647	10524
Jhulasan	23.3286	72.4731	8000
Aymanam	9.6068	76.5006	34470
Bhawanipur	26.4535	87.0274	27000
Bakhtiarpur	25.4560	85.5329	47897
Pimpri-Chinchwad	18.6187	73.8037	1727692
Bhagta	30.4757	75.0981	14467
Zira	30.9685	74.9911	37498
Longowal	30.1985	75.6819	23851
Kambainallur	12.2066	78.3172	12194
Adampur	29.2803	75.4682	25531
Shamshabad	17.2519	78.4184	32583
Thottada	11.8385	75.4208	40818
Williamnagar	25.4955	90.6168	24597
Nongthymmai	25.5637	91.9064	38004
Kumbalangy	9.8798	76.2835	42367
Devadurga	16.4231	76.9358	28929
Patran	29.9577	76.0486	27963
Padmabīl	26.4363	89.9634	6874
Kharghar	19.0498	73.0702	80612
Chendamangalam	10.1632	76.2346	29326
Panaikulam	9.3757	78.9540	6980
Artist Village	19.0323	73.0428	6000
Singampunari	10.1862	78.4150	18143
Thondamuthur	10.9908	76.8418	11492
Mannachanallur	10.9099	78.6993	25931
Thottiyam	10.9900	78.3341	14909
Thuraiyur	11.1480	78.5991	32439
Pallipalayam	11.3652	77.7623	40140
Kumarapalayam	11.4450	77.7110	195071
Vennandur	11.5152	78.0907	14568
Krishnarayapuram	10.9563	78.2831	10792
Vembadithalam	11.5674	78.0109	7331
Parangipettai	11.4912	79.7605	25541
Virudhachalam	11.5150	79.3282	73585
Kattumannarkoil	11.2763	79.5578	27294
Oddanchathiram	10.4801	77.7498	30064
Pannaikadu	10.2793	77.6285	8731
Navoor	12.8910	75.0848	5365
Kargal	14.1883	74.8127	10847
Udaipurwati	27.7301	75.4716	29236
Sumerpur	25.1543	73.0816	39132
Karingal	8.2363	77.2426	16691
Arumanai	8.3670	77.2433	16283
Kottur	10.5365	76.9803	26627
Sankagiri	11.4760	77.8664	29467
Nachiyar Koil	10.9195	79.4459	7505
Electronic City Phase I	12.8549	77.6633	76348
Ramagundam	18.7550	79.4740	242979
Veeraganur	11.4769	78.7352	11624
Lohiān	31.1619	75.2097	10362
Malsiān	31.1300	75.3502	12780
Shella	25.1786	91.6395	54039
Rengte	24.4811	92.7586	10554
Kawnpur	24.0476	92.6756	7732
Sengmai	24.9456	93.8814	5065
Oinām	24.6890	93.8129	7161
Kumbi	24.4328	93.8129	9546
Kakching Khunou	24.4047	93.8998	11379
Daporijo	27.9911	94.2296	13405
Dih	26.1426	81.4086	7267
Majhauli	24.1197	81.6300	11892
Hanumana	24.7789	82.0960	16771
Bāra	24.8058	84.7899	5185
Mirganj	26.3734	84.3349	26240
Sultānganj	25.2383	86.7356	52892
Modīnagar	28.8306	77.5730	475843
Bagru	26.8107	75.5470	31229
Tikarapāra	19.6239	83.4954	8346
Nimach	24.4595	74.8662	128561
Kamatgi	16.0779	75.8132	15620
Azhikkōd	11.9199	75.3355	25195
Kamalāpuram	15.3044	76.4765	25552
Nannambra	10.9921	75.9080	40543
Vellalūr	10.9775	77.0260	24872
Tikkanbankad	8.2216	77.2733	14086
Virudampattu	12.9595	79.1444	7662
Thimiri	12.8283	79.3079	16246
Tādikombu	10.4390	77.9546	18838
Puliyūr	10.9499	78.1453	12720
Mechcheri	11.8341	77.9439	25676
Kandanūr	10.1037	78.8254	7696
Puduvayal	10.1034	78.8462	11284
Vatakemuri	10.4176	76.1542	9585
Edattirutti	10.3640	76.1737	12921
Kalombe	16.6633	74.2116	10138
Kāttakampāla	10.6942	76.0336	11836
Katavallūr	10.7169	76.0695	12912
Anjūr	10.5917	76.1545	10860
Vāniyamkulam	10.7830	76.3336	16085
Jarhi	23.3592	83.0447	7228
Wādrupnagar	23.7664	83.2064	6048
Semarwāra	23.5668	73.7427	6891
Mehidpur	23.4888	75.6580	34362
Khoni	19.3173	73.0597	26016
Loharda	22.5918	76.5957	9202
Karjan	22.0467	73.1181	30405
Ukal	21.2374	73.5779	7453
Mahuver	21.0267	72.8868	10749
Cherpulassery	10.8765	76.3093	30000
Biswanath Chariali	26.7258	93.1466	19145
Jalandhar Cantonment	31.2942	75.6197	47845
Kagaznāgār	19.3316	79.4660	57583
Prāntij	23.4361	72.8448	23596
Kirandul	18.6365	81.2583	19053
Yamuna Vihar	28.6988	77.2737	10000
Dayapar	23.6337	68.9019	12000
Nedumbassery	10.1565	76.4017	29706
Ganaur	29.1302	77.0183	35603
Thoothukudi	8.7674	78.1342	410760
Shiraguppi	16.6187	74.7091	25000
Gadag-Betageri	15.4167	75.6167	172813
Rabkavi-Banhatti	16.4700	75.1200	77004
Dharapur	26.1495	91.6420	8095
Rudrapur	28.9800	79.4000	154554
Bishnupur	24.6285	93.7618	12167
Bada Malhera	24.5641	79.3071	18335
Chakghat	25.0428	81.7281	10678
Laitumkhrah	25.5707	91.8977	27219
Kurwai	24.1172	78.0383	15487
Jirapur	24.0214	76.3764	21724
Soyatkalan	24.1886	76.1778	14781
Budhni	22.7866	77.6811	16808
Badi	23.0367	78.0842	19603
Areraj	26.5503	84.6801	26014
Sunabeda	18.7284	82.8293	50394
Rajgangpur	22.2000	84.5830	51362
Lateri	24.0609	77.4104	18844
Rajgamar	22.3820	82.8330	11544
Bilha	21.9500	82.0500	11048
Nawagarh	21.9008	81.6135	10541
V.S.K.Valasai (Dindigul-Dist.)	10.3155	78.1514	17865
Doboka	26.1165	92.8637	13118
Bihpuria	27.0169	93.9150	12016
Dharamjaigarh	22.4638	83.2113	14354
Gangadharpur	22.7600	88.2200	7862
Siltara	21.3812	81.6638	10721
Sheragada	19.5130	84.6041	6653
Dudpatil I	24.9109	92.7904	5083
Dhamanagar	20.9167	86.4500	22920
Barbigha	25.2167	85.7333	46075
Joda	22.0170	85.4220	46631
Khawzawl	23.5177	93.1889	11022
Kadodara	21.1616	72.9623	27336
Thodupuzha	9.8939	76.7222	52045
Maithon	23.7800	86.8100	18830
Birsinghpur	24.7980	80.9729	14339
Neelankarai	12.9495	80.2592	76600
Injambakkam	12.9162	80.2488	23346
Palavakkam	12.9535	80.2572	26766
Nongumlong	25.5644	91.8312	7381
Srikalahasti	13.7551	79.7014	80056
Choglamsar	34.1116	77.5879	10754
Yingkiong	28.6104	95.0475	6540
Nambol	24.6956	93.8197	22512
Roing	28.1432	95.8447	11389
Shahbazpur	26.3051	87.2887	38000
Sethiyathope	11.4369	79.5425	8824
Sunāri Kalān	28.8610	76.5690	7506
Rāmpura	28.1903	76.6015	5954
Ladrāwan	28.7866	76.9365	6905
Outabgarh	28.8010	76.9616	7639
Heli Mandi	28.3449	76.7569	20906
Mānesar	28.3531	76.9404	23448
Akaira	28.2310	76.8508	7110
Khori Kalān	28.2152	76.8815	6007
Pammal	12.9750	80.1347	75870
Anakaputhur	12.9828	80.1264	48050
Valasaravakkam	13.0439	80.1725	47378
Maduravoyal	13.0675	80.1632	86195
Meenambakkam	12.9846	80.1747	24334
Pallikaranai	12.9377	80.2153	43493
Ganguwa	29.1134	75.6958	25847
Inda Chhoi	29.6404	75.7904	7000
Buna Hir	34.5243	74.2030	6348
Gulgam	34.5500	74.2173	15587
Kopawor	34.5286	74.2640	21771
Kaurānwāli	30.3845	74.0640	5770
Baruwāli	30.5378	74.6538	8668
Barāra	30.2146	77.0403	21545
Khairtal	27.8043	76.6386	38298
Bhūgor	27.5169	76.6100	7666
Desūla	27.5320	76.6793	7306
Diwākari	27.5553	76.6594	11188
Kansāpur	30.1455	77.2663	18909
Sisauli	30.1430	77.2596	22479
Bārhi Mājra	30.1141	77.3055	9188
Doha	27.6783	76.9361	7642
Kherli	27.2736	76.9861	17634
Mahu Khurd	26.4693	76.7325	10971
Asāra	29.2471	77.3089	15959
Ghoradongri	22.1243	77.9997	9745
Sārni	22.1032	78.1716	86141
Chikhli Kalān	22.2152	78.7430	9840
Chāndāmeta	22.1909	78.7303	16497
Ambara	22.1902	78.6708	6282
Pālāchaurai	22.2003	78.6592	7061
Dighāwāni	22.2061	78.8135	5953
Loniya	22.0618	78.9126	14989
Sirgora	22.2063	78.8832	7430
Borgaon	21.5611	78.8131	7497
Wardhāmna	21.1270	78.9503	6148
Wānādongri	21.0938	78.9727	37667
Nildoh	21.1107	78.9891	38157
Sonegaon	21.1367	78.9973	9387
Deolimet	21.1580	78.9679	14545
Brāhmani	21.2477	78.9065	10341
Pimpalgaon	20.4128	78.1282	8317
Vāghāpur	20.3954	78.1106	12684
Vadgaon	20.3759	78.1126	40884
Umarsera	20.3714	78.1234	21752
Belpahar	21.8218	83.8458	38993
Bishrampur	23.1897	83.0047	11367
Bhauri	24.6609	72.9140	15312
Mahna	30.2280	74.9937	27733
Rāman	29.9505	74.9785	22553
Bargaon	24.6324	73.6826	9193
Bhuwāna	24.6214	73.7082	17665
Bhucho Mandi	30.2129	75.0969	14961
Sātalkheri	24.6522	75.9983	15617
Kumbhkot	24.6183	76.0008	6602
Tapa	30.2979	75.3694	23248
Akālgarh	30.7595	75.6457	7678
Mūllānpur	30.8546	75.6609	16356
Baddowāl	30.8611	75.7469	6825
Bayānpur	28.9633	77.0081	5406
Daryāpur Kalān	28.8140	77.0111	6310
Pūth Khurd	28.7700	77.0494	10654
Barwāla	28.7613	77.0628	8948
Pehlādpur Bāngar	28.7506	77.0810	22968
Siraspur	28.7582	77.1309	30445
Khera Kalān	28.7745	77.1172	8252
Khera Khurd	28.7755	77.0997	9777
Bhorgarh	28.8293	77.0952	8627
Bānkner	28.8525	77.0787	14788
Tīkri Khurd	28.8354	77.1195	13772
Kundli	28.8691	77.1206	21633
Badh Malak	28.9198	77.0958	6938
Bānkoli	28.8120	77.1412	5339
Bakhtāwarpur	28.8234	77.1754	12716
Ibrāhīmpur	28.7757	77.1777	10614
Kādīpur	28.7740	77.1631	18369
Libāspur	28.7509	77.1465	44375
Burāri	28.7557	77.1994	146190
Bhattiān	30.9610	75.8289	11066
Pratāp Singhwāla	30.9282	75.7786	10843
Tharīke	30.8667	75.7816	12294
Gil	30.8469	75.8636	28884
Bhamiān Kalān	30.9191	75.9423	13174
Sānehwāl	30.8413	75.9855	22484
Kanjhawāla	28.7368	77.0052	10331
Karāla	28.7355	77.0352	35730
Auhammadpur Mājri	28.7292	77.0383	17462
Mubārakpur Dobās	28.7098	77.0394	12043
Rāni Khera	28.7060	77.0258	16402
Gheora	28.6941	77.0016	6876
Begampur	28.7265	77.0669	53682
Pūth Kalān	28.7116	77.0789	96002
Kamaruddinnagar	28.6770	77.0537	25126
Mūndka	28.6801	77.0298	54541
Bakarwāla	28.6678	77.0201	18122
Nilithi	28.6520	77.0564	43371
Bāprola	28.6413	77.0142	52744
Hashtsāl	28.6341	77.0577	176877
Chhāwāla	28.5628	77.0033	14662
Rijokri	28.5139	77.1151	19148
Kāpas Herd	28.5261	77.0840	74073
Malakpur Kohi Rangpur	28.5403	77.1208	23726
Kirāri Sulemānnagar	28.6974	77.0648	283211
Sāhibābād Daulotpur	28.7471	77.1146	54773
Mukandpur	28.7394	77.1831	57135
Bhālswa Jahangirpur	28.7356	77.1668	197148
Murādābād Pahāri	28.5646	77.1513	21502
Deoli	28.5025	77.2312	169122
Tighri	28.5123	77.2408	46974
Saiyad-ul-ajaib	28.5192	77.2035	17914
Sādatpur Gujran	28.7283	77.2482	97641
Jharoda Mazra Burāri	28.7301	77.2091	22878
Karāwalnagar	28.7271	77.2705	224281
Mustafābād	28.7197	77.2678	127167
Jīwanpur	28.7145	77.2849	43054
Gokalpur	28.7029	77.2896	121870
Mandoli	28.7028	77.3100	120417
Bābarpur	28.6875	77.2856	37058
Jāfarābād	28.6787	77.2712	54601
Chilla Soroda Bāngar	28.5957	77.3019	83217
Dalūpura	28.6057	77.3190	154791
Ali	28.5161	77.3099	27169
Molārband	28.5029	77.3144	91402
Jaitpur	28.5065	77.3298	59330
Kondli	28.6117	77.3267	38207
Gharroli	28.6167	77.3321	92540
Tilpat	28.4651	77.3328	20514
Mīthepur	28.4974	77.3186	69837
Bisokhar	28.8515	77.5842	14332
Sikhera	28.8617	77.5708	5024
Choudwar	20.5392	85.9151	52999
Goniāna Mandi	30.3168	74.9125	15208
Chuhal	31.5950	75.9684	7304
Sātraud Khurd	29.1309	75.7878	5568
Sātraud Kalān	29.1029	75.8147	11932
Māyar	29.1046	75.8639	6039
Pakhi Khanauri	29.8427	76.1137	14096
Bhākli	28.4165	76.4754	9970
Kherlīganj	24.8808	76.6682	7022
Singānuram	18.8222	79.5017	20061
Bāda	26.0648	75.0216	20372
Sarwar	26.2425	75.1287	20372
Mundāli	28.8698	77.8266	12287
Ettumanoor	9.6700	76.5700	26993
Benipur	26.0551	86.1456	75317
Rosera	25.7549	86.0315	31155
Sonepur	25.6961	85.1667	37776
Mahnar Bazar	25.6096	85.4808	48293
Jora Khurd	26.4893	77.9758	32087
Mālanpur	26.3572	78.2870	7492
Gothara	28.0662	75.8177	16933
Rāmgarh	25.8906	78.3293	8423
Buzurg	25.8904	78.3453	13868
Amargarh	30.4621	76.0144	7339
Lāhauran Bara	30.3967	76.1562	10218
Dārapur	34.5122	74.4140	8464
Rurki	30.3695	76.4741	10509
Mulānpur	30.8000	76.7436	6165
Nīlpur	30.4689	76.5797	8391
Lālru	30.4917	76.7987	21394
Kānwāla	30.3478	76.7945	5024
Kardhān	30.3177	76.8660	18662
Nanhera	30.3192	76.8480	6035
Bablāi	30.3573	76.8790	26412
Boh	30.3809	76.8800	8482
Tūndla	30.3804	76.8566	5658
Jāndli	30.3571	76.7964	14397
Bād	27.4107	77.6922	14559
Rawān	21.6840	82.0874	5100
Chikhlākasa	20.6000	81.0778	6160
Ahīwāra	21.3580	81.4179	20384
Birgaon	21.3076	81.6279	96294
Wājegaon	19.1439	77.3457	9772
Balīrāmpur	19.1208	77.3394	11939
Dhanegaon	19.1273	77.3371	9809
Pipri	20.7861	78.5936	23661
Nālvādi	20.7574	78.6222	12119
Mhāsāl	20.7504	78.6363	8883
Bhīmnagar	20.7243	78.5844	14394
Borgaon	20.7227	78.6039	19759
Sindi	20.7424	78.5871	20956
Bānsātārkheda	23.7919	79.3390	5458
Hirdepur	23.8272	79.4235	8100
Karmeta	23.2072	79.8962	14452
Mandai	23.2191	79.9855	6743
Amkhera	23.2133	79.9334	8957
Suhāgi	23.2206	79.9569	14787
Bilpura	23.2216	79.9917	14349
Saidāpur	16.5644	77.2649	5432
Boyāpalli	16.7808	77.9910	9247
Timmāpur	19.0484	78.6414	13485
Potreddipalli	17.5880	78.0798	11514
Isnapuram	17.5424	78.1995	8276
Walni	21.3231	79.0872	9393
Silewāra	21.2912	79.1240	7290
Tikādi	21.2577	79.2261	13741
Chicholi	21.2664	79.1156	18469
Mahādula	21.2526	79.0811	21481
Bhokra	21.2279	79.0680	8602
Kandri	21.2430	79.2391	10624
Kanhān	21.2290	79.2398	22945
Yerkhera	21.2165	79.1855	15727
Nārsala	21.0897	79.1359	17330
Hudkeshwar Buzurg	21.0824	79.1274	24499
Wāri	21.1531	79.0076	54048
Jhundpura	26.3473	77.5010	9803
Sivunipalli	17.8441	79.3822	6242
Kadipikonda	17.9637	79.5098	8685
Mamnūr	17.9092	79.5926	6319
Gorrakunta	17.9762	79.6450	13159
Guntur	17.9962	79.6445	13183
Chandūr	16.9809	79.0588	10880
Vijayapuri North	16.5853	79.3205	15887
Garhi	25.0449	79.6882	13625
Mahārājpur	25.0194	79.7319	23328
Satai	24.7220	79.6310	10592
Mahrāgaon	22.6061	77.7563	5625
Umbri	20.7137	77.0264	20262
Khadki Buzurg	20.6676	77.0223	12133
Dhodra Mohār	22.2737	77.8855	5956
Anwāri	25.1532	83.6230	6702
Murmāri	21.0729	79.8280	7576
Jiraūn Kasba	25.1210	78.6560	9426
Desāīganj	20.6235	79.9645	28781
Kondhi	20.0145	79.2856	10497
Bārīgarh	25.2325	80.0347	8918
Gokunda	19.6071	78.2007	11600
Rāmachandrapuran	17.5126	78.2885	15381
Amīnpur	17.5242	78.3227	36452
Bolārum	17.5561	78.3482	34667
Bāspalli	17.5391	78.3636	27563
Nārsingi	17.3902	78.3569	9449
Kottapeta	17.3059	78.4910	12740
Kismatpur	17.3341	78.3925	7288
Rāniganj	17.4284	78.4936	217910
Tarīchar Kalān	25.4118	78.8900	7674
Nivāri	25.3491	78.7997	23724
Bādepalli	16.7549	78.1443	32598
Yenugonda	16.7567	78.0357	10611
Achampet	16.3982	78.6376	20721
Torūr	17.5835	79.6586	19100
Jainur	19.3735	78.9083	6342
Rajākheri	23.8593	78.7852	24232
Gamharia	23.8597	78.8139	7984
Makronia	23.8477	78.7990	23861
Bhainsa	23.8648	78.7300	5144
Hatwāns	22.7683	78.3464	12295
Khanr	24.1808	81.2857	10653
Damua	22.1929	78.4670	24663
Wāghoda	21.3731	78.9349	7628
Kākarāti	24.5639	80.2659	8452
Devendranagar	24.6169	80.3789	12785
Gotegaon	23.0289	79.4823	28074
Jaitwāri	24.7237	80.8613	9685
Harduli	22.9278	79.9030	7682
Kaimur	24.0544	80.6136	19343
Ugrākheri	29.3780	77.0093	24440
Naurhiya	24.2069	82.5655	6529
Lādpur	28.7381	76.9953	5529
Tikri Kalān	28.6836	76.9701	16313
Nangli Sakrawat	28.6217	76.9923	37706
Bhardua	24.9200	83.7948	5317
Worthi	21.2401	79.6442	13058
Bela	21.1557	79.6177	5914
Dhānal	21.1514	79.5424	6339
Sāori	21.1120	79.5456	8770
Tirorā	21.4041	79.9262	25181
Borkherī	20.9479	79.0151	13294
Khāndbāra	21.3061	74.0441	6511
Jājmau	26.4304	80.4095	652831
Gunpuram	18.6109	78.1941	5182
Surankōt	33.6271	74.2747	6743
Krālapur	33.9995	74.8133	13889
Narsāpuram	18.1004	78.8802	6647
Kumbalam	9.9063	76.3113	29193
Aroor	9.8694	76.3050	39214
Kadakkavoor	8.6792	76.7671	25362
Kalavoor	9.5705	76.3276	29564
Kalamassery	10.0614	76.3263	71038
Sivar	20.6917	77.0510	6047
Prisal	33.7558	75.0421	5132
Yāripur	33.7225	75.0181	12123
Patha Deōsar	33.6340	75.0719	9765
Kamalāpuram	18.2680	80.4890	11493
Khamaria	23.2129	80.0313	9839
Mānegaon	23.2062	80.0123	12599
Bunjwah	33.1458	75.9479	15899
Bahrāmpur	32.1315	75.3956	5432
Tibri	32.0031	75.4505	11845
Daulatpur	32.2666	75.6326	12988
Manwāl	32.3026	75.6757	6496
Sujānpur	32.3162	75.6074	28270
Ghoh	32.3299	75.6748	6883
Thariāl	32.3544	75.6067	5081
Jugiāl	32.3684	75.6782	15210
Kot	32.4004	75.7217	5406
Mamun	32.2824	75.6983	32689
Varphalia	21.8277	74.2191	6093
Dyāne	20.5674	74.5285	49192
Soyāgaon	20.5525	74.5069	34341
Sangmeshwār	20.5499	74.5283	10815
Māldhe	20.5216	74.5534	11881
Pimpalgaon	20.1452	74.2408	5741
Golkhera	22.4382	75.6600	5409
Bāngarda	22.7592	75.7954	15761
Pīplya Kumar	22.7685	75.9121	10684
Lassodyāmeri	22.7832	75.9126	10225
Bāngarda Chhota	22.7435	75.8145	64213
Sihāsa	22.7025	75.7788	5050
Bānk	22.7030	75.8039	18534
Ahīrkheri	22.6800	75.8048	10165
Rāvu	22.6373	75.8147	36055
Sāter	22.5705	75.7791	6540
Pālda	22.6800	75.8939	18697
Limbodi	22.6666	75.8900	9488
Bicholi Hapsi	22.7155	75.9394	8774
Bhāgal Jagāna	24.1261	72.3862	6250
Chhāpi	24.0323	72.4006	8379
Khairī	22.5983	80.3924	6438
Deodora	22.6149	80.3616	10008
Satiāwāla	30.9273	74.6456	8724
Āsan Khurd	29.4045	76.8732	6873
Garrā	21.8092	80.1411	5533
Hirāpur	21.8419	80.2400	6315
Kosmī	21.8045	80.2068	8970
Rāya	31.5423	75.2357	14506
Kudwā	21.4780	80.1856	11549
Katangī	21.4848	80.2035	6440
Fulchur	21.4370	80.2045	5480
Khamārī	21.4268	80.2345	6794
Risāmā	21.3645	80.3711	6925
Fateh Nangal	31.9453	75.3191	7721
Budha Thēh	31.5177	75.3009	10979
Husainpur	31.3118	75.3217	15575
Siāt	25.8879	73.7385	12472
Behjoga	31.9385	75.8149	5722
Mahindāle	20.9054	74.7475	7977
Bodrī	22.0235	82.1136	17481
Sirgittī	22.0471	82.1487	18428
Lingiādīh	22.0775	82.1761	22209
Tifrā	22.0631	82.1313	30465
Koni	22.1217	82.1336	7065
Deori	22.0990	82.2664	17265
Dehri	22.6676	75.5196	8606
Partābpur	21.8343	75.6373	11835
Nailā	22.0207	82.5666	40561
Tākli	20.4707	75.0244	10630
Rāhud	21.8126	82.5063	6160
Tundra	21.6769	82.6092	8211
Shankar	31.1481	75.5323	5639
Khotran	31.2013	75.8015	5046
Apra	31.0863	75.8791	6258
Gorāya	31.1241	75.7724	16462
Pākhanjur	20.0325	80.6211	10201
Sargaon	21.9009	81.9772	7484
Gobindgarh	30.6709	76.3019	82266
Balaungi	30.7306	76.6937	15982
Bagrāna	26.8847	75.9324	10790
Baghaula	28.2088	77.3079	5413
Got	28.8511	78.8363	6599
Khaliapāli	21.3640	83.6164	6865
Bardol	21.3819	83.5939	5441
Bandbahāl	21.7494	83.8776	9735
Kōteshwar	13.5894	74.6962	10229
Pudupattanam	12.5085	80.1498	21151
Sanivārapupeta	16.7305	81.0777	8142
Satrampādu	16.7059	81.0738	6393
Tangellamūdi	16.7212	81.1052	8250
Dwāraka Tirumala	16.9543	81.2558	5543
Sarapāka	17.6913	80.8700	22149
Sādpalli	17.2099	80.8364	31857
Peddaboddepalle	17.6606	82.6296	12781
Nakkāpalle	17.4079	82.7166	7603
Chittapāri	18.2433	82.0499	11796
Chandili	19.2466	83.4058	18552
Ibrāhīmpatnam	16.5830	80.5143	29432
Guntupalle	16.5679	80.5476	11187
Rāmavarappādu	16.5209	80.6808	22222
Damonojodi	18.7632	82.9194	8862
Kurmūr	18.7545	82.9379	8504
Kānūru	16.4985	80.6914	49006
Poranki	16.4777	80.7075	25545
Tādigadapa	16.4713	80.6970	17462
Bacheli	18.6843	81.2686	21435
Malicherla	18.0710	83.4002	5229
Chintalavalasa	18.0670	83.4091	5921
Pondūru	18.3496	83.7565	12640
Balaga	18.3154	83.8933	9071
Mūlaguntapādu	15.2640	80.0196	7145
Peddikuppam	13.4410	80.1218	8044
Attippattu	13.2633	80.2911	11034
Sāntpur	24.4705	72.7703	9186
Cherthala	9.6844	76.3356	45827
Cheppad	9.2346	76.4733	20052
Kunnumma	9.3567	76.4134	14918
Karnāwad	22.7361	76.2439	11266
Bār	23.1628	73.4227	6000
Keru	26.1925	73.0443	38429
Sāngaria	26.1887	73.0265	22853
Fālna	25.2674	73.2393	24839
Sānrha	25.7979	84.7505	11362
Pareo	25.5582	84.8017	8435
Borāj	26.4541	74.6103	8780
Barla	26.4299	74.7271	5111
Akalkuva	21.5543	74.0192	17840
Todi	25.1123	74.2605	6816
Hāt Saraiyā	26.7946	84.4853	6863
Tola Rāmpurwā Motalke Kurwa Mathiā	26.8659	84.5279	13758
Tola Mansārāut	26.8013	84.5391	6451
Kargahiā Purab	26.7887	84.5298	9995
Ākera	27.0121	75.8088	9062
Arak	25.6116	84.2216	6147
Jānpur	25.2958	84.8789	10614
Makhdumpur	25.0657	84.9725	31994
Saraiya	24.8012	84.0816	8260
Madhurampur Dehri	24.9690	84.1964	137231
Sudnā	24.0526	84.0720	14552
Bārālotā	24.0402	84.0807	14880
Rermā	24.0372	84.0818	12497
Shāhpur	24.0312	84.0543	13513
Chainpur	24.0116	84.0467	8188
Nokha	25.1048	84.1162	27302
Bela	25.5571	84.4308	26707
Tār	25.3959	84.3433	6123
Badāgrāma	13.1911	74.7472	8117
Varamballi	13.3640	74.7626	6809
Badagabettu	13.3335	74.7999	9309
Alevūr	13.3101	74.7886	6302
Manipura	13.2962	74.7926	5001
Mallār	13.2142	74.7610	7765
Nadisāl	13.1326	74.7777	11611
Tālipādi	13.0665	74.8543	7237
Sānūru	13.1747	74.9917	6881
Talpādi	12.7660	74.8894	9532
Manjanādi	12.7828	74.8979	10401
Kōtekāra	12.7929	74.8722	16505
Sōmēshvara	12.8035	74.8647	24066
Belma	12.8138	74.9054	6452
Harēkala	12.8425	74.9153	6814
Mūdashedde	12.9344	74.8922	8155
Kenjāru	12.9628	74.8593	5338
Tokūru	12.9638	74.8380	7433
Bajpe	12.9803	74.8832	9701
Kolambe	12.9647	74.9086	5592
Badagal Ulipādi	12.9521	74.9582	7062
Addūru	12.9205	74.9566	5426
Bondantila	12.9036	74.9253	5858
Arkula	12.8743	74.9434	5077
Nīramārgar	12.8857	74.9151	5503
Adyār	12.8703	74.9226	7034
Tumbe	12.8680	74.9885	6230
Kairangala	12.7967	74.9470	5788
Pudu	12.8667	74.9673	13533
Bangramanjēshvara	12.7089	74.8947	5791
Hēsabettu	12.7191	74.8872	5179
Kunjatturu	12.7469	74.8879	13633
Shiriya	12.6334	74.9308	5277
Koipādi	12.5930	74.9626	18121
Mogrāl	12.5725	74.9584	8912
Shiravāgilu	12.5492	74.9876	7630
Kūdlu	12.5298	74.9788	26235
Nārāyanapuram	14.7040	77.5780	14227
Kakkalapalle	14.6415	77.5668	30128
Pāpampeta	14.6855	77.5780	13850
Somandepalle	14.0077	77.6085	18895
Arshakunti	13.0785	77.4225	10567
Bāshettihalli	13.2616	77.5538	7943
Kādiganahalli	13.1687	77.6282	6587
Kawlet	14.5223	75.7746	6265
Ramanattukara	11.1780	75.8689	35937
Shamshi	31.8664	77.1472	8870
Padoli	19.9997	79.2623	5275
Īsāpur	19.8836	79.3260	9398
Devāpur	19.0443	79.3499	9683
Munnūru	12.8616	75.0186	8864
Narikombu	12.8846	75.0542	7800
Madhūru	12.5398	75.0102	12685
Chammanād	12.4802	75.0073	14323
Uduma	12.4359	75.0181	8115
Pallikere	12.4060	75.0397	14334
Kīkāna	12.3825	75.0558	9735
Bāre	12.4460	75.0420	12804
Chengala	12.4984	75.0503	15588
Ajānūr	12.3361	75.0930	33079
Perole	12.2573	75.1393	14965
Gond Pīpri	19.7150	79.6862	8474
Pilikōdu	12.1915	75.1644	9676
Karuvellūr	12.1761	75.1931	13498
Trikarpūr North	12.1458	75.1748	18210
Trikarpūr South	12.1165	75.1852	22991
Mādāyi	12.0343	75.2378	35888
Kunnimangalam	12.0735	75.2412	18965
Kuvettu	12.9809	75.2535	7041
Beltangadi	12.9795	75.2699	7746
Bhāgīrathpur	25.8937	85.7763	5323
Dharampur	25.8755	85.7686	5291
Mathurāpur	25.8710	85.7882	7627
Bhuindhara	25.8525	85.7605	6614
Mansur Chak	25.6231	85.9208	5359
Konrā	24.3103	85.4221	8258
Pelāwāl	24.0158	85.3379	14848
Marāi Kalān	24.0211	85.3506	10447
Meru	24.0097	85.4673	7780
Mathadahatti	14.2393	76.3793	5884
Molakālumuru	14.7178	76.7468	15797
Bhadauni	24.8754	85.5337	20739
Karma	24.4536	85.5508	5753
Bekobār	24.4192	85.5888	7184
Satghara	26.3977	86.1678	8060
Satyāmangala	13.0193	76.1243	18002
Pariyāram	12.0588	75.3248	20405
Nurpur	25.4241	86.0435	7202
Bihāt	25.4253	86.0208	67952
Mālhīpur	25.4069	86.0234	12439
Laruāra	25.4540	86.1212	9376
Kurgahalli	12.3546	76.5767	7065
Hutagalli	12.3417	76.5863	18308
Hinakallu	12.3304	76.6021	23162
Bogādi	12.3030	76.5982	9041
Gargeswari	12.2392	76.8945	5343
Bhairāpura	12.2200	76.8987	14276
Rekurti	18.4689	79.1119	7626
Ghāzīpur	25.0983	86.6603	11299
Cherukunnu	11.9956	75.2872	16111
Kannapuram	11.9843	75.3041	18459
Pallikunnu	11.8899	75.3565	27820
Chirakkal	11.9126	75.3610	45601
Kalliyasshēri	11.9755	75.3645	31122
Puzhathi	11.9011	75.3892	35212
Kolaccheri	11.9763	75.4167	17095
Valavilcheleri	11.9525	75.4043	10848
Kannadiparamba	11.9372	75.4031	13677
Elayavur	11.8892	75.4124	33853
Pinarāyi	11.8049	75.4810	16801
Chālakilakākara	11.8540	75.4387	17088
Mavitāyi	11.8412	75.4770	12286
Irivēri	11.8559	75.4736	17231
Chelora	11.8949	75.4396	20952
Kudali	11.9198	75.4722	15236
Munderi	11.9303	75.4455	21676
Maniyur	11.9529	75.4481	12681
Kuttyattur	11.9703	75.4878	13244
Mayyīl	11.9848	75.4384	12490
Saknepalli	18.9286	79.4571	32385
Tarlapalli	18.8345	79.4907	9656
Keevallur	11.8970	75.5310	20440
Patuvilāyi	11.8656	75.5233	20598
Patiriyat	11.8490	75.5147	18008
Eruvatti	11.8062	75.5302	16905
Katirur	11.7849	75.5302	31087
Erannoli	11.7691	75.5177	25818
Pāttyam	11.7930	75.5641	20161
Mokēri	11.7776	75.5731	19684
Mānantheri	11.8408	75.6093	14667
Kolavallúr	11.7507	75.6199	19817
Māniyūr	11.5522	75.6503	21820
Chōrōd	11.6277	75.5915	38245
Edacchēri	11.6818	75.6248	26819
Erāmala	11.6859	75.5910	34658
Azhiyūr	11.6935	75.5601	30023
Tūnēri	11.6970	75.6349	23421
Panniyannūr	11.7486	75.5756	22308
Valayam	11.7256	75.6492	14328
Chekkiād	11.7173	75.6419	24246
Āyanchēri	11.6261	75.6743	26293
Eravattūr	11.5801	75.7384	17016
Meppāyyūr	11.5389	75.7351	13922
Kunnummal	11.6832	75.7108	18031
Chēmanchēri	11.4048	75.7236	34819
Kizhariyūr	11.4982	75.6807	15116
Nāg	31.7301	74.9423	9352
Nangli	31.6863	74.8875	20440
Kathāniān	31.6373	74.7572	10679
Kūttāli	11.5855	75.7666	11389
Ulliyeri	11.4525	75.7666	32509
Icchannūr	11.3615	75.7782	40697
Talakkolattur	11.3537	75.7580	29388
Nanminda	11.4232	75.8231	27316
Kuruvattūr	11.3361	75.8351	34241
Perumanna	11.2529	75.8906	35460
Kuttikkāttūr	11.2626	75.8796	25929
Pūvātūparamba	11.2710	75.8894	27598
Pūlakkōd	11.3097	75.9500	29872
Tennala	10.9934	75.9350	56546
Ponmundam	10.9536	75.9468	25855
Cheriyamundam	10.9476	75.9564	31212
Triprangod	10.8422	75.9486	41167
Tānālūr	10.9515	75.9096	47976
Edakkazhiyūr	10.6228	75.9965	17335
Punnayūr	10.6521	75.9951	19387
Māranchēri	10.7405	75.9710	35011
Onda	15.5564	74.0585	5863
Benkanhalli	15.8641	74.4570	10999
Māchai	15.7926	74.4841	18073
Piranvādi	15.8020	74.4801	17874
Hindalgi	15.8750	74.4720	13741
Kangarāli-khurd	15.8954	74.4990	8204
Navkawada	19.9199	79.1077	5634
Nānda	19.7722	79.1309	9378
Dharmaram	18.3038	79.4892	11537
Bhīmavaram	18.0299	79.5391	13841
Vaddu	15.1866	76.6311	12453
Kurikuppi	15.2176	76.6487	22560
Gonikoppal	12.1830	75.9294	8306
Kākti	15.9316	74.5260	13946
Kangarāli-budrukh	15.9052	74.5113	10496
Yelur	15.7816	74.5182	11850
Mutge	15.8656	74.5918	7561
Sulebhāvi	15.8957	74.6549	8503
Jāli	13.9901	74.5307	10802
Tenkanidiyūr	13.3691	74.7097	6188
Tonse East	13.3963	74.7217	7911
Mūdabettu	13.2678	74.7481	5018
Lāu	24.9464	84.8756	5933
Thirunavaya	10.8746	75.9855	24790
Nohsa	25.5653	85.0560	16680
Kurthaur	25.5620	85.1217	9880
Raghunandanpur	24.6508	87.9728	8335
Sangrāmpur	24.6739	87.8468	6184
Kumārpur	24.6813	87.8411	7153
Kandāri	21.0608	75.8098	16353
Nimbhora Budrukh	21.0486	75.8419	7501
Bodupāl	17.4188	78.5843	43692
Pīrzādagūda	17.3945	78.5905	32586
Meerpet	17.3210	78.5305	32013
Umarkhāngūda	17.2655	78.6728	5349
Chautāpal	17.2580	78.8978	19092
Omkareshwar	22.2425	76.1504	10063
Moreh	24.2508	94.3007	16847
Maidan Garhi	28.5003	77.2056	11111
Kakkanad	10.0164	76.3417	25531
Abrama	20.8587	72.9065	21000
Phusro	23.7564	86.0051	185555
Alangad	10.1019	76.2910	47329
Ammavarikuppam	13.1779	79.4128	10750
Andipalayam	11.0925	77.3123	25539
Anklav	22.3774	73.0007	21003
Longleng	26.4899	94.8177	7613
Tuli	26.6643	94.6421	7864
Bagbera	22.7595	86.1905	78356
Barauni	25.4709	85.9760	71660
Boriavi	22.6112	72.9328	19865
Kanjari	22.6124	72.9211	17881
Vadakkanandal	11.7817	78.8354	23034
Thazhakara	9.2502	76.5674	14596
Tangla	26.6569	91.9138	17183
Talod	23.3514	72.9500	18298
Sithurajapuram	9.4214	77.7873	16860
Shrirampur	19.6220	74.6570	89282
Savarkundla	21.3373	71.3035	78354
Sarthebari	26.3629	91.2231	6913
Sanaswadi	18.6644	74.1094	13543
Resubelpara	25.9040	90.6075	19595
Rangat	12.5060	92.9155	38824
Rampura Phul	30.2756	75.2425	51023
Puthencruz	9.9773	76.4105	22378
Puranattukara	10.5453	76.1522	10655
Puthukkad	10.4177	76.2701	12615
Peruvallur	11.1048	75.9327	34941
Peramangalam	10.5733	76.1689	13260
Pathsala	26.5114	91.1802	11242
Patdi	23.1960	71.7917	17725
Paravai	9.9645	78.0667	20042
Parappukkara	10.4005	76.2493	11893
Paranda	18.2632	75.4632	18758
Odagaon	20.0162	84.9872	5401
Nedumpana	8.9080	76.6930	29454
Namsai	27.6690	95.8640	14246
Chandrapura	23.7488	86.1196	27425
Chegunta	17.9713	78.4592	5747
Chennithala	9.2808	76.5185	12360
Cherlopalle	13.6137	79.3652	6143
Chinnalapatti	10.2848	77.9233	26285
Chirkunda	23.7477	86.7880	45508
Chottanikkara	9.9364	76.3811	9308
Mulavukad	10.0136	76.2631	21833
Devsar	20.7851	72.9840	10346
Donkamokam	25.9334	92.7074	9116
Dumarkunda	23.7150	86.7935	11434
Edakkalathur	10.5932	76.1232	8039
Edavilangu	10.2403	76.1710	20363
Elamkunnapuzha	10.0267	76.2223	26997
Dimaruguri	26.3452	92.7149	10235
Gajsinghpur	29.6596	73.4403	9995
Jaithari	23.0405	81.7976	8396
Jalda	22.1872	84.8436	15789
Jamjodhpur	21.9022	70.0357	25892
Kainoor	10.4991	76.2794	7344
Kandanvilai	8.2068	77.3281	7401
Kannamangalam	12.7521	79.1478	7399
Kansbahal	22.2164	84.6635	9923
Malkapur	17.2621	74.1757	32000
Karthikappally	9.2568	76.4487	19021
Keeramangalam	10.2863	79.0989	9357
Kokernag	33.5785	75.3181	6553
Kondalampatti	11.6345	78.1237	20318
Koolimuttam	10.2862	76.1356	8823
Koothappar	10.7971	78.7923	15943
Koovappady	10.1553	76.4854	29339
Kumarghat	24.1597	92.0329	13054
Madhapar	23.2376	69.6995	32293
Maktampur	21.7051	73.0119	10704
Manapakkam	13.0158	80.1761	13344
Manendragarh	23.2134	82.2023	33071
Manjalumoodu	8.3745	77.2222	6840
Maradu	9.9365	76.3238	44704
Marthandam	8.3081	77.2214	20938
Meghahatuburu	22.0724	85.2692	5992
Minalur	10.6250	76.2215	6120
Minicoy	8.2890	73.0617	10447
Moonak	29.8253	75.8906	18141
Moothakunnam	10.1899	76.2008	27458
Vadavalli	11.0247	76.8973	39873
Villukuri	8.2226	77.3732	15304
Vilankurichi	11.0715	77.0173	24235
Veppathur	11.0161	79.4418	7949
Vangani	19.0924	73.2971	12628
Vanavasi	11.7500	77.8801	7130
Anjugramam	8.1544	77.5781	10982
Ayyalur	10.4818	78.1564	17100
Chalthan	21.1542	72.9614	21795
Changlang	27.1318	95.7349	6236
Dalavaipatti	11.6614	78.0834	7732
Iroopara	8.6075	76.9149	23113
Joka	22.4531	88.3023	9302
Kegaon	18.8957	72.9131	7485
Kidarakulam	8.5669	76.9913	29624
Nahira	26.1093	91.4704	11790
Narasimhanaickenpalayam	11.1173	76.9363	17858
Barajamda	22.1649	85.4272	8629
Valathoor	12.8867	78.8465	5529
Paluvai	10.5783	76.0554	9127
Māmidālapādu	15.8541	78.0148	26694
Bhānumukkala	15.3119	78.2277	14307
Rāmāpuram	15.1382	78.1160	6614
Veparāla	14.8572	78.3481	6712
Dommaranandyāla	14.8641	78.3641	8337
Moragudi	14.8626	78.3788	6812
Gopavaram	14.7841	78.5729	22936
Dommasandra	12.8779	77.7535	12610
Jūjūvādi	12.7679	77.7918	32474
Mūkondapalli	12.7514	77.8017	39245
Avalēpalli	12.7714	77.8594	17859
Venkatāpuram	12.5344	78.2020	7430
Kādiganpalli	12.5232	78.2086	22714
Lakkanahalli	12.1120	78.1538	39697
Nāgojanahalli	12.3570	78.2886	9953
Nāttarampalli	12.5920	78.5116	10390
Dāmalerimuttūr	12.5361	78.5666	5250
Pāchchal	12.5112	78.5552	16789
Valaiyāmpattu	12.6927	78.6347	10076
Udayendram	12.6962	78.6227	13837
Sēvūr	12.9555	78.8531	11356
Kondasamudram	12.9455	78.8788	21335
Kīlvayattanānkuppam	12.9555	78.9869	5321
Mangampeta	14.0158	79.3137	5175
Bhuja Bhuja Nellore	14.3947	79.9399	10927
Mangasamudram	13.2291	79.0909	8113
Kodivalasa	13.2547	79.4249	9024
Podaturpet	13.2817	79.4854	35000
Rangāpuram	13.1448	79.3977	5044
Vanganūr	13.1829	79.4553	6584
Sembedu	13.1298	79.5634	12548
Ammanūr	13.0650	79.6530	7731
Vinnamāla	13.9074	79.9086	20924
Perumbākkam	13.0395	79.8133	6462
Vengikkal	12.2642	79.0674	18244
Velāppākkam	12.8525	79.2958	8174
Puliyankannu	12.9392	79.3079	20171
Settithāngal	12.9565	79.3371	7780
Vānāpādi	12.9622	79.3284	5334
Ammūr	12.9750	79.3628	12513
Sattiyavijayanagaram	12.6759	79.3181	5894
Paiyūr	12.6707	79.3024	7555
Anantapuram	12.1186	79.3822	6892
Nemili	12.9783	79.6172	10806
Sirukkāveripākkam	12.8530	79.6772	8032
Sevilimedu	12.8083	79.6864	23454
Orīkkai	12.8016	79.7111	12638
Tenambākkam	12.8102	79.7341	13994
Nattappettai	12.8187	79.7493	19883
Kīlpuduppākkam	12.6798	79.5452	6912
Molasūr	12.9387	79.8838	8887
Ālappākkam	12.6760	79.9954	9404
Kottaikādu	12.2556	79.9823	28172
Kizhuparamba	11.2526	76.0244	22062
Peringottupulam	11.0268	76.0987	36602
Kodur	11.0153	76.0701	45459
Devarshola	11.5437	76.4404	24954
Tondalam	11.5014	76.3498	44590
Kollivāyal	11.4998	76.4815	21943
Kilkunda	11.2632	76.6542	8886
Shōlūr	11.4852	76.6556	9745
Kērkandi	11.3678	76.7458	23229
Adigaratti	11.3344	76.6971	14178
Vubatalai	11.3597	76.7649	10852
Manjathala	11.3624	76.7789	14383
Hulikal	11.3208	76.7733	12960
Talaiyūr	11.0102	76.8490	11500
Vīrakeralam	11.0077	76.9126	23841
Somāmpālaiyam	11.0484	76.8973	14787
Idaiyarpālaiyam	11.0394	76.9237	83908
Chinnatadāgam	11.0816	76.8674	8407
Chinnavādampatti	11.0615	76.9838	20122
Vellakkinar	11.0736	76.9566	15998
Rakkiyapālaiyam	11.1061	76.9425	18749
Idigarai	11.1184	76.9690	8686
Kāttipparutti	10.8738	76.0535	40318
Naduvattam	10.8799	76.0020	21273
Kāladi	10.8194	76.0064	25872
Irimbiliyam	10.8624	76.0922	30635
Muthutala	10.8354	76.1596	24861
Dēsamangalam	10.7549	76.2321	8355
Ālankōd	10.7460	76.0348	33918
Karikād	10.7012	76.0679	13656
Pazhanji	10.6882	76.0531	14067
Porkolam	10.6768	76.0694	6503
Vadakkēkkād	10.6635	76.0033	15811
Vayilathūr	10.6392	76.0157	10298
Pūkkōd	10.6236	76.0426	9366
Iringappuram	10.6103	76.0525	12343
Chūndal	10.6240	76.0921	12502
Alūr	10.6030	76.0961	9807
Kandānisshēri	10.5979	76.0758	14645
Tayikkād	10.5916	76.0611	6594
Pēragam	10.5989	76.0240	12072
Kārakkād	10.5880	76.0388	39098
Brahmakulam	10.5815	76.0693	14390
Orumanayūr	10.5701	76.0291	14064
Pāvaratti	10.5648	76.0625	12299
Vanmēnād	10.5567	76.0624	8377
Mullasshēri	10.5333	76.0858	12165
Venkidanga	10.5192	76.0860	11335
Parakād	10.5005	76.1540	9093
Veluthūr	10.5397	76.2237	11602
Kuttūr	10.5586	76.1998	12179
Puzhakkal	10.5471	76.1777	8609
Adātt	10.5440	76.1423	5721
Chittilapilli	10.5657	76.1527	6988
Elavalli	10.5660	76.0912	12819
Pottōr	10.5791	76.2026	7848
Kōlazhi	10.5724	76.2187	11540
Chulisshēri	10.5908	76.1899	5441
Kaiparamba	10.6083	76.1390	7179
Āvānūr	10.6024	76.1752	7879
Chiranellūr	10.6323	76.1405	10145
Mundathikōd	10.6446	76.1953	7672
Peringandūr	10.6246	76.1988	5577
Eyyāl	10.6555	76.1174	6727
Akathiyūr	10.6809	76.0942	5847
Chiramanangād	10.6905	76.1177	11060
Kariyannūr	10.6808	76.1628	6363
Nelluvāyi	10.6807	76.1820	5994
Kottapuram	10.6801	76.1939	6727
Chittanda	10.6771	76.2105	5936
Kumaranellūr	10.6696	76.2475	7553
Kadamakudi	10.0642	76.2456	16295
Kottuvalli	10.1112	76.2463	42922
Vadakakarai	10.1664	76.2018	20571
Puthenvelikara	10.1851	76.2454	33372
Enkakād	10.6576	76.2559	9584
Vellanikkara	10.5475	76.2583	6167
Natathara	10.5092	76.2591	11969
Kaniyārakōd-Kizhakumuri	10.7441	76.4339	13236
Nedumpura	10.7328	76.2644	12399
Puthūr	10.4874	76.2793	17430
Marattakara	10.4733	76.2558	15817
Trikūr	10.4614	76.2734	13093
Amballūr	10.4343	76.2634	29341
Namminikara	10.4322	76.2542	18067
Kallettumkara	10.3439	76.2681	7097
Vadapādam	10.2673	76.2666	11573
Kallūr Vadakummuri	10.2532	76.3281	25259
Koratti	10.2660	76.3477	17618
Karumālūr	10.1329	76.2799	29805
Alengād	10.1190	76.3023	47329
Kadungalūr	10.0948	76.3211	39666
Cheranellūr	10.0543	76.2896	30594
Edattala	10.0564	76.3845	77811
Chengamanād	10.1541	76.3416	29576
Kallūr Tekkumuri	10.2401	76.3236	17480
Martūru	10.1717	76.4264	18890
Chelamartam	10.1371	76.4570	16844
Vadakkumbāgam	10.1418	76.4168	11727
Kizhakkumbāgam	10.1315	76.4447	10791
Tekkumbāgam	10.1234	76.4166	10798
Vāzhakulam	10.0938	76.4198	18358
Kunnatnād	10.0429	76.4241	22881
Vengola Kizhakkumbāgam	10.0637	76.4761	32697
Poyya	10.2099	76.2551	10478
Pirāyiri	10.7652	76.6318	41359
Ambikāpuram	10.7939	76.6530	28592
Puthuppariyāram	10.8131	76.6287	30895
Marutharōd	10.7751	76.6995	24963
Odaiyakulam	10.5679	76.9105	13370
Ūttukuli	10.6519	76.9778	16354
Mēppādam	9.3242	76.4934	17067
Kumārapuram	9.2708	76.4326	26943
Vakkam	8.6845	76.7675	19267
Kīlattingal	8.6926	76.7933	15185
Vellūr	8.6262	76.8305	22816
Vettanād	8.6059	76.9424	27140
Vattiyūrkāvu	8.5247	76.9889	47187
Agrahāra Sāmakkulam	11.1528	77.0110	10289
Moparipālaiyam	11.1332	77.1470	10923
Srvanampatti	11.0764	77.0045	32920
Kālappatti	11.0794	77.0371	39586
Arasūr	11.0866	77.1146	11510
Kaniyūr	11.0930	77.1560	12011
Sāmalāpuram	11.0724	77.1980	20691
Chinniyampālaiyam	11.0561	77.0644	8232
Nīlambūr	11.0590	77.0838	8382
Muttukavundanpudūr	11.0498	77.1151	10259
Karaivalimādappūr	11.0675	77.1593	5626
Semmipālaiyam	11.0093	77.2357	8429
Iramallūr	10.0619	76.5717	33829
Pūluvappatti	10.9630	76.8158	12853
Pudusseri	10.7582	76.7859	16629
Ettimadai	10.8911	76.9087	9352
Vedappatti	10.9988	76.8960	11658
Kurichchi	10.9609	76.9738	123667
Kuniyamuttūr	10.9638	76.9525	95924
Rāmachettipālaiyam	10.9582	76.9201	17809
Ottaikkālmantapam	10.8827	76.9943	12207
Tirumalaiyampālaiyam	10.8790	76.9295	12164
Kokōtamangalam South	9.6795	76.3589	17047
Chengalam	9.5966	76.4678	16111
Mannanchōri	9.5722	76.3525	32139
Srīkandamangalam	9.6594	76.3633	23681
Bharanikāvu Tekku	9.1849	76.5608	15922
Krishnāpuram	9.1521	76.5234	26705
Ochira	9.1348	76.5117	28412
Kulasēkarapuram	9.0912	76.5303	26907
Ādanāttutekkumuri Kizhakku	9.0791	76.5137	22250
Ayanavelikulangara Vadakku	9.0430	76.5230	24268
Kalleribhāgam	9.0540	76.5580	21723
Panayāttur Vadakkumbhāgam	8.9546	76.6185	25607
Karuva	8.9500	76.5986	25432
Perunād	8.9490	76.6427	35173
Tirkadavūr	8.9240	76.5910	39285
Kottangara	8.9241	76.6467	44402
Mayyanād	8.8373	76.6450	40039
Trikonavattam	8.8899	76.6659	41609
Adichānallūr	8.8805	76.7156	27240
Talattala	8.8738	76.6716	37517
Mīnād	8.8503	76.6952	29716
Puttankulam	8.8138	76.7179	29447
Edavai	8.7645	76.6885	25994
Kempanāyakkanpālaiyam	11.5310	77.3014	11103
Kovilpālaiyampūdur	11.5077	77.3629	12044
Kumārapālaiyam	11.5021	77.2555	15706
Periyakoduveri	11.4778	77.2990	12330
Kāsipālaiyam	11.4558	77.3314	9093
Lakkampatti	11.4461	77.4119	11716
Elattūr	11.3866	77.3080	7827
Kolappalūr	11.3791	77.4293	9607
Vellarivalli	11.2672	77.4553	5070
Palangarai	11.1978	77.3058	17248
Chengappalli	11.1989	77.4231	6587
Kavundanpālaiyam	11.1625	77.2623	9192
Tirumuruganpūndi	11.1649	77.3084	31528
Velampālaiyam	11.1376	77.3106	87427
Chettipālaiyam	11.1667	77.3350	37620
Boyampālaiyam	11.1487	77.3537	40503
Nerupperichchal	11.1610	77.3740	53579
Morattuppālaiyam	11.1606	77.4091	5798
Sarkār Periyapālaiyam	11.1315	77.4045	5986
Mangalam	11.1005	77.2712	17699
Iduvāy	11.0789	77.2853	8006
Murugampālaiyam	11.0806	77.3238	26349
Mannarai	11.1172	77.3726	17261
Muttanampālaiyam	11.0845	77.3969	26014
Mānikkāpuram	11.0247	77.2754	6215
Kāraippudūr	11.0567	77.3061	28602
Vīrapāndi	11.0625	77.3508	50301
Nallūr	11.1003	77.3914	70115
Olagadam	11.5656	77.6428	9958
Āppukkudal	11.4685	77.5766	10610
Mettuppālaiyam	11.4503	77.5682	9109
Jāmbai	11.4678	77.6434	16522
Pudūr	11.4360	77.6760	17240
Kuruppanāyakkanpālaiyam	11.4645	77.6941	7484
Tattānkuttai	11.4352	77.7237	24708
Salangaippālaiyam	11.4260	77.5707	15609
Sūryampālaiyam	11.4045	77.7123	28585
Pettāmpālaiyam	11.3499	77.5706	7152
Kānjikkovil	11.3689	77.5962	11294
Nasiyanūr	11.3381	77.6408	10970
Periya Semūr	11.3609	77.6895	55282
Brāhmana Periya Agrahāram	11.3690	77.7063	24798
Vīrappanchathiram	11.3531	77.7125	84453
Kāsipālaiyam	11.3198	77.7097	73425
Sūrampatti	11.3273	77.7112	41782
Karumāndi Chellipālaiyam	11.3019	77.5860	23868
Tindal	11.3169	77.6742	15440
Mukāsi Pidāriyūr	11.1955	77.6027	14143
Avalpūndurai	11.2310	77.7182	11789
Ottappārai	11.1783	77.5812	9493
Arachchalūr	11.1627	77.7007	12034
Cheruthazham	12.0810	75.2627	29348
Kurukkuppatti	11.6937	77.9809	5037
Toramangalam	11.6930	77.9031	5322
Āvadattūr	11.7013	77.8638	9869
Pūlāmpatti	11.6573	77.7658	9477
Idangansālai	11.6272	77.9890	33245
Kunjānpālaiyam	11.5863	77.8011	14834
Kavundaneri	11.5737	77.9802	8485
Ayyānūr Teppakkuttai	11.5960	77.9839	6986
Eranāpuram	11.5581	77.9893	8871
Thevūr	11.5240	77.7539	8548
Kulattūr	11.8486	77.7512	12748
Vīrnūr	11.8443	77.8473	16665
Pottaneri Nallakavundanpatti	11.8039	77.8567	25133
Padaivedu	11.4401	77.8089	10451
Elandakuttai	11.4060	77.7750	16160
Ālampālaiyam	11.3635	77.7677	20286
Modakkurichchi	11.2329	77.7794	9907
Vellavādanparappu	11.1854	77.8424	7621
Vengambūr	11.1053	77.8783	7443
Vegarai	11.0902	77.9679	9330
Pāndamangalam	11.1033	77.9670	7259
Pattanam	10.9808	77.0542	9196
Pallappālaiyam	10.9951	77.0845	11910
Kannampālaiyam	10.9954	77.0990	15868
Malaimāchchampatti	10.9058	77.0050	12936
Kovilpālaiyam	10.7384	77.0346	5025
Achchippatti	10.6998	77.0125	9849
Chinnāmpālaiyam	10.6604	77.0248	8695
Mākkināyakkinpatti	10.6450	77.0294	8134
Sūleswaranpatti	10.6388	77.0084	20104
Sundakkāmpālaiyam	10.5666	77.2135	16459
Rudrāvati	10.8743	77.4103	6807
Chinnakkāmpālaiyam	10.7064	77.4575	11546
Periyakottai	10.5909	77.2797	17356
Chinna Kalaiyamputtūr	10.4714	77.4657	5162
Neykkārappatti	10.4489	77.4627	11753
Bālasamudram	10.4191	77.4992	14179
Periyākkurichchi	11.5400	79.4894	7599
Gangaikondān	11.5389	79.4765	6434
Varadarājampettai	11.3553	79.4186	8259
Cholapuram	11.0542	79.4126	6803
Annāl Agrahāram	10.9485	79.3683	11129
Dārāsuram	10.9499	79.3561	15326
Perumpāndi	10.9687	79.3744	8620
Ullūr	10.9706	79.4063	11673
Tirunāgeswaram	10.9646	79.4293	15082
Tiruppūndurutti	10.8621	79.0815	9074
Chakkārappalli	10.8996	79.1987	6227
Milattūr	10.8576	79.2394	8131
Nānjikkottai	10.7293	79.1424	32689
Vilār	10.7313	79.1554	9028
Peralam	10.9628	79.6608	6149
Tirumalarājanpatnam	10.8721	79.8302	11264
Churi	23.6549	85.0128	24876
Bachrā	23.6884	85.0855	12969
Tundhul	23.3247	85.2447	11190
Dari	23.7219	85.3843	6405
Topa	23.7362	85.4729	5028
Orla	23.7226	85.4886	5809
Gidi	23.6909	85.3641	13356
Religāra	23.7128	85.3610	8239
Jainagar	23.6569	85.3199	5347
Saunda	23.6645	85.3269	81915
Sirka	23.6456	85.4333	19871
Lāpangā	23.6333	85.3770	8017
Irbā	23.4553	85.4404	5210
Arsande	23.4296	85.3514	9582
Tāti	23.3772	85.4379	12878
Bargāwān	23.3194	85.3902	8615
Kedia	23.7945	85.5872	16054
Arā	23.7604	85.5415	13547
Bongabār	23.7009	85.5239	5236
Sānri	23.6829	85.5058	6186
Marār	23.6712	85.5084	5298
Seota	23.6680	85.5205	6554
Sewāi	23.6175	85.6783	7874
Kāro	23.7852	85.9783	39305
Bermo	23.7878	85.9353	17401
Sāram	23.7625	85.8300	15212
Kathhāra	23.7638	85.8847	22080
Jāridih	23.7657	85.9386	31882
Kodikkulam	9.6493	77.5860	12713
Puduppatti	9.6171	77.6375	8316
Sundarapāndiyam	9.6127	77.6738	8513
Samsikāpuram	9.4156	77.5917	14601
Vaittilingapuram	9.4751	77.6098	9538
Kappiyara	8.2466	77.2617	15998
Midalam	8.2216	77.2617	8625
Sivandipuram	8.7067	77.4000	14281
Kadayal	8.4083	77.2657	21665
Triparappu	8.3948	77.2659	22401
Temanūr	8.3326	77.2524	12715
Tiruvattār	8.3307	77.2673	18985
Attūr	8.3224	77.2558	11910
Kāttatturai	8.2849	77.2755	17271
Valvachatottam	8.2803	77.2561	16965
Vilavūr	8.2669	77.3052	14320
Mulakumūd	8.2681	77.2860	19538
Kannanūr	8.2793	77.2922	7747
Verukulambu	8.2953	77.2939	19730
Ayakod	8.3457	77.2987	8874
Ponmana	8.3552	77.3283	15554
Kumārapuram	8.2922	77.3214	14728
Tadikārakonam	8.3302	77.4149	6241
Mandākād	8.1611	77.2795	13317
Tingalāchi	8.2010	77.3036	13567
Nallavila	8.2055	77.3444	16138
Veillyāchi	8.1517	77.3366	13182
Chandāpuram	8.1584	77.3646	14598
Ālūr	8.1931	77.3643	15063
Peruvila	8.1855	77.3961	6090
Āchāripallam Vāniyakudi	8.1743	77.3849	16822
Dharmapuram	8.1203	77.3890	17476
Puttantura	8.1027	77.4188	5386
Puderiyūr	8.2152	77.4336	5576
Tāzhakudi	8.2348	77.4533	8992
Tengampudūr	8.1158	77.4579	14538
Puttalam	8.0981	77.4640	13073
Tamarakutamkudiyiruppu	8.1014	77.4937	11872
Chembagarāmanpudūr	8.2461	77.4907	5028
Terūr	8.1733	77.4651	7615
Nallūr	8.8705	77.5171	7828
Nāranammālpuram	8.7599	77.7399	17094
Mukkūdal	8.7431	77.5225	14983
Pattamadai	8.6726	77.5845	16625
Mel Seval	8.6722	77.6147	8435
Gopālasamudram	8.6747	77.6379	10694
Vadakkankulam	8.2588	77.6084	9220
Eruvādi	8.4439	77.6044	18067
Terku Kallikulam	8.3528	77.6637	5980
Marungūr	8.1721	77.5037	11236
Mayilādi	8.1550	77.5056	10070
Kottāram	8.1188	77.5243	11055
Alagappapuram	8.1468	77.5413	9626
Pudūr	8.8692	77.9938	8012
Perungulam	8.6413	77.9985	7203
Chinna Āndānkovil	10.9511	78.0681	19779
Tāndoni	10.9261	78.0941	53854
Uppidamangalam	10.9034	78.1575	11292
Senapparetti	10.9625	78.1132	22447
Pālaiyam	10.7256	78.1354	15336
Sīlappādi	10.3940	78.0078	17824
Marudūr	10.9160	78.4509	10925
Ponnampatti	10.3668	78.3955	12167
Būdipuram	10.0035	77.4458	11022
Kulattuppālaiyam	10.7613	77.5842	17819
Vallālappatti	10.0584	78.2873	8325
Sivagirippatti	10.4502	77.5303	17306
Ganguvārpatti	10.1694	77.6974	11942
Vadugappatti	10.1036	77.5731	13204
Tāmaraikkulam	10.1085	77.5553	12372
Bhikshāndārkovil	10.8827	78.7046	17257
Nangavaram	10.8692	78.5392	17629
Pāppākurichchi	10.8137	78.7481	24023
Sirugamani	10.8950	78.5301	10743
Tālakkudi	10.8737	78.7181	5740
Pūlāngudi	10.7266	78.8073	13469
Tuvāgudi	10.7472	78.8213	38887
Nāgamangalam	10.7061	78.6190	5785
Sankarapatti	10.0477	78.7472	26536
Kallakkudi	10.9768	78.9513	11604
Pūvalūr	10.8986	78.8303	7905
Ellakkudi	10.8060	78.7503	16244
Tiruverumbūr	10.7937	78.7690	23156
Vālavandānkottai	10.7607	78.8371	9202
Navalpattu	10.7505	78.7763	16788
Tiruppālai	9.9779	78.1329	19305
Narasingam	9.9658	78.1833	5971
Arumbanūr	9.9944	78.1924	6148
Ottakkadai	9.9580	78.1886	15152
Melmadai	9.9264	78.1503	43797
Airāvadanallūr	9.9057	78.1552	7423
Viraganūr	9.9036	78.1552	7121
Anuppānadi	9.9040	78.1433	26158
Vandiyūr	9.9092	78.1609	28646
Pudukkottai	9.9373	78.0533	15769
Vilāngudi	9.9458	78.0935	30884
Ānaiyūr	9.9615	78.1118	63917
Nāyanakulam	9.9611	78.1372	23284
Kannānendal	9.9649	78.1416	31095
Karadipatti	9.9181	78.0239	7289
Tanakkangulam	9.8877	78.0397	14328
Vilāchcheri	9.8937	78.0603	7787
Ottappatti	9.8960	78.0896	9016
Avaniyāpuram	9.8818	78.1125	89635
Sakkimangalam	9.8812	78.1924	10854
Silaimān	9.8731	78.1906	6436
Nilaiyūr	9.8572	78.0598	14684
Mallānkinar	9.5982	78.0558	12986
Pālaiyampatti	9.5392	78.0984	18576
Attippatti	9.4939	78.1271	8384
Attimarappatti	8.7399	78.1053	22218
Muttayyāpuram	8.7498	78.1311	32494
Vīrapāndiyanpattanam	8.5190	78.1183	6015
Arakandanallūr	11.9720	79.2228	5713
Labbaikkudikkādu	11.3922	79.0217	11891
Agaram	10.4433	77.9485	15610
Srīrāmpuram	10.4346	77.8075	10653
Chettināyakkanpatti	10.3940	77.9754	17701
Mīnākshināyakkanpatti	10.3759	77.9570	6182
Kannivādi	10.3794	77.8303	10369
Chittayankottai	10.2686	77.8327	13634
Sālamedu	11.9088	79.4919	20854
Lakshmīnārāyanapuram	11.7914	79.5555	12648
Mel Pattāmbākkam	11.7882	79.6284	6887
Kondūr	11.7540	79.7045	12506
Kammivapettai	11.7530	79.7457	18745
Lālpettai	11.3009	79.5561	16561
Pallippadai	11.4096	79.7074	6369
Usuppūr	11.3816	79.6970	8221
Manamodu	11.1965	79.5953	9017
Gundupālaiyam	11.9410	79.8029	300104
Ariyānkuppam	11.8953	79.8071	29808
Manaveli	11.8909	79.8104	15666
Uppalavādi	11.7652	79.7764	7281
Kottaikuppam	11.9613	79.8392	31726
Pudur	9.0001	77.2076	12457
Puduppatti	9.7658	77.3065	11511
Pannaipuram	9.8658	77.2836	9323
Hanumantanpatti	9.7858	77.3170	10619
Mārkkayankottai	9.8526	77.3603	6135
Chokkanāthapuram	9.9921	77.3566	15625
Mīnākshipuram	9.9908	77.3709	7846
Kujjanūr	9.8743	77.3747	7024
Palanisettipatti	9.9998	77.4641	14879
Odaipatti	9.8323	77.4433	13892
Kāmayakkavundanpatti	9.7386	77.3200	16134
Rāyagiri	9.3037	77.4475	11223
Settiyārpatti	9.3935	77.4935	17520
Dalavaypuram	9.3918	77.4977	5474
Panpuli	9.0214	77.2502	9313
Achanputtūr	9.0414	77.2969	13566
Vadakarai Kīl Pidāgai	9.0401	77.2741	20821
Āyikudi	9.0032	77.3449	15129
Killai	11.4493	79.7668	13608
Kottaikavundanpatti	11.7196	78.0685	7891
Karuppur	11.7171	78.0924	13967
Bommināyakkanpatti	11.6823	78.0545	12448
Karukkalvādi	11.6714	78.0126	12052
Nallakavundanpālaiyam	11.5923	78.0137	7796
Dāsināyakkanpatti	11.6089	78.1438	5857
Neykkārappatti	11.6225	78.1058	12090
Pudūr	11.6327	78.1051	11173
Selattānpatti	11.6628	78.0946	6659
Chittanūr	11.6724	78.0881	10199
Sedaikavundanūr	11.6403	78.1806	7823
Kannānkurichchi	11.6969	78.1794	19765
Kondamanāyakkanpatti	11.7103	78.1770	6892
Ayodhyāpattanam	11.6755	78.2409	11517
Māsināyakkanpatti	11.6674	78.2283	9098
Panamarattuppatti	11.5620	78.1649	9368
Erumāpālaiyam	11.6324	78.1695	10220
Attanūr	11.5006	78.1356	9827
Chinnamanali	11.3943	78.0841	6878
Pillānallūr	11.4322	78.1334	11181
Pattanam	11.4728	78.2109	8912
Sirāppalli	11.4544	78.2453	12403
Kālappanāyakkanpatti	11.3284	78.2444	10831
Pugalūr Agrahāram	11.0883	78.0065	5556
Tottakkurichchi	11.0713	78.0315	10969
Kondichettippatti	11.2007	78.1634	10300
Periyapatti	11.2052	78.1512	15690
Nallippālaiyam	11.2388	78.1495	5078
Chinnamudalippatti	11.2437	78.1766	8928
Kusavampatti	11.2192	78.1808	10356
Minnampalli	11.0005	78.1180	9031
Kīrippatti	11.5357	78.4897	10208
Puduppatti	11.4965	78.2706	7478
Bālakrishnanpatti	11.2389	78.4858	8635
Narasingapuram	11.6038	78.5778	23084
Kurumbalūr	11.2360	78.8005	12420
Masrātu	23.9825	85.3238	5996
Kadmā	23.9873	85.3453	7239
Okni	24.0001	85.3548	11106
Taping	23.8368	85.4945	5080
Rengāli	21.2544	85.0330	6345
Jājang	21.9383	85.4425	7482
Jhompra	21.8255	85.5684	6064
Sendārappatti	11.4373	78.5215	14308
Pulāmbādi	11.4124	78.7141	10737
Tidāvūr	11.4940	78.6975	8230
Kandragādia	21.0072	85.7374	5505
Tilodih	24.2118	86.2474	6970
Sirsia	24.2120	86.3131	7181
Akdoni Khurd	24.1579	86.2797	6321
Patrodih	24.1584	86.3171	5293
Paratdiha	24.1638	86.3070	8854
Maheshlundi	24.1760	86.2662	7389
Dāndedih	24.1634	86.3273	7769
Jiribam	24.8043	93.1215	7343
Sukma	18.3274	81.6262	13926
Kushinagar	26.7413	83.8869	274403
Rohini	28.7432	77.0678	860000
Shi Yomi	28.5300	94.3732	13310
Mulugu	18.1910	79.9430	297671
Kallakurichi	11.7338	78.9592	1682687
Alang	21.3988	72.1754	18480
Koonimedu	12.0852	79.8893	7528
S. Rayavaram	17.4546	82.8062	6568
Seethanagaram	17.1767	81.6925	7816
Pedda bhogili	18.6612	83.3784	6733
Amaravati	16.5140	80.5160	103000
Anjani Budruk	20.1722	76.6478	5543
Andrott	10.8119	73.6741	11191
Amini	11.1141	72.7191	7843
Agatti	10.8352	72.1822	7700
Kadmat	11.2247	72.7748	5404
Nasvadi	22.0452	73.7316	8076
Amarāvati	16.5417	80.5153	0
Shrivardhan	18.0532	73.0011	15123
Chirmiri	23.1907	82.3531	100800
Vilavancode	8.3129	77.2048	8277
Paramathi Velur	11.1916	77.9563	25012
Kanayannur	9.9667	76.2667	851406
Shahuwadi	16.9099	73.9465	180322
Maval	18.7553	73.4443	15612
Mahabaleshwar	17.9232	73.6586	13393
Poladpur	17.9842	73.4644	5944
Lalganj	25.7990	82.9977	23124
Sadulshahar	29.9087	74.1757	24980
Lehragaga	29.9427	75.8014	22588
Santrampur	23.1902	73.8953	19465
Chanpatia	26.9444	84.5377	27095
Bhadravati	20.1001	79.1144	60565
Khatiguda	19.2375	82.7881	6361
Kasinagar	18.8570	83.8809	9684
Arjyapalli Marine	19.3167	84.9737	8001
Kavisuryanagar	19.5815	84.7601	17430
Talala	21.0547	70.5290	21060
Becharaji	23.4994	72.0447	12574
Nowrozabad	23.3522	80.9806	21883
Pakridayal	26.5627	85.0452	29582
Motipur	26.2527	85.1608	28572
Sitapur	22.7807	83.4955	9361
Bodeli	22.2731	73.7158	12184
Meghnagar	22.9066	74.5416	12929
Marwar Junction	25.7250	73.6033	12004
Vazhapadi	11.6554	78.4012	17559
Chinnachintakunta	16.4466	77.8063	5637
Vijaypur	32.5653	75.0186	8044
Chadoora	33.9454	74.7971	6482
Beerwah	34.0124	74.5956	8192
Dooru Verinag	33.5594	75.2322	22968
Shangus	33.6969	75.2837	7875
Vikramgad	19.7972	73.0948	5991
Kondamallapally	16.7178	79.0020	9683
Chunchupally	17.5233	80.6041	19944
Laxmidevipally	17.5699	80.6223	13442
Yadagirigutta	17.5889	78.9434	15232
Bhupalpally	18.4287	79.8638	42387
Palakurthy	18.7165	79.3815	7380
Jhinkpani	22.4218	85.7462	13068
Byasanagar	20.9557	86.1264	56946
Nalco	20.8654	85.1828	19644
Lathikata	22.1307	84.8901	7405
Baliapur	23.7225	86.5259	10097
Barhi	24.3037	85.4142	11867
Azara	26.1241	91.6116	8780
Mawlai-Mawïong	25.6232	91.8817	55012
Mawpat	25.5990	91.9250	6184
Hamren	25.8470	92.5741	8747
Santirbazar	23.3123	91.5613	11921
Teliamura	23.8417	91.6303	21032
Manu	23.9991	91.9892	8515
Kanchanpur	24.0359	92.1996	15341
Panisagar	24.2545	92.1486	14758
Hnahthial	22.9661	92.9297	7187
Patsoi	24.7860	93.8802	5451
Keirao Bitra	24.7111	93.9746	24900
Wangoi	24.6749	93.8999	14878
Lamshang	24.8159	93.8742	10593
Jalukie	25.6467	93.6609	8706
Chumukedima	25.8248	93.7759	25885
Medziphema	25.7576	93.8654	8738
Sarupathar	26.1926	93.8641	9931
Lanka	25.9291	92.9486	36805
Kiphire	25.8679	94.7857	16487
Pfutsero	25.5704	94.2983	10371
Deomali	27.1931	95.4672	6648
Naryanpur	26.9501	93.8577	6001
Seppa	27.3617	93.0399	18350
Campbell Bay	7.0083	93.8942	5736
Abbaspur	33.8174	73.9757	10208
Saitual	23.6831	92.9671	11619
Thaikkattussery	9.7715	76.3439	20874
Thaikattussery	10.4601	76.2436	7724
Pallipuram	9.7550	76.3572	28276
Mudalgi	16.3368	74.9677	29128
Chitaguppa	17.6974	77.2152	25298
Belthangady	12.9880	75.2824	7635
Kim	21.4008	72.9268	18638
Palod	21.3847	72.9584	7698
Pipodara	21.3605	72.9598	7765
Sayan	21.3198	72.8817	15324
Prothrapur	11.6180	92.7244	10308
Garacharma	11.6137	92.7036	14419
Bowluvada	17.7455	82.9886	5001
Arempudi	17.2696	82.3751	5073
Jarjapupeta	18.1807	83.4403	5761
Kanapaka	18.1146	83.3743	5960
Tada Khandrika	13.5885	80.0337	6123
Vaddeswaram	16.4473	80.6127	6275
Chidiga	16.9629	82.2124	6365
Kantabamsuguda	18.3226	82.8826	6714
Murakambattu	13.2463	79.1187	6812
Chennamukkapalle	14.0595	78.7698	7065
Yerrabalem	13.7046	80.0186	7803
Gavaravaram	16.7163	81.0831	10029
Yenumalapalle	14.1442	77.8169	10482
Perur	13.6188	79.3825	11127
Modameedipalle	14.7360	78.5606	11397
Bandarulanka	16.5828	81.9617	11470
Thummalamenta	15.0276	78.0235	12373
Prasadampadu	16.6122	80.6844	13941
Morampudi	16.9800	81.8371	15346
Hukumpeta	16.9887	81.8017	16985
Nadim Tiruvuru	17.1121	80.6088	18567
Sriramnagar	18.2833	83.5342	18893
Mangalam	13.6575	79.4626	19318
Rameswaram	14.7401	78.5426	19483
L.A.Sagaram	13.9034	79.8906	19904
Srisailam Project RFC Township	16.0733	78.8741	21452
Tiruchanur	13.6073	79.4486	22963
Suryaraopeta	16.9996	82.2232	24112
Avilala	13.6111	79.4208	24839
Kanigiri U	15.4064	79.5070	37420
Tirupati NMA	13.6323	79.4857	37968
Dowleswaram	16.9476	81.7799	44637
Jaggaiahpet	16.8915	80.0955	53530
Digaru Gaon	26.1557	91.9870	5771
Naubaisa Goan	26.7955	94.2159	5015
Mosli Pt I	24.8595	92.4775	5087
Lido Tikok	27.2880	95.7358	5091
Charingia Gaon	26.7334	94.1459	5094
Chandrapur Baghicha	26.2377	91.9291	5106
Niz-Bahjani	26.3806	91.4159	5183
Uttar Krishnapur Pt III	24.7759	92.7924	5187
Borgolai Grant No.11	27.2870	95.7155	5241
Digheli	26.4401	91.4563	5285
Lakhi Nepali	27.8330	95.2239	5348
Howraghat	26.1091	93.0333	5443
Barua Bari Gaon	26.1180	91.9656	5444
Dokmoka	26.2103	93.0517	5478
Kharijapikon	26.0328	90.6671	5550
Kakaya	26.3644	91.3433	5550
Tegheria	26.1286	92.2194	5567
Thekashu Pt.-II	25.9817	90.7876	5625
No.2 Goreswar	26.5306	91.7251	5631
Mohmaiki	26.6357	93.6294	5639
Niz Katigorah Pt III	24.8773	92.5700	5687
Chalantapara Pt IV	26.2618	90.5849	5744
Parlli Part	26.0995	91.5403	5788
Niz - Mankata	27.4642	94.9213	5924
Uttar Athiabari	26.5233	90.9619	6091
Forest Village Lakhipathar	27.4533	95.5813	6129
Katirail T.E.	24.9087	92.5803	6182
Kanakpur I	24.7950	92.8061	6219
Pub - Dhaniram Pather	26.0138	92.8717	6280
Silchar Part-X	24.8173	92.8136	6313
Chota Haibor	26.3314	92.6943	6315
Bali Koria	26.4393	91.4225	6359
Jalah	26.2379	91.7198	6468
Sarpara	26.0955	91.5184	6529
Takhlibilar Pathar	26.5004	90.9352	6611
Bahbari Gaon	27.4806	95.3263	6821
Uttar Krishnapur Part-I	24.7906	92.7934	6960
Tarapur VII	24.8131	92.7822	6977
Batarashi	24.8694	92.3349	7001
Upar Hali	26.1031	91.5088	7095
Mairabari Town	26.4536	92.4227	7177
Asudubi	26.0232	90.6658	7356
Kanisail Pt I	24.8551	92.3700	7358
Kochpara	26.0890	91.5318	7540
Bamun Sualkuchi	26.1683	91.5817	7628
Irongmara	24.6890	92.7422	7685
Barika Chuburi	26.6363	92.8085	7911
Nidanpur Pt-II	26.0233	90.3037	7954
Ambicapur Pt VI	24.7826	92.7892	7971
Rupahi Town	26.4197	92.7456	8052
Kumar Kaibarta Gaon	26.7509	94.2365	8056
Sarbhog	26.4893	90.8843	8112
Majgaon	26.6525	92.7910	8154
Chatibor Gaon	26.5181	90.5229	8231
Bohari	26.2544	91.1391	8264
Borpukhuri	26.0155	92.8452	8318
Dahali	26.0969	91.4984	8397
Moran Town	27.1874	94.9147	8434
Belsor	26.3818	91.3516	8523
Sarupathar Bengali	27.3406	95.3135	8752
Tarapur Pt VI	24.8516	92.7667	8753
Jhagra Pt.III	26.0399	89.9592	8838
Badarpur Railway Town	24.8711	92.5704	8882
Chekonidhara	26.7350	94.2113	9026
Durga Nagar Part-V	24.8815	92.8821	9051
Kanakpur Part-II	24.8003	92.8036	9519
Bhalukdubi	26.1575	90.6131	9636
Golaghatia Basti	25.9925	92.8640	9809
Bhuragaon Rev. Town	26.4038	92.2390	9845
Kahi Kuchi	26.1012	91.5990	9917
Kamalabaria N.C.	26.7685	94.1930	10071
Khaira Bari	26.5108	90.9689	10210
Chapakhowa Town	27.9153	95.7664	10305
Morongial	26.3326	92.6835	10318
Kampur Town	26.1595	92.6586	10371
Umrangso	25.5119	92.7376	10376
Gutlong Gaon	26.6534	92.8161	10900
Gerimari Chapori	26.4278	92.0251	11004
Chapra	24.8704	92.5579	11220
Ambicapur Pt VIII	24.8209	92.7754	11691
Salpara Molandubi Pt.-I	26.0283	90.6735	11709
Lido Town	27.2940	95.7417	11717
Gobindapur	26.1633	90.5927	11863
Digboi Oil Town	27.3885	95.6189	12726
Ambikapur Part-X	24.7993	92.7920	14283
New Bongaigaon Railway Colony	26.4772	90.5360	14896
Niz-Hajo	26.2494	91.5243	15188
Jagiroad	26.1202	92.1977	17739
Titabor Town	26.5919	94.1945	17920
Duliajan Oil Town	27.3578	95.3141	28626
Singhesar Asthan	25.9825	86.7945	5298
Tola Baliadih	24.7372	86.4334	5400
Mohanpur	26.6053	85.5179	5815
Tola Pairamatihana	24.6759	86.3474	5858
Tola Chain	24.7408	86.4065	6072
Dumari urf Damodarpur Shahjahan	26.1048	85.3577	6301
Majhauli Khetal	26.1102	85.3664	6820
Saidpura	25.5768	85.0454	7392
Padri	26.1645	85.9124	7566
Talkhapur Dumra	26.5615	85.5074	7970
Sarimpur	25.5877	83.9933	8020
Shekhpura	26.1439	85.3907	10204
Habibpur	25.2383	86.9468	12063
Damodarpur	26.1397	85.3509	13884
Rajopatti urf Kota Bazar	26.5841	85.5051	14631
Kataiya	26.5681	84.0833	20193
Dinapur Cantonment	25.6362	85.0203	28723
Banmankhi Bazar	25.8876	87.1936	30336
Phulwari Sharif	25.5776	85.0725	81740
Dinapur Nizamat	25.6385	85.0512	182429
Khuda Alisher	30.7747	76.8118	6831
Behlana	30.6781	76.8006	8281
Mauli Jagran	30.6919	76.8259	10786
Nai-Ledri	23.1771	82.1992	5334
Durena	22.3817	82.5863	5892
Daundi Lohara	20.7911	81.0556	6045
Shivnandanpur	23.1902	82.9532	6567
Aamadi	20.7710	81.4899	6600
Dornapal	18.1551	81.5086	7238
Jhagrakhand	23.1942	82.1976	7680
Chandrapur	21.7076	83.2349	7688
Jaijepur	21.8313	82.8164	7946
Mehmand	22.0372	82.1961	8231
Chhurikala	22.4814	82.6129	8239
Than-Khamharia	21.8005	81.3381	8373
Naya Baradwar	22.0101	82.8177	8793
Koora	21.4324	81.6653	8857
Visrampuree	20.0791	81.7720	9641
Bhatgaon	23.3598	82.9966	11204
Mana-Camp	21.1940	81.7170	11953
Mandir Hasaud	21.2237	81.7676	12807
Kirodimalnagar	21.9269	83.3323	13102
Khongapani	23.1912	82.1626	17400
Shivpur Charcha	23.3289	82.5281	23514
Tilda Newra	21.5532	81.8019	36682
Bhilai Charoda	21.2231	81.4561	98008
Dunetha	20.4294	72.8509	12470
Samarvarni	20.2563	73.0080	12553
Kadaiya	20.4645	72.8543	12717
Tukhmir Pur	28.7193	77.2601	5658
Chandan Hola	28.4685	77.1831	6780
Khan Pur Dhani	28.7100	77.2830	6994
Kotla Mahigiran	28.5367	77.2807	7376
Fateh Pur Beri	28.4577	77.1788	8861
Saidabad	28.5278	77.2899	10168
Jona Pur	28.4661	77.1538	10635
Raj Pur Khurd	28.4945	77.1908	11161
Chilla Saroda Khadar	28.5876	77.3036	11743
Asola	28.4573	77.1841	13275
Tilang Pur Kotla	28.6496	77.0272	13614
Baqiabad	28.7325	77.2469	14429
Ghitorni	28.4948	77.1440	14893
Sultan Pur	28.4956	77.1611	15160
Neb Sarai	28.5084	77.2006	15640
Kusum Pur	28.5547	77.1573	17028
Bhati	28.4295	77.2257	18864
Mir Pur Turk	28.7049	77.2642	19098
Raja Pur Khurd	28.6352	77.0330	19312
Dayal Pur	28.7175	77.2651	20589
Shafi Pur Ranhola	28.6573	77.0400	31944
Aya Nagar	28.4720	77.1327	33123
Gharonda Neemka Bangar	28.6164	77.2880	37876
Kamal Pur Majra Burari	28.7467	77.1935	43086
Nithari	28.7049	77.0529	50464
Taj Pul	28.4948	77.3059	68796
Ziauddin Pur	28.7087	77.2765	68993
Pul Pehlad	28.4994	77.2910	69657
Khajoori Khas	28.7096	77.2587	76640
Sultan Pur Majra	28.6897	77.0765	181554
Candola	15.5205	73.9642	5354
Salvador do Mundo	15.5304	73.8363	6373
Aquem	15.2584	73.9857	6511
Corlim	15.4961	73.9339	6568
Murda	15.4802	73.8544	7517
Reis Magos	15.5076	73.8097	8053
São José de Areal	15.2546	74.0146	10229
Calapor	15.4645	73.8466	14077
Chimbel	15.4926	73.8747	15289
Penha de França	15.5170	73.8354	15342
Sarigam INA	20.2885	72.8503	19903
Chhatral INA	23.2869	72.4380	10215
Nandesari INA	22.4062	73.0952	8290
Vithal Udyognagar INA	22.5340	72.9254	5035
Dungarpur	21.4454	70.4938	5039
Sanjali	21.5483	72.9903	5344
Orvad	20.4527	72.9202	5420
Kharach	21.4544	72.9158	5436
Pardi Parnera	20.5709	72.9506	5454
Salvav	20.4086	72.9218	5486
Hajira INA	21.1130	72.6502	5562
Bharthana Kosad	21.2666	72.8709	5679
Bhurivel	21.2259	73.5847	5730
Karvad	20.3563	72.9549	5746
Sherpura	21.7143	72.9717	5748
Saktasanala	22.7874	70.8033	5786
Arsodiya	23.2490	72.5212	5859
Amardad	21.6971	69.7206	5872
Ghanteshvar	22.3364	70.7530	5874
Amboli	21.2885	72.9506	6137
Digvijaygram	22.4319	69.8327	6161
Parabada	23.5977	72.9490	6255
Selamba	21.5179	73.8215	6717
Kevadiya	21.8856	73.7023	6788
Bhat	23.1029	72.6360	6823
Antaliya	20.7653	72.9907	6936
Umbergaon INA	20.1691	72.7750	6976
Ambaliyasan	23.4499	72.4233	7072
Karachiya	22.3786	73.1328	7103
Mirjhapar	23.2190	69.6336	7109
Ahmadabad Cantonment	23.0477	72.6099	7588
Pardi Sondhpur	20.6199	72.9400	7833
Dehari	20.1533	72.7414	7892
Lavachha	20.2965	72.9900	8549
Chandrapur	22.6035	70.9590	8906
Alikherva	22.2811	73.7179	8951
Bhilad	20.2767	72.8856	9022
Vareli	21.1773	72.9511	9033
Vavdi Bujarg	22.7753	73.6421	9107
Pardi Kanade	21.0939	72.8774	9167
Nandej	22.8956	72.6792	9176
Bajwa	22.3681	73.1406	9611
Chiloda	23.1027	72.6616	9735
Chhapra	20.9253	72.9289	10147
Nanakwada	20.6029	72.9220	10172
Daheli	20.2697	72.8788	10475
Mithapur	22.4141	69.0088	10508
Antarjal	23.0544	70.0831	11256
Freelandgunj	22.8384	74.2363	11657
Ranoli	22.4007	73.1354	11726
Sidsar	21.7189	72.1112	11795
Kharaghoda	23.1871	71.7266	11944
Ichchhapor	21.1931	72.7365	12097
Ravapara	22.7956	70.8257	12206
Bhagdawada	20.4334	72.9135	12291
Palej	21.9155	73.0789	12334
Balitha	20.3893	72.9135	12380
Singarva	23.0229	72.6974	12547
Mahendranagar	22.8401	70.8603	12565
Vavol	23.2252	72.6209	12628
Reliance Complex	22.3440	69.8590	12796
Galpadar	23.0975	70.1251	13155
Bhadkodara	21.6042	73.0148	13233
Sukhpar	23.2163	69.6091	13303
Shaktinagar	22.1996	69.6591	13463
Anandpar	22.3220	70.8456	13483
Nandelav	21.7203	72.9960	13583
Savgadh	23.6165	72.9496	13841
Saij	23.2183	72.5220	13882
Mora	21.1783	72.6589	13924
Hadgood	22.5282	72.9785	14262
Gamdi	22.5722	72.9682	14582
Bhalpara	20.9137	70.3870	14676
Sanjan	20.1916	72.8183	15544
Baben	21.1373	73.0965	15610
Kabilpor	20.9508	72.9583	15699
Trajpar	22.8157	70.8665	16637
Sarangpore	21.6359	73.0475	16671
Andada	21.6559	73.0215	16730
Khapat	21.6541	69.6126	16744
Undera	22.3483	73.1331	16902
Ambaji	24.3317	72.8456	17753
Barwala	22.2198	72.0675	17951
Chanod	20.3467	72.9283	18776
Solsumba	20.1575	72.7891	18796
Chhiri	20.3778	72.9411	18829
Raval	21.9191	69.4818	19777
Bholav	21.7197	73.0110	24605
Anklesvar INA	21.6167	73.0276	24789
Gadkhol	21.6438	73.0121	25332
Jhadeshwar	21.7136	73.0323	28148
Kansad	21.0747	72.8789	28327
Tarsadi	21.4700	72.9521	29305
Vapi INA	20.3601	72.9311	34162
Bopal	23.0334	72.4672	37635
Chhaya	21.6288	69.6339	47699
Vijalpor	20.9221	72.9095	81245
Bhuran	29.3531	76.5080	5603
Salamba	28.1147	77.0464	5727
Ghatal Mahaniawas	28.2212	76.8405	6005
Jhakal Mandi	29.8076	75.8248	7788
Maheshari	28.2145	76.8218	9180
Farakhpur	30.1331	77.2430	9569
Satrod Khas	29.1308	75.7917	10932
Palwal Rural	28.1456	77.3513	23072
Panipat Taraf Rajputan	29.3609	76.9426	28803
Panipat Taraf Ansar	29.4122	76.9547	42877
Panipat Taraf Makhdum Zadgan	29.4161	76.9883	67998
Ambala Sadar	30.3354	76.8627	104974
Raurkela Industrial Township	22.1999	84.8618	216410
Mehatpur Basdehra	31.4071	76.3423	9218
Yol Cantonment	32.1845	76.3816	12028
Talwara	33.1048	74.7928	5125
Bashohli	32.4997	75.8156	5433
Ashmuji Khalsa	33.6713	75.0727	5567
Nowangabra	34.3621	73.8453	5634
Bhore	32.6668	74.8292	6360
Rathian	32.8953	75.1308	6365
Sunderbani	33.0484	74.4885	6930
Khore	32.8226	74.5113	6931
Rehambal	32.8976	75.0683	7351
Nagam	33.9264	74.7919	7365
Rakh Gadi Garh	32.6692	74.8389	7588
Seer Hamdan	33.7887	75.2430	8233
Wail	34.2707	74.8036	8335
Mattan	33.7630	75.2090	9246
Mehmood Pora	33.6874	74.9952	10910
Arwani	33.7823	75.0674	11815
Drug Mulla	34.4853	74.2871	12930
Quimoh	33.7215	75.0856	13138
R.S. Pora	32.6059	74.7334	15197
Raipur Domana	32.7984	74.7827	20238
Jammu Cantonment	32.7044	74.8611	28396
Termi	23.7700	86.0623	5111
Bhim Kanari	23.7978	86.1949	5170
Mahuda	23.7253	86.2769	5196
Sinduria	24.3900	83.6037	5262
Cherra	24.0124	85.7500	5279
Narra	23.7817	86.1007	5390
Sialgudri	23.7605	86.3516	5450
Kharkhari	23.7776	86.2392	5656
Matigara	23.7811	86.1776	5685
Karma Tanr	23.9186	86.7183	5868
Phulwartanr	23.7730	86.2321	5884
Muraidih	23.8098	86.2387	6360
Mahlidih	23.8081	86.3542	6381
Karmatanr	23.8226	86.5241	6392
Pondarkanali	23.7702	86.3516	6611
Dumra	23.7960	86.2136	6772
Sahnidih	23.7819	86.2506	6777
Charhi	23.8538	85.4453	6842
Gunghasa	23.8618	86.1777	6845
Hariharpur	23.8888	86.1307	6938
Mera	23.7556	86.7944	7051
Panchet	23.6881	86.7574	7296
Jangalpur	23.8274	86.5793	7603
Kurpania	23.7917	85.9323	7789
Bandhgora	23.6214	86.1466	7859
Purihasa	22.7445	86.1930	7897
Tanr Balidih	23.6685	86.0504	7982
Jena	23.6762	86.0181	8143
Rasikpur	24.2855	87.2538	8320
Nagri Kalan	23.8164	86.3437	9410
Baua Kalan	23.8121	86.3647	9489
Patra	24.9696	87.8423	9536
Panrra	23.8002	86.7228	9563
Isri	23.9873	86.0293	9749
Hasir	23.7735	85.8140	11195
Satgawan	24.5480	84.2820	11811
Egarkunr	23.7510	86.7694	11829
Bandh Dih	23.6588	86.0173	13192
Telo	23.8179	86.1209	14274
Basukinath	24.3945	87.0864	17123
Jadugora	22.6536	86.3560	18563
Gadhra	22.7467	86.2455	18801
Ghorabandha	22.7724	86.2711	20718
Sarjamda	22.7476	86.2257	23788
Siuliban	23.7486	86.7848	24202
Haludbani	22.7512	86.2099	25360
Chhota Gobindpur	22.7459	86.2589	31843
Kopali	22.8372	86.1916	43256
Mango	22.8275	86.2164	223805
Bobruwada	14.6530	74.2936	5409
Mulur	12.9398	74.9276	5445
Muduperar	12.9733	74.9378	5686
Sajipanadu	12.8540	74.9957	5847
Donimalai Township	15.0604	76.5922	6672
Venkatapura	14.0321	74.5333	6928
Kodiyal	14.5167	75.7896	7061
Gogipeth	16.7352	76.7443	7544
Bhimarayanagudi	16.7263	76.7978	8029
Gokak Falls	16.1879	74.7776	8080
Belvata	12.3554	76.6496	8605
Maragondahalli	12.8338	77.6557	8824
Allipura	13.4885	77.4586	9930
Srirampura	12.2549	76.6215	11234
Konaje	12.7970	75.5102	11368
Saligram	13.4991	74.7094	15123
Shaktinagar	16.3649	77.3586	17088
Kizhuppillikkara	10.3967	76.1407	5275
Venginissery	10.4681	76.2006	5533
Manakkody	10.4857	76.1697	7150
Manavalassery	10.3613	76.1724	7364
Tholur	10.5718	76.1291	7454
Kodannur	10.4665	76.1842	7655
Cherpu	10.4313	76.1990	7864
Vellookkara	10.3232	76.2160	8146
Paralam	10.4591	76.1942	9187
Anthicad	10.4584	76.1215	9826
Kozhukkully	10.5209	76.2780	9918
Vadakkumkara	10.3042	76.2189	10407
Kadannappalli	12.1000	75.2762	10430
Keerikkad	9.1772	76.4856	10465
Ala	10.2535	76.1857	10493
Poomangalam	10.3113	76.1929	11141
Velloorkunnam	10.0047	76.5474	11576
Padiyam	10.4526	76.1030	11623
Kurattissery	9.3187	76.5282	11849
Pullur	10.3450	76.2445	12656
Thirumittacode-II	10.7317	76.1607	12855
Vallachira	10.4384	76.2271	12970
Edakkode	8.6807	76.8519	12994
Narath	11.9602	75.3893	13092
Kureekkad	9.9298	76.3746	13348
Avinissery	10.4699	76.2301	13983
Kozhukkallur	11.5146	75.7081	14007
Madayikonam	10.3715	76.2254	14155
Thurayur	11.5280	75.6709	14176
Kurumpilavu	10.4110	76.1682	14329
Panangad	10.2728	76.1748	15630
Chowwara	10.1271	76.3871	14933
Chingoli	9.2503	76.4520	14981
Karamuck	10.4842	76.1044	15129
Thekkumkara	10.2819	76.2132	15258
Pappinivattom	10.2937	76.1583	15336
Kanhirode	11.9184	75.4645	15353
Kandamkunnu	11.8695	75.5808	16025
Chevvoor	10.4586	76.2088	16086
Chendrappini	10.3555	76.1282	16404
Porathissery	10.3764	76.2015	16768
Peralassery	11.8322	75.4825	16821
Ongallur-I	10.8027	76.2185	16998
Varam	11.8996	75.4132	17008
Manalur	10.4929	76.1027	17757
Kattur	10.3732	76.1668	18017
Palayad	11.5505	75.6289	18141
Mangattidam	11.8433	75.5437	18627
Kurumathur	12.0397	75.4114	18641
Kadachira	11.8369	75.4490	18979
Ezhome	12.0300	75.2819	19261
Kanjiramkulam	8.3598	77.0525	19902
Kandalloor	9.1756	76.4713	19925
Pudussery West	10.7880	76.7279	20140
Killannur	10.5992	76.2180	20339
Puthuppally	9.5575	76.5748	29635
Koduvayur	10.6867	76.6588	20703
Muthukulam	9.2168	76.4592	20740
Perinjanam	10.3133	76.1485	21012
Kottappally	11.6127	75.6614	21169
Kodamthuruth	9.8006	76.3015	21295
Paippad	9.4246	76.5848	21338
Karuvanthuruthy	11.1721	75.8226	21952
Palai	9.7131	76.6833	22056
Ariyallur	11.0833	75.8490	22558
Ancharakandy	11.8841	75.4850	23030
Thiruvankulam	9.9468	76.3666	23160
Marampilly	10.1138	76.4418	23272
Kannamangalam	11.0754	75.9852	41260
Sreekaryam	8.5488	76.9172	23528
Pantheeramkavu	11.2305	75.8518	24537
Thazhecode	11.3226	75.9758	25116
Talikkulam	10.4404	76.0948	25507
Mulamthuruthy	9.9003	76.3870	25852
Muhamma	9.6089	76.3608	25861
Thodiyoor	9.0780	76.5777	25884
Ongallur-II	10.7897	76.2190	26273
Varappuzha	10.0759	76.2715	26750
Azhoor	8.6441	76.7990	27390
Pathirappally	9.5354	76.3221	27445
Ezhupunna	9.8211	76.2998	27528
Atholi	11.3885	75.7597	28213
Uliyazhathura	8.5816	76.9224	28230
Urakam	11.0512	75.9883	29157
Vijayapuram	9.5912	76.5612	29248
Cherukavu	11.1731	75.9086	30126
Vadanappally	10.4690	76.0813	30657
Kizhuvalam-Koonthalloor	8.6625	76.8097	30770
Vilavoorkkal	8.4809	77.0220	31761
Thenhippalam	11.1323	75.8822	32045
Elampalloor	8.9558	76.6739	33959
Chelambra	11.1509	75.8719	34149
Villiappally	11.6250	75.6287	34502
Kaipamangalam	10.3350	76.1392	35626
Venganoor	8.3964	77.0033	35963
Neduva	11.0567	75.8668	35996
Vilappil	8.5222	77.0400	36212
Parappur	11.0121	75.9947	36270
Vazhayur	11.2173	75.8999	36909
Malayinkeezhu	8.4902	77.0374	37350
Nattakam	9.5453	76.5141	38599
Othukkungal	11.0283	76.0290	39139
Manakunnam	9.8857	76.3733	39538
Peringathur	11.7137	75.5860	40292
Kulathummal	8.5073	77.0815	40448
Athiyannur	8.3930	77.0637	40712
Kalliyoor	8.4313	77.0129	40816
Kudappanakkunnu	8.5514	76.9608	41583
Abdu Rahiman Nagar	11.0698	75.9388	41993
Perumbaikad	9.6183	76.5313	42839
Kakkodi	11.3197	75.8015	42866
Choornikkara	10.0879	76.3411	43207
Panachikkad	9.5297	76.5406	43595
Olavanna	11.2184	75.8325	43895
Pallikal	11.1372	75.9257	46962
Komalapuram	9.5419	76.3424	47126
Vengara	11.0508	75.9781	48600
Vazhakkala	10.0124	76.3263	51242
Pallichal	8.4498	77.0257	53861
Moonniyur	11.0597	75.9031	55535
Cheruvannur	11.1903	75.8283	61614
Sangvi	21.8079	75.6129	5383
Khor	24.5924	74.8147	5683
Rosera	22.9421	79.2148	6770
Pipri	22.0633	75.4009	6821
Nagri	23.8477	75.1443	7034
Swroop Nagar	23.8273	77.9419	7258
Ordnance Factory Itarsi	22.5733	77.8653	7878
Vehicle Factory Area Jabalpur	23.2266	79.9770	8087
Kelhauri	23.1873	81.6310	8796
Dola	23.2209	82.1332	9273
Dumar Kachhar	23.1687	82.1113	9480
Bhilakhedi	22.5992	77.7035	9540
Deohra	23.1427	81.5961	9686
Pankhedi	23.3471	76.8363	11723
Akoda	26.5334	78.9036	12534
Satlapur	23.1130	77.5266	14755
Bangawan	23.1926	82.1272	20873
Pasan	23.1649	81.9286	28447
Amlai	23.1984	81.5806	30354
Bijuri	23.2524	82.1167	32682
Malajkhand	22.0516	80.7157	34176
Dhanpuri	23.1854	81.5551	45156
Kolar	23.1648	77.4189	87882
Ambepur	18.6883	72.9855	5035
Dhatau	18.4280	73.1514	5066
Samangaon	19.9683	73.8756	5156
Tamgaon	16.6484	74.2991	5223
Kharbav	19.2970	72.9963	5250
Kambe	19.3124	73.0364	6642
Mahapoli	19.4056	73.0863	5666
Sansari	19.9058	73.8401	5780
Borivali Tarf Rahur	19.3755	73.1792	5780
Anantpur	19.9329	75.0123	6166
Ambivali T. Tungartan	18.8977	73.1729	6497
Kuwarbav	16.9945	73.3559	6497
Sangramnagar	17.8920	75.0062	6499
Purne	19.2586	73.0269	6588
Vilholi	19.9233	73.7173	6798
Kudus	19.5336	73.1010	7204
Morewadi	16.6624	74.2544	7222
Khapar	21.5330	73.9312	7235
Vadghar	18.9834	73.1040	7341
Chandrapada	19.3616	72.8818	7750
Kolki	17.9792	74.4500	8054
Jasai	18.9319	73.0189	8234
Deogiri	20.3188	77.7960	8303
Gokul Shirgaon	16.6434	74.2741	8623
Rees	18.8954	73.2000	8632
Bhuwaneshwar	18.4319	73.1235	8871
Dandi	19.7982	72.7651	8942
Ujalaiwadi	16.6654	74.2711	9075
Ganeshpur	21.1503	79.6442	9192
Palidevad	19.0006	73.1338	9194
Hajarmachi	17.3143	74.2311	9317
Eklahare	19.9801	73.8823	9376
Mohpada	18.8995	73.1822	9694
Rahanal	19.2704	73.0272	10928
Shivatkar	18.1016	74.2142	11228
Utekhol	18.2439	73.2867	11380
Chitegaon	19.7584	75.2895	11507
Nachane	16.9844	73.3393	11688
Nagapur	19.1585	74.7009	11790
Chandkapur	21.2815	79.1042	12077
Bhagur	19.8760	73.8338	12353
Kherdi	17.5189	73.5566	12397
Medankarwadi	18.7477	73.8691	12576
Gandhinagar	16.7071	74.3005	12601
Karivali	19.2917	73.0382	12907
Khadkale	18.7614	73.5576	13435
Shivaji Nagar	20.1265	79.0336	13877
Shelar	19.3222	73.0677	14899
Kalher	19.2472	73.0152	15573
Aurangabad Cantonment	19.8761	75.2916	18051
Pasthal	19.8202	72.7296	18194
Jalochi	18.1566	74.6071	19346
Korochi	16.7192	74.4451	20420
Ghulewadi	19.6031	74.1936	21860
Pachgaon	16.6602	74.2274	22353
Godoli	17.6718	74.0129	22517
Kodoli	17.6702	74.0347	26106
Hupari	16.6167	74.4044	28953
Mharal Bk	19.2459	73.1771	29462
Walwadi	20.9209	74.7611	29636
Khaira	19.7867	72.7616	31699
Kabnur	16.7017	74.4395	38146
Ranjangaon S	19.8440	75.2148	42877
Dehu Road	18.6821	73.7316	48961
Wadgaon Kolhati	19.8431	75.2360	65620
Kiyamgei	24.7447	93.9382	5336
Torban	24.7676	93.9469	5459
Heingang	24.8568	93.9468	6115
Sikhong Sekmai	24.6380	94.0934	7390
Kwakta	24.4482	93.7302	8579
Andro	24.7485	94.0430	8744
Thongju	24.7576	93.9374	10836
Ningthoukhong	24.5717	93.7641	13078
Samurou	24.7009	93.9033	16582
Diphupar 'A'	25.8578	93.7690	10246
Kuda	25.8909	93.7388	16108
Dadhapatna	20.4113	85.8270	5005
Badakodanda	19.9374	84.5506	5137
Badmal	20.3805	83.2864	5431
Belagachhia	20.4233	85.8523	5516
Majhihara	20.1754	86.0001	5598
Godiputamatiapara	20.1392	85.7029	5967
Pathar	19.6421	85.1674	6072
Budhapanka	20.8583	85.2420	6129
Mukhiguda	19.4402	82.8505	6155
Dungamal	19.6803	85.1821	6271
Agastinuagan	19.3700	85.0343	6411
Saranga	20.9255	85.2640	6426
Bhapur	20.1742	86.0061	6438
Anjira	20.8264	86.0335	6561
Kandasar	20.8416	85.1425	6668
Balipatapur	19.9356	85.4968	6898
Lalsingi	19.9474	84.5711	7078
Bhakarsahi	20.1855	86.0103	7110
Gotamara	20.8583	85.2027	7420
Erei	21.0871	86.5270	7890
Suvani	19.1334	84.7151	7993
Nuapatna	20.4462	85.4690	8057
Sayadpur	20.7279	86.4007	8798
Krushnanandapur	20.3587	86.2606	8974
Pratapsasan	20.2046	85.8717	12830
Ghantapada	20.9345	85.1879	15169
Dera Colliery Township	20.9528	85.1717	15787
Lochapada	19.3287	84.8007	16377
Khariar Road	20.8987	82.5089	18967
Kurumbapet	11.9398	79.7713	32871
Khambra on Nakodar Road	31.2737	75.5575	5483
Dhin	31.2659	75.6092	5961
Sarai Khas	31.4090	75.5112	7044
Rail	30.9990	76.4676	7589
Sufipind	31.2775	75.6388	9406
Bareta	29.8635	75.6964	17432
Ahmedgarh	30.6773	75.8263	31302
Naya Gaon	30.7752	76.7931	50869
Budhpura	25.1127	75.4584	5070
Chenar Village	27.2020	73.7599	5579
Jhagarwas	26.9148	74.3141	5728
Bay	27.3139	75.2959	5936
Baral	25.9185	74.6294	6344
Kolvi	23.9421	75.5986	8584
Banasthali	26.4040	75.8696	12835
Kesrisinghpur	29.9475	73.6212	14010
Ajeetgarh	27.4193	75.8214	15414
Vidyavihar	28.3681	75.5840	15644
Merta Road	26.7227	73.9176	16905
Nandri	26.3116	73.1009	20827
Fatehnagar	24.8149	74.0950	22812
Manjakollai	10.7555	79.8204	5040
Kalparapatti	11.5846	78.0272	5046
Mettamalai	9.3955	77.8946	5175
Chennagiri	11.5360	78.0680	5338
Chathirareddipatti	9.6254	77.9667	5360
Kullursandai	9.5431	77.9806	5383
Vellakkalpatty	11.7032	78.1034	5475
Perumagalur	10.1978	79.1917	5604
Gandipuram	8.1796	77.4449	6106
Sirukalathur	12.9823	80.0549	6117
Kila Ambur	8.7610	77.4009	6233
Karugampattur	12.9262	79.1055	6343
Puliyoorsalai	8.4197	77.1972	6361
Kilampadi	11.2040	77.8427	6422
Choozhal	8.3101	77.1280	6807
Paloor	8.2427	77.2365	6818
Chatrapatti	9.3448	77.9206	6948
Sankarnagar	8.7969	77.7340	7095
Ariyur	12.8756	79.1034	7251
P. J. Cholapuram	10.9057	78.2792	7484
Sembianallur	11.1773	77.2413	7586
Pavali	9.6023	77.9213	7622
Thorapadi	12.8915	79.1238	16700
Nattalam	8.2796	77.2345	7674
Kulappuram	8.3219	77.1489	7677
Bhavanisagar	11.4806	77.1291	7710
Malayadi	8.3609	77.1795	7812
Alamelumangapuram	12.9422	79.1869	7900
Muzhucode	8.3619	77.2281	8000
Tajpura	12.8933	79.3192	8075
Chennasamudram	11.0585	77.8996	8111
Jaffrabad	12.6905	78.6080	8121
Vavarai	8.2921	77.1617	8362
Kattimancode	8.1905	77.3526	8541
Nazarathpettai	13.0469	80.0798	8660
Nadaikavu	8.2915	77.1479	8727
Adaikkakuzhi	8.3078	77.1411	8888
Nathampannai	10.4093	78.7918	8915
Senur	12.9470	79.1071	9078
Gandhinagar	12.9547	79.1407	9114
Tittangulam	9.1706	77.8983	9115
Kollankoil	11.1281	77.7436	9196
Kailasagiri	12.8358	78.7122	9421
Pennathur	12.8466	79.1108	9425
Venkatachalapuram	9.3747	77.9101	9540
Kadaparai	10.9992	78.0823	9574
Puthukkadai	8.2759	77.1793	9909
Sikkarayapuram	13.0177	80.1027	10187
Ilanji	8.9604	77.2800	10282
Sankaramanallur	10.4811	77.3621	10283
Manimutharu	8.6577	77.4139	11323
Pudupalayam	12.3620	78.8776	11382
Naranapuram	9.4505	77.8352	11665
Sevugampatti	10.1988	77.8046	11730
Kuhalur	11.4338	77.4960	11753
Ashokapuram	11.1017	76.9545	12993
South Kannanur	10.9194	78.7401	13073
Krishnasamudram	10.7864	78.8002	13146
Kumaragiri	8.7452	78.0522	13344
Anuppankulam	9.4194	77.8430	13526
Pandavarmangalam	9.1533	77.8817	14954
Kangeyanallur	12.9508	79.1506	15177
Neelagiri	10.7594	79.0934	16197
Vathirairuppu	9.6353	77.6389	16784
Keezhkulam	8.2307	77.1863	17327
Kothanallur	8.2791	77.3096	17662
Adiyanuthu	10.3308	77.9812	17851
Nalloor	8.3064	77.2240	17989
Inam Maniyachi	9.1706	77.8512	18258
Palugal	8.3536	77.1859	18276
Palappallam	8.2095	77.2476	18589
Mamsapuram	9.4996	77.5879	18635
Kallukuttam	8.1887	77.2878	19093
Jalladiampet	12.9203	80.2081	19100
Ammainaickanur	10.1671	77.9132	19257
Methukummal	8.3075	77.1521	19417
Kalinjur	12.9534	79.1337	19828
Sankaraperi	8.8387	78.1051	19844
Reethapuram	8.1843	77.2481	21177
Polichalur	12.9891	80.1418	21906
Palavansathu	12.8931	79.1345	22176
Kilapavoor	8.9086	77.4311	22231
Painkulam	8.2602	77.1740	23630
Unnamalaikadai	8.2996	77.2406	23656
Pacode	8.3352	77.2136	24050
Ezhudesam	8.2651	77.1421	24657
Edaicode	8.3825	77.1983	25378
Viswanatham	9.4295	77.8003	25555
Balakrishnapuram	10.3591	78.0026	25627
Mathur	13.1710	80.2476	27674
Allapuram	12.8951	79.1279	31211
Puzhal	13.1647	80.2039	31665
Kollancode	8.2890	77.1080	38385
Mappilaiurani	8.8359	78.1352	40035
Milavittan	8.8193	78.0909	45863
Ramapuram	13.0318	80.1824	52295
Maraimalainagar	12.7978	80.0250	81872
Garimellapadu	17.5389	80.6225	6296
Osmania University	17.4129	78.5263	6762
Tangapur	16.3956	78.6266	7704
Jallaram	18.7241	79.5710	9329
Allipur	17.6763	77.6289	11276
Teegalpahad	18.8590	79.4892	12656
Jawaharnagar	17.5100	78.5656	44562
Khanapuram Haveli	17.2624	80.1681	53442
Lebachhara	23.3957	91.7338	5273
Chandigarh	23.5021	91.3371	5607
Matarbari	23.5068	91.4968	6530
Briddhanagar	23.8445	91.3514	7041
Narsingarh	23.9097	91.2508	7404
Fulkumari	23.5230	91.5048	11160
Uttar Champamura	23.8312	91.3399	11359
Gakulnagar	23.7116	91.2571	11369
Bankimnagar	23.8187	91.4313	11949
Anandanagar	23.8087	91.3130	13814
Radhakishorenagar	23.8676	91.3427	13866
Gandhigram	23.8920	91.2816	14572
Taranagar	23.9688	91.3708	15481
Madhuban	23.7815	91.2858	16579
Dukli	23.7984	91.2964	16941
Charipara	23.8091	91.2481	19598
Fārward Kahūta	33.8824	74.1071	5555
Tasti Tea Garden	26.6482	89.1465	5568
Dever Inder Bug	34.4558	74.4507	10863
Ant	27.4431	80.4686	7385
Survepalle Bit ? II	14.2694	79.9620	5129
Mota Natava	23.1744	74.0446	6001
Maan	18.5812	73.7041	7527
Kanpur Cantonment	26.4594	80.3751	108534
Nani Daman	20.4143	72.8324	62000
Zaxo	37.1487	42.6859	95052
Umm Qaşr	30.0362	47.9195	107620
Ţūz Khūrmātū	34.8881	44.6326	120712
Sumayl	36.8582	42.8482	152512
Sīnah	36.8085	43.0393	128776
Mostafa	31.5500	47.0333	150000
Ash Sharqāt	35.5172	43.2281	160000
Sāmarrā’	34.1959	43.8857	158508
Rānyah	36.2551	44.8824	114173
Al Qā’im	34.3925	40.9894	74100
Al-Hamdaniya	36.2709	43.3776	50000
Qal‘at Sukkar	31.8632	46.0732	110000
Qeładizê	36.1825	45.1302	140688
Khānaqīn	34.3482	45.3907	175000
Kirkuk	35.4681	44.3922	1031000
Karbala	32.6160	44.0249	1218732
Kelar	34.6281	45.3185	250000
Erbil	36.1912	44.0094	1612700
Halabja	35.1778	45.9861	57333
Xebat	36.2780	43.6707	148047
Soran	36.6556	44.5422	91589
Dihok	36.8661	42.9879	340900
Bayjī	34.9291	43.4888	173677
Baqubah	33.7540	44.6052	152550
Baḥarkah	36.3156	44.0353	130518
Baghdad	33.3406	44.4009	7216000
Az Zubayr	30.3921	47.7017	122676
Aş Şuwayrah	32.9256	44.7758	77200
Sulaymaniyah	35.5650	45.4329	878146
As Samawah	31.3320	45.2944	152890
Ash Shaţrah	31.4091	46.1727	182175
Ash Shāmīyah	31.9626	44.6007	57661
Ramadi	33.4206	43.3078	223500
An Nu‘mānīyah	32.5562	45.4129	110000
Nasiriyah	31.0580	46.2573	558400
Najaf	32.0259	44.3462	482576
Al Qurnah	31.0155	47.4336	134174
Al-Qāsim	32.2980	44.6828	93546
Al-Musayab	32.7787	44.2901	101873
Al Miqdādīyah	33.9786	44.9369	155968
Al Mawşil al Jadīdah	36.3327	43.1056	2065597
Mosul	36.3350	43.1189	1683000
Al Maḩmūdīyah	33.0622	44.3656	350000
Al Madīnah	30.9632	47.2700	255000
Al-Kut	32.5128	45.8182	315162
Kufa	32.0511	44.4402	110000
Khāliş	33.8081	44.5334	70046
Nāḩiyat al Iskandarīyah	32.8873	44.3462	100600
Al Hindīyah	32.5419	44.2247	139578
Al Hillah	32.4637	44.4196	455700
Al Ḩayy	32.1742	46.0434	78272
Al Hārithah	30.5848	47.7611	92395
Al Fāw	29.9742	48.4731	104569
Al Fallūjah	33.3491	43.7860	190159
Basrah	30.5085	47.7804	1326564
Al ‘Amārah	31.8356	47.1448	323302
Al Diwaniyah	31.9929	44.9255	318801
Abū Ghurayb	33.3056	44.1848	900000
Derbendîxan	35.1121	45.6866	54896
Abu Gharaq	32.5271	44.3440	108212
'Ākra	36.7336	43.8804	105370
Khasnahzān	36.2009	44.1424	146639
Hajiawa	36.2358	44.7947	80000
Sadr City	33.3889	44.4583	1211849
Simele	36.8583	42.8501	152512
Abū al-Kahṣīb	30.4431	47.8780	357771
Shelādiz	37.0326	43.7762	50000
Alvand	36.1893	50.0643	90000
Nūrābād	34.0734	47.9725	65547
Javānrūd	34.8067	46.4913	54354
Qarchak	35.4287	51.5776	251834
Ṣāleḥīeh	35.5053	51.1914	58683
Golestān	35.5183	51.1819	240000
Shahre Jadide Andisheh	35.6803	51.0193	116062
Khorramdarreh	36.2078	49.1953	50528
Kamālshahr	35.8619	50.8742	141669
Ābādeh	28.8317	53.1728	59116
Yasuj	30.6682	51.5880	96786
Zarand	30.8127	56.5640	58983
Zanjan	36.6764	48.4963	357471
Yazd	31.8972	54.3675	477905
Varāmīn	35.3242	51.6457	225628
Tūyserkān	34.5510	48.4435	50455
Torbat-e Ḩeydarīyeh	35.2740	59.2195	140019
Tehran	35.6944	51.4215	7153309
Tākestān	36.0706	49.6957	71499
Takāb	36.4009	47.1133	51541
Tajrīsh	35.8044	51.4256	86000
Tabriz	38.0800	46.2919	1424641
Eqbālīyeh	36.2308	49.9250	55066
Sirjan	29.4514	55.6809	199704
Shūshtar	32.0497	48.8484	101878
Shūsh	32.1942	48.2436	77148
Shīrvān	37.3967	57.9295	82790
Shiraz	29.6103	52.5311	1249942
Shahr-e Kord	32.3261	50.8572	129153
Shahr-e Bābak	30.1165	55.1186	51620
Semnan	35.5769	53.3920	124826
Sāveh	35.0213	50.3566	220762
Sari	36.5633	53.0601	255396
Saqqez	36.2499	46.2735	165258
Sanandaj	35.3150	46.9988	349176
Salmās	38.1973	44.7653	81606
Sabzevar	36.2126	57.6819	243700
Robāţ Karīm	35.4846	51.0829	105393
Rasht	37.2761	49.5886	594590
Rāmhormoz	31.2800	49.6035	74285
Rafsanjān	30.4067	55.9939	147680
Qūchān	37.1060	58.5095	111752
Qorveh	35.1664	47.8056	87953
Qom	34.6401	50.8764	900000
Qazvin	36.2688	50.0041	333635
Qods	35.7214	51.1090	309605
Qā’em Shahr	36.4667	52.8676	204953
Pīshvā	35.3080	51.7267	53856
Piranshahr	36.7010	45.1413	168393
Pārsābād	39.6482	47.9174	102996
Oshnavīyeh	37.0397	45.0983	50661
Orūmīyeh	37.5527	45.0761	577307
Omīdīyeh	30.7628	49.7023	67427
Nūrābād	30.1140	51.5217	57058
Neyshābūr	36.2133	58.7957	220929
Nekā	36.6508	53.2991	60991
Naz̧arābād	35.9541	50.6061	213388
Naqadeh	36.9553	45.3880	81598
Nahāvand	34.1909	48.3745	76250
Meshkīn Dasht	35.7499	50.9438	62005
Mīnāb	27.1310	57.0872	97986
Mīāneh	37.4210	47.7150	106291
Mīāndoāb	36.9667	46.1096	134425
Meybod	32.2501	54.0166	51874
Meshgīn Shahr	38.3990	47.6820	74109
Masjed Soleymān	31.9364	49.3039	100497
Mashhad	36.2981	59.6057	2307177
Marvdasht	29.8741	52.8026	148858
Marīvān	35.5183	46.1830	136654
Māhdāsht	35.7282	50.8134	62910
Marand	38.4329	45.7749	124191
Marāgheh	37.3921	46.2391	262604
Marāgheh	35.8292	59.6332	262604
Malāyer	34.3016	48.8217	170237
Malārd	35.6659	50.9767	56745
Mahābād	36.7631	45.7222	168393
Lār	27.6834	54.3417	62045
Langarūd	37.1955	50.1526	68148
Lāhījān	37.2042	50.0092	101073
Kūt-e ‘Abdollāh	31.2392	48.6564	56252
Kūhdasht	33.5333	47.6100	89091
Khūy	38.5503	44.9521	198845
Khorramshahr	30.4408	48.1843	330606
Khorramabad	33.4878	48.3558	329825
Khomeyn	33.6389	50.0800	77425
Khalkhāl	37.6184	48.5293	51024
Kermanshah	34.3142	47.0650	621100
Kerman	30.2832	57.0788	577514
Kāzerūn	29.6192	51.6535	112360
Kāshmar	35.2383	58.4656	131517
Kashan	33.9824	51.4277	304487
Karaj	35.8327	50.9915	1448075
Kangāvar	34.5043	47.9653	51352
Bandar-e Kangān	27.8343	52.0631	60187
Kāmyārān	34.7953	46.9368	57077
Jahrom	28.5000	53.5605	141634
Īz̄eh	31.8303	49.8676	119399
Īlām	33.6374	46.4227	140940
Hashtgerd	35.9620	50.6799	55640
Harsīn	34.2721	47.5861	57647
Hamadān	34.7992	48.5146	528256
Gorgān	36.8427	54.4439	244937
Gonbad-e Kāvūs	37.2500	55.1672	151910
Golpāyegān	33.4537	50.2884	58936
Bandar-e Genāveh	29.5791	50.5170	52750
Fīrūzābād	28.8446	52.5715	65417
Fasā	28.9383	53.6482	98061
Eslāmābād-e Gharb	34.1089	46.5299	90559
Esfarāyen	37.0765	57.5101	59490
Shahrud	36.4182	54.9763	165000
Dorūd	33.4922	49.0616	121638
Dogonbadan	30.3586	50.7981	96728
Dezful	32.3811	48.4058	264709
Dehdasht	30.7934	50.5651	57036
Sūsangerd	31.5635	48.1896	51431
Dārāb	28.7517	54.5406	70232
Dāmghān	36.1679	54.3429	67694
Chenārān	36.6455	59.1212	53879
Chālūs	36.6550	51.4204	107490
Bushehr	28.9689	50.8366	165377
Būmahen	35.7297	51.8688	79034
Būkān	36.5210	46.2089	193501
Borūjerd	33.8973	48.7516	251958
Borūjen	31.9652	51.2873	57071
Borāzjān	29.2699	51.2188	110567
Bojnūrd	37.4747	57.3290	192041
Bīrjand	32.8663	59.2211	196982
Bījār	35.8668	47.6051	50014
Bonāb	37.3404	46.0561	80359
Behshahr	36.6923	53.5526	94702
Behbahān	30.5959	50.2417	122604
Bāneh	35.9975	45.8853	110218
Bandar-e Torkaman	36.9012	54.0720	53970
Bandar-e Māhshahr	30.5566	49.1885	162797
Bandar-e Anzalī	37.4732	49.4579	118564
Bandar Abbas	27.1865	56.2808	352173
Bam	29.1060	58.3570	99268
Bābol	36.5510	52.6786	202796
Asadābād	34.7824	48.1201	55703
Ardakān	32.3100	54.0175	58834
Ardabīl	38.2498	48.2933	410753
Ārān Bīdgol	34.0575	51.4829	65404
Arāk	34.0949	49.6981	503647
Andīmeshk	32.4615	48.3537	135116
Āmol	36.4696	52.3507	237528
Shahrīār	35.6588	51.0577	309607
Alīgūdarz	33.4040	49.6918	89268
'Alī Ābād-e Katūl	36.9101	54.8674	52838
Ahvaz	31.3190	48.6842	841145
Ahar	38.4774	47.0699	100641
Ābyek	36.0667	50.5500	55128
Ābyek	36.0399	50.5310	60107
Abhar	36.1468	49.2180	69889
Abadeh	31.1608	52.6506	59116
Abadan	30.3392	48.3043	231476
Moḩammad Shahr	35.7630	50.9171	119418
Bāqershahr	35.5316	51.4048	65388
Shāhīn Shahr	32.8579	51.5529	173329
Zarrīn Shahr	32.3906	51.3765	55817
Shahreẕā	32.0088	51.8641	134952
Najafābād	32.6346	51.3653	235281
Mobārakeh	32.3461	51.5020	69449
Khomeynī Shahr	32.6856	51.5361	277334
Fūlād Shahr	32.4866	51.3967	88426
Isfahan	32.6525	51.6746	1547164
Bahārestān	32.4881	51.7731	106433
Eslamshahr	35.5522	51.2350	450000
Zābol	31.0306	61.4949	121989
Zahedan	29.4963	60.8629	551980
Torbat-e Jām	35.2440	60.6225	58928
Sarāvān	27.3709	62.3310	60014
Khāsh	28.2211	61.2158	69603
Iranshahr	27.2024	60.6848	131232
Shahr-e Ṣadrā	29.7997	52.5022	122226
Fardīs	35.7555	50.9967	181174
Parand	35.4719	50.9755	97464
Moḩammadīyeh	36.2237	50.1825	90513
Shahrak-e Pardīsān	34.5573	50.8020	100000
Şabbāshahr	35.5803	51.1139	53971
Nasīm Shahr	35.5650	51.1633	200393
Pardīs	35.7469	51.8122	114249
Kāshān	34.0023	51.4388	304487
Jīroft	28.6781	57.7406	130429
Kahnūj	27.9403	57.6998	52624
Bandar-e Emam Khomeyni	30.4370	49.1029	78353
Mehestan	35.9891	50.7451	85200
Pākdasht	35.4785	51.6834	236319
Andīsheh	35.7471	51.2774	116062
Nasimshahr	35.5653	51.1583	200393
Bāghestān	35.6471	51.1338	83934
Sahand	37.9510	46.1103	82494
Reykjavík	64.1355	-21.8954	118918
Vittoria	36.9515	14.5279	50852
Trapani	38.0176	12.5362	67531
Siracusa	37.0754	15.2866	121605
Reggio Calabria	38.1105	15.6613	182455
Ragusa	36.9257	14.7244	74251
Quartu Sant'Elena	39.2293	9.2500	66620
Palermo	38.1166	13.3636	648260
Modica	36.8587	14.7597	54456
Messina	38.1939	15.5526	219948
Mazara del Vallo	37.6553	12.5899	51534
Marsala	37.7992	12.4367	77915
Gela	37.0738	14.2404	75001
Crotone	39.0808	17.1276	64603
Cosenza	39.2989	16.2531	63852
Catanzaro	38.8825	16.6009	78970
Catania	37.4922	15.0704	311584
Caltanissetta	37.4903	14.0622	62797
Cagliari	39.2305	9.1192	149257
Bagheria	38.0789	13.5124	53149
Vigevano	45.3141	8.8544	57970
Vicenza	45.5467	11.5475	111980
Viareggio	43.8669	10.2502	62169
Verona	45.4385	10.9938	258031
Venice	45.4371	12.3326	51298
Velletri	41.6857	12.7775	52911
Varese	45.8206	8.8251	80588
Udine	46.0693	13.2371	100170
Trieste	45.6495	13.7768	204338
Treviso	45.6667	12.2416	85760
Trento	46.0679	11.1211	120709
Trani	41.2773	16.4101	53981
Torre del Greco	40.7893	14.3681	85332
Turin	45.0705	7.6868	847287
Terni	42.5633	12.6433	111189
Teramo	42.6612	13.6990	54338
Taranto	40.4644	17.2471	198585
Siena	43.3182	11.3306	53901
Sesto San Giovanni	45.5333	9.2258	81822
Secondigliano	40.9000	14.2667	51874
Savona	44.3090	8.4771	61345
Sassari	40.7259	8.5555	91895
San Severo	41.6856	15.3815	51919
Salerno	40.6754	14.7933	125797
Rovigo	45.0698	11.7902	50279
Rome	41.8919	12.5113	2318895
Rimini	44.0575	12.5653	148688
Reggio nell'Emilia	44.6983	10.6312	171944
Ravenna	44.4134	12.2012	80868
Quarto Oggiaro	45.5131	9.1434	182118
Prato	43.8805	11.0970	195089
Pozzuoli	40.8439	14.0952	81231
Potenza	40.6418	15.8079	56433
Portici	40.8156	14.3372	53801
Ponticelli	40.8542	14.3304	52284
Pistoia	43.9306	10.9237	73832
Pisa	43.7085	10.4036	109960
Pianura	40.8591	14.1731	57821
Piacenza	45.0524	9.6934	103607
Pescara	42.4584	14.2028	119554
Pesaro	43.9092	12.9164	77241
Perugia	43.1122	12.3888	120137
Pavia	45.1921	9.1592	65734
Parma	44.7993	10.3262	198292
Padua	45.4080	11.8859	203725
Olbia	40.9234	9.4980	60345
Novara	45.4469	8.6212	101916
Naples	40.8522	14.2681	909048
Monza	45.5800	9.2725	124398
Montesilvano	42.5114	14.1451	53275
Moncalieri	44.9994	7.6824	56134
Molfetta	41.2004	16.5990	59557
Modena	44.6478	10.9254	184732
Milan	45.4643	9.1895	1371498
Mestre	45.4917	12.2454	147662
Matera	40.6660	16.6046	60403
Massa	44.0354	10.1393	64783
Manfredonia	41.6307	15.9188	56932
Lucca	43.8437	10.5045	81748
Livorno	43.5443	10.3262	157017
Lido di Ostia	41.7321	12.2765	85301
Legnano	45.5979	8.9151	57589
Lecce	40.3548	18.1724	80695
Latina	41.4661	12.9043	76305
La Spezia	44.1030	9.8238	93288
Imola	44.3592	11.7132	69953
Grosseto	42.7630	11.1094	60922
Giugliano in Campania	40.9285	14.2020	80269
Genoa	44.4048	8.9444	580097
Gallarate	45.6602	8.7916	50439
Fuorigrotta	40.8333	14.2000	76521
Forlì	44.2218	12.0414	116696
Foligno	42.9549	12.7027	56918
Foggia	41.4584	15.5519	137032
Fiumicino	41.7709	12.2366	80738
Florence	43.7792	11.2463	367150
Ferrara	44.8380	11.6206	132009
Fano	43.8405	13.0167	60978
Ercolano	40.8078	14.3501	53576
Cuneo	44.3907	7.5483	55980
Cremona	45.1332	10.0213	71223
Como	45.8082	9.0832	84808
Cinisello Balsamo	45.5582	9.2149	75943
Cesena	44.1391	12.2431	97137
Cerignola	41.2652	15.8956	54056
Cava Dè Tirreni	40.6995	14.7077	53130
Castellammare di Stabia	40.7021	14.4869	66164
Casoria	40.9075	14.2930	73918
Caserta	41.0726	14.3323	72844
Carrara	44.0793	10.0979	58666
Carpi	44.7824	10.8777	71148
Busto Arsizio	45.6113	8.8491	83405
Brindisi	40.6322	17.9361	87141
Brescia	45.5356	10.2147	200423
Bolzano	46.4907	11.3398	107436
Bologna	44.4938	11.3387	394843
Bitonto	41.1101	16.6909	51661
Bisceglie	41.2426	16.5010	55385
Bergamo	45.6960	9.6672	121200
Benevento	41.1307	14.7782	58418
Barletta	41.3143	16.2816	93279
Bari	41.1207	16.8698	316491
Aversa	40.9726	14.2074	52974
Asti	44.9016	8.2075	74348
Arezzo	43.4628	11.8807	100734
Aprilia	41.5945	12.6542	74977
Andria	41.2312	16.2980	99784
Ancona	43.6072	13.5103	89994
Altamura	40.8266	16.5495	70539
Alessandria	44.9092	8.6101	92104
Afragola	40.9230	14.3094	64470
Acilia-Castel Fusano-Ostia Antica	41.7634	12.3308	129362
Acerra	40.9448	14.3714	59910
Guidonia Montecelio	41.9936	12.7224	89165
Lamezia Terme	38.9626	16.3094	70501
San Carlo All'Arena	40.8651	14.2629	69094
Pozzo Strada	45.0684	7.6250	54766
Barriera di Milano	45.0923	7.6940	50354
Barriera di Lanzo	45.1098	7.6513	50000
Campo di Marte	43.7769	11.2771	88588
Arenella	40.8573	14.2228	67634
Circoiscrizione I	45.0664	7.6868	78523
Circoiscrizione II	45.0501	7.6405	141344
Circoiscrizione III	45.0628	7.6307	130709
Circoiscrizione IV	45.0812	7.6319	98787
Circoiscrizione V	45.1015	7.6554	126666
Circoiscrizione VI	45.1022	7.7003	107369
Circoiscrizione VII	45.0782	7.6972	89448
Circoiscrizione VIII	45.0379	7.6717	134028
Spanish Town	17.9911	-76.9574	145018
Portmore	17.9710	-76.8869	102861
New Kingston	18.0075	-76.7832	583958
Montego Bay	18.4712	-77.9188	82867
Kingston	17.9970	-76.7936	937700
Wādī as Sīr	31.9545	35.8183	181212
Mādabā	31.7160	35.7939	82335
Ma'an	30.1962	35.7341	50350
Khuraybat as Sūq	31.8791	35.9210	186158
Ḩayy Khildā	31.9920	35.8400	251000
Irbid	32.5556	35.8500	569068
Zarqa	32.0727	36.0880	792665
As Salţ	32.0392	35.7272	107874
Ar Ramthā	32.5587	36.0082	155693
Amman	31.9552	35.9450	1275857
Mafraq	32.3429	36.2080	57118
Aqaba	29.5267	35.0078	95048
‘Ajlūn	32.3333	35.7528	125557
Russeifa	32.0178	36.0464	268237
Az̧ Z̧ulayl	32.1208	36.2801	50931
Rukban	33.3141	38.7034	85000
Ṣuwayliḥ	32.0221	35.8439	151016
Marj Al Hamam	31.9027	35.8464	82788
Atsugi	35.4427	139.3693	223960
Akashi	34.6552	135.0069	303601
Zushi	35.2948	139.5781	60055
Zama	35.4879	139.3910	132325
Yukuhashi	33.7287	130.9830	71426
Yūki	36.3000	139.8833	50645
Yoshikawa	35.8923	139.8418	73262
Yono	35.8833	139.6333	102364
Yonago	35.4333	133.3333	148720
Yokota	35.7500	139.3833	69550
Yokosuka	35.2836	139.6672	409478
Yokohama	35.4333	139.6500	3777491
Yokkaichi	34.9667	136.6167	305424
Yokkaichi	33.5354	131.3281	52771
Youkaichi	35.1163	136.1977	112819
Yawata	34.8701	135.7027	71656
Honmachi	32.5044	130.5995	123067
Yashio	35.8225	139.8390	93363
Yao	34.6167	135.6000	273213
Yanagawa	33.1667	130.4000	64475
Yamato-Takada	34.5167	135.7500	61744
Yamaguchi	34.1833	131.4667	193966
Yaizu	34.8688	138.3195	139578
Utsunomiya	36.5667	139.8833	518757
Urayasu	35.6588	139.9006	171362
Uji	34.8904	135.8032	192925
Ueno-ebisumachi	34.7586	136.1311	61598
Ueda	36.4027	138.2816	157480
Ube	33.9431	131.2511	173733
Tsuyama	35.0521	133.9989	102294
Tsushima	35.1667	136.7167	67658
Tsurusaki	33.2453	131.6917	76968
Tsuruoka	38.7217	139.8217	125389
Tsuruga	35.6530	136.0633	68482
Tsubame	37.6645	138.9252	77382
Tsu	34.7333	136.5167	274537
Toyota	35.0833	137.1500	426162
Toyooka	35.5401	134.8204	78348
Toyonaka	34.7824	135.4693	401558
Toyokawa	34.8167	137.4000	184661
Toyohashi	34.7667	137.3833	377453
Toyama	36.7000	137.2167	415844
Tottori-shi	35.5000	134.2333	188465
Tosu	33.3667	130.5167	74196
Tondabayashichō	34.5007	135.6021	132873
Tomigusuku	26.1858	127.6819	64612
Tokyo	35.6895	139.6917	9733276
Tokuyama	34.0500	131.8167	101133
Tokushima	34.0667	134.5667	267345
Tokorozawa	35.7992	139.4690	344194
Tokoname	34.8833	136.8500	58710
Toki	35.3500	137.1833	58567
Tōkamachi	37.1333	138.7667	53333
Tochigi	36.3833	139.7333	159056
Tenri	34.5833	135.8333	71052
Tateyama	34.9833	139.8667	50064
Tatebayashi	36.2500	139.5333	81274
Nishi-Tokyo-shi	35.7253	139.5383	207388
Tanashichō	35.7292	139.5381	82112
Tanabe	34.8224	135.7660	65903
Tanabe	33.7333	135.3667	70972
Tamano	34.5174	133.9457	67786
Tamana	32.9472	130.5745	64292
Takefu	35.9039	136.1669	75753
Takayama	36.1333	137.2500	88473
Takatsuki	34.8483	135.6168	354468
Takasaki	36.3333	139.0167	372973
Takarazuka	34.7994	135.3570	226432
Takaoka	36.7500	137.0167	170077
Takamatsu	34.3333	134.0500	418994
Takaishi	34.5167	135.4333	60511
Tajimi	35.3167	137.1333	107818
Tahara	34.6680	137.2674	60206
Tagawa	33.6333	130.8000	51608
Suzuka	34.8833	136.5833	195670
Suzaka	36.6500	138.3167	54022
Sumida	35.7329	139.8209	287766
Suita	34.7614	135.5157	385567
Sōka	35.8364	139.7996	249645
Sōja	34.6753	133.7509	69030
Shizuoka	34.9833	138.3833	693389
Shiraoka	36.0184	139.6603	52214
Shiojiri	36.1000	137.9667	67241
Shinagawa	33.6363	133.0057	422488
Shimonoseki	33.9555	130.9371	265684
Shimodate	36.3000	139.9833	63666
Minato	34.2152	135.1501	375339
Shimada	34.8167	138.1833	95719
Shiki	35.8333	139.5833	76445
Shibukawa	36.4833	139.0000	76098
Shibata	37.9500	139.3333	96236
Settsu	34.7782	135.5951	87456
Seto	35.2333	137.1000	127792
Sendai	31.8167	130.3000	92403
Sekimachi	35.4833	136.9167	85283
Satte	36.0725	139.7261	55286
Sasebo	33.1683	129.7250	243223
Sano	36.3167	139.5833	117669
Sanjō	37.6167	138.9500	94642
Sandachō	34.8844	135.2269	132858
Sakurai	34.5000	135.8500	58386
Saku	36.2167	138.4833	99131
Sakata	38.9167	139.8550	100273
Sakaidechō	34.3228	133.8356	57090
Sakai	34.5822	135.4665	826161
Sakado	35.9569	139.3889	100275
Saiki	32.9500	131.9000	66851
Saga	33.2333	130.3000	233301
Sabae	35.9465	136.1850	68302
Oyama	36.3000	139.8000	167647
Ōtsu	35.0000	135.8667	345070
Ōta	36.3000	139.3667	224358
Osaka	34.6938	135.5011	2753862
Onomichi	34.4167	133.2000	131170
Ōmuta	33.0333	130.4500	131974
Ōmura	32.9214	129.9539	95397
Ōme	35.7839	139.2431	133535
Okegawa	36.0000	139.5572	75062
Okazaki	34.9500	137.1667	384654
Okayama	34.6500	133.9333	724691
Okaya	36.0566	138.0451	54286
Ōita	33.2333	131.6000	477715
Ōi	35.8509	139.5200	50593
Ōgaki	35.3500	136.6167	161539
Odawara	35.2556	139.1597	188856
Ōbu	35.0176	136.9495	93123
Numazu	35.1000	138.8667	189486
Nonoichi	36.5333	136.6167	57238
Nōgata	33.7405	130.7226	56821
Noda	35.9490	139.8679	154114
Nobeoka	32.5833	131.6667	119521
Nishio	34.8667	137.0500	169984
Nishinomiya	34.7156	135.3320	485587
Nikkō	36.7500	139.6167	77661
Niitsu-honchō	37.8002	139.1224	65910
Niihama	33.9605	133.3052	123059
Niigata	37.9226	139.0412	797591
Nichinan	31.6000	131.3667	51241
Narutochō-mitsuishi	34.1993	134.6093	64082
Nara-shi	34.6850	135.8048	367353
Nanao	37.0482	136.9680	50300
Nakatsugawa	35.4833	137.5000	78930
Nakatsu	33.5981	131.1883	84701
Naha	26.2130	127.6785	317625
Nagoya	35.1815	136.9064	2332176
Nago	26.6150	127.9854	63554
Nagasaki	32.7500	129.8833	409118
Nagareyama	35.8563	139.9027	200136
Nagaoka	37.4500	138.8500	266936
Nagano	36.6500	138.1833	372760
Nagahama	35.3833	136.2667	113636
Nabari	34.6167	136.0833	77022
Musashino	35.7061	139.5594	150149
Murakami	38.2333	139.4833	58300
Mukō	34.9654	135.7041	56859
Moriyama	35.0667	135.9833	85485
Moriguchi	34.7333	135.5667	143096
Miyoshi	34.8000	132.8500	53616
Miyazaki	31.9167	131.4167	401339
Miyakonojō	31.7333	131.0667	161137
Mishima	35.1167	138.9167	107851
Minoh	34.8269	135.4706	136868
Minamirinkan	35.4953	139.4428	224015
Miki	34.8000	134.9833	75450
Mihara	34.4000	133.0833	90573
Matsutō	36.5167	136.5667	110408
Matsumoto	36.2333	137.9667	241145
Matsue	35.4833	133.0500	203616
Matsudo	35.7799	139.9014	498575
Matsubara	34.5667	135.5500	130855
Marugame	34.2833	133.7833	109513
Maizuru	35.4500	135.3333	92465
Maebashi	36.4000	139.0833	332149
Maebaru-chūō	33.5592	130.2015	70339
Machida	35.5403	139.4508	431079
Kyoto	35.0211	135.7538	1463723
Kusatsu	35.0167	135.9667	143913
Kurume	33.3167	130.5167	303579
Kurihama	35.2280	139.7021	53782
Kure	34.2322	132.5666	214592
Kurashiki	34.5833	133.7667	483576
Kumamoto	32.8059	130.6918	738907
Kumagaya	36.1350	139.3900	195277
Kukichūō	36.0674	139.6750	150582
Kudamatsu	34.0096	131.8664	55887
Kōtari	34.9210	135.7055	80608
Koshigaya	35.8903	139.7892	345353
Kōnosu	36.0687	139.5168	116828
Kōnan	35.3317	136.8704	98255
Komatsu	36.4026	136.4509	108509
Komaki	35.2833	136.9167	148872
Kokubunji	35.7022	139.4756	129242
Kokubu-matsuki	31.7333	130.7667	57896
Koga	36.1833	139.7167	139344
Koga	33.7333	130.4667	58786
Kofu	35.6667	138.5667	189591
Kochi	33.5500	133.5333	332059
Kobe	34.6913	135.1830	1525152
Kiyosu	35.2167	136.8333	67352
Kitakyushu	33.8518	130.8503	940978
Kishiwada	34.4667	135.3667	205561
Kisarazu	35.3833	139.9325	136166
Kiryū	36.4000	139.3333	108991
Kazo	36.1167	139.6000	112792
Kawasaki	35.5206	139.7172	1538262
Kawanishi	34.8167	135.4167	155165
Kawaguchi	35.8052	139.7107	607373
Kawagoe	35.9086	139.4853	354571
Kasukabe	35.9831	139.7497	229792
Kasugai	35.2476	136.9723	308681
Kashiwazaki	37.3667	138.5500	86183
Kashiwara	34.4500	135.7667	120922
Kashiwa	35.8622	139.9773	433436
Kashihara-shi	34.5090	135.7929	124521
Kashihara	34.5833	135.6167	79058
Kasaoka	34.5060	133.5039	50160
Kariya	34.9833	136.9833	153834
Karatsu	33.4425	129.9697	117663
Kanuma	36.5500	139.7333	94903
Kanoya	31.3833	130.8500	101096
Kan’onjichō	34.1276	133.6460	57438
Kanazawa	36.6000	136.6167	466029
Kamirenjaku	35.6942	139.5549	195391
Kameoka	35.0000	135.5833	97181
Kamakura	35.3109	139.5470	172929
Kakogawachō-honmachi	34.7694	134.8290	271634
Kakegawa	34.7667	138.0167	117925
Kakamigahara	35.4167	136.8667	144521
Kashima-shi	35.9654	140.6447	66950
Kaizuka	34.4500	135.3500	92632
Kagoshima	31.5667	130.5500	595049
Kadoma	34.7381	135.5744	131727
Izumo	35.3667	132.7667	172775
Izumisano	34.4167	135.3167	100131
Izumiōtsu	34.5000	135.4000	74412
Izumi	34.4833	135.4333	184615
Izumi	32.0833	130.3667	51994
Iwatsuki	35.9647	139.6964	108833
Iwata	34.7000	137.8500	166672
Iwakuni	34.1630	132.2200	129125
Iwade	34.2500	135.3167	53967
Itoman	26.1265	127.6692	61007
Itō	34.9667	139.0833	68773
Itami	34.7843	135.4013	198138
Itabashi	35.7489	139.7150	584483
Isesaki	36.3167	139.2000	211850
Isehara	35.3993	139.3102	103401
Ise	34.4833	136.7000	123533
Isahaya	32.8411	130.0431	135546
Inuyama	35.3800	136.9429	73995
Inazawa	35.2500	136.7833	134751
Ina	35.8276	137.9538	68177
Imarichō-kō	33.2736	129.8788	57940
Imaichi	36.7167	139.6833	64323
Ikoma	34.6833	135.7000	120741
Ikeda	34.8221	135.4298	104993
Iizuka	33.6365	130.6868	126364
Iida	35.5196	137.8207	101536
Ichinomiya	35.3000	136.8000	380073
Ibaraki	34.8164	135.5683	287730
Honjō	36.2378	139.1902	78569
Hōfu	34.0500	131.5667	116925
Hita	33.3213	130.9410	64874
Hiroshima	34.4000	132.4500	1200754
Hiratsuka	35.3278	139.3373	258422
Hirakata	34.8135	135.6491	406331
Hino	35.6731	139.4003	190435
Himimachi	36.8561	136.9885	54510
Himeji	34.8167	134.7000	530495
Hikone	35.2500	136.2500	113647
Higashiosaka	34.6667	135.5833	493940
Hekinan	34.8833	136.9833	72458
Hatsukaichi	34.3500	132.3333	114173
Hatogaya-honchō	35.8331	139.7425	53062
Hashimoto	34.3167	135.6167	61063
Hanyū	36.1667	139.5333	58686
Hannō	35.8519	139.3181	80361
Handa	34.8833	136.9333	117884
Hamamatsu	34.7000	137.7333	791707
Hamakita	34.8000	137.7833	86502
Hamada	34.8833	132.0833	57142
Hadano	35.3711	139.2236	163787
Hachiōji	35.6558	139.3239	579355
Ōmihachiman	35.1286	136.0976	82233
Gyōda	36.1407	139.4601	86343
Gushikawa	26.3594	127.8674	65251
Gotemba	35.3186	138.9434	86614
Gion	34.4333	132.4667	68713
Ginowan	26.2627	127.7615	100125
Gifu	35.4229	136.7604	402557
Gamagōri	34.8333	137.2333	80063
Futtsu	35.3108	139.8188	51650
Honchō	35.7013	139.9865	644668
Fukuyama	34.4833	133.3667	468812
Fukuroi	34.7500	137.9167	88395
Fukuoka	33.6000	130.4167	1612392
Fukui-shi	36.0644	136.2226	262328
Fukuchiyama	35.3000	135.1167	77306
Fukayachō	36.2000	139.2833	141268
Fujisawa	35.3493	139.4767	439728
Fujioka	36.2462	139.0720	64539
Fujinomiya	35.2167	138.6167	132507
Fujieda	34.8667	138.2667	145032
Fuji	35.1667	138.6833	245392
Fuchūchō	34.5735	133.2351	50746
Daitō	34.7138	135.6203	119367
Chōfu	35.6592	139.5484	242614
Chiryū	35.0000	137.0333	72193
Chino	35.9944	138.1543	56400
Chikushino-shi	33.4963	130.5156	103311
Chigasaki	35.3364	139.4043	242798
Chichibu	35.9903	139.0764	61159
Beppu	33.2794	131.4975	122643
Ashiya	34.7281	135.3026	93922
Ashikaga	36.3333	139.4500	144746
Asakusa	35.7169	139.7957	62092
Annaka	36.3301	138.8958	57013
Anjō	34.9583	137.0805	188693
Anan	33.9167	134.6500	70285
Amagasaki	34.7167	135.4167	459593
Kariya	34.7514	134.3873	52015
Aihara	35.6000	139.3167	725493
Ageo	35.9714	139.6138	226940
Okinawa	26.3358	127.8014	142752
Hikari	33.9550	131.9500	51040
Hasuda	35.9711	139.6491	61540
Kamifukuoka	35.8727	139.5137	52323
Sayama	35.8529	139.4121	160843
Fussa	35.7367	139.3236	56786
Asaka	35.8047	139.6019	141083
Wako	35.7894	139.6233	83989
Shimotoda	35.8150	139.6853	140899
Kimitsu	35.3504	139.8703	83058
Miura	35.1400	139.6192	51483
Wakayama	34.2333	135.1667	356729
Uwajima	33.2238	132.5600	70809
Saijō	33.9167	133.1833	104791
Matsuyama	33.8392	132.7657	511192
Imabari	34.0700	133.0002	170986
Yotsukaidō	35.6500	140.1667	95266
Yonezawa	37.9100	140.1167	94486
Yokote	39.3169	140.5503	85555
Yamagata	38.2333	140.3667	248772
Yachimata	35.6500	140.3167	68769
Ushiku	35.9667	140.1333	84651
Tsukuba	36.0833	140.1167	241656
Toride	35.9000	140.0833	104524
Tomiya	38.3931	140.8861	52433
Tōgane	35.5500	140.3667	66332
Tendō	38.3536	140.3697	65393
Tagajō-shi	38.3000	141.0000	62827
Sukagawa	37.2833	140.3833	74992
Shiroi	35.8000	140.0667	62441
Shiogama	38.3167	141.0333	52662
Sendai	38.2667	140.8667	1096704
Sakura	35.7167	140.2333	173740
Ryūgasaki	35.9000	140.1833	85761
Ōtawara	36.8667	140.0333	72087
Ōami	35.5167	140.3167	53239
Nihommatsu	37.5833	140.4333	53557
Natori-shi	38.1667	140.8833	78718
Narita	35.7833	140.3167	132906
Naka	36.0500	140.1667	53137
Moriya	35.9333	140.0000	68777
Morioka	39.7000	141.1500	290700
Mooka	36.4333	140.0167	78720
Mobara	35.4258	140.2961	88330
Mizusawa	39.1333	141.1333	61281
Miyako	39.6469	141.9406	51150
Mito	36.3500	140.4500	270685
Kuroiso	36.9667	140.0500	61230
Kōriyama	37.4000	140.3833	327692
Kitakami	39.2833	141.1167	93045
Kesennuma	38.9011	141.5775	61147
Katsuta	36.3833	140.5333	155968
Katori-shi	35.8977	140.4994	74469
Kasama	36.3833	140.2667	73664
Iwaki	37.0500	140.8833	357309
Ishioka	36.1833	140.2667	73061
Ishinomaki	38.4167	141.3000	140151
Inada	36.4333	140.5167	53502
Ichinoseki	38.9167	141.1333	114476
Ichihara	35.5167	140.0833	283531
Hitachi	36.6000	140.6500	174508
Hanamaki	39.3833	141.1167	94691
Furukawa	38.5717	140.9556	76312
Fukushima	37.7500	140.4667	294237
Date	37.8167	140.5000	59625
Choshi	35.7333	140.8333	58431
Chiba	35.6000	140.1167	979768
Asahi	35.7167	140.6500	64690
Akita	39.7167	140.1167	307672
Abiko	35.8667	140.0167	131771
Tomakomai	42.6369	141.6033	174806
Mutsu	41.2894	141.2169	56244
Sapporo	43.0667	141.3500	1973832
Otaru	43.1894	141.0022	115333
Ōdate	40.2718	140.5576	69237
Obihiro	42.9172	143.2044	166536
Noshiro	40.2084	140.0274	52283
Muroran	42.3172	140.9881	96197
Kushiro	42.9750	144.3747	167875
Kitami	43.8031	143.8908	119135
Iwamizawa	43.2003	141.7597	85107
Ishikari	43.2397	141.3539	58755
Kitahiroshima	42.9758	141.5672	58918
Hirosaki	40.5931	140.4725	168739
Hakodate	41.7758	140.7367	275730
Hachinohe	40.5000	141.5000	239046
Ebetsu	43.1081	141.5506	133953
Chitose	42.8194	141.6522	97950
Asahikawa	43.7706	142.3649	333530
Aomori	40.8167	140.7333	298394
Goshogawara	40.8044	140.4414	53576
Neyagawa	34.7662	135.6276	238549
Owariasahi	35.2080	137.0300	83144
Hitachi-Naka	36.3966	140.5348	156581
Chikusei	36.3160	139.9824	100753
Tsuchiura	36.0905	140.2105	144399
Kamisu	35.8969	140.6667	95454
Bandō	36.0700	139.8671	57128
Azumino	36.2882	137.8870	94222
Chikuma	36.5271	138.0894	59381
Rittō	35.0275	135.9997	70312
Kōka	34.9802	136.1575	89619
Kashiba	34.5347	135.7092	78113
Imizu	36.7683	137.1257	90742
Ebina	35.3812	139.3965	136516
Tama	35.6436	139.4684	148285
Musashimurayama	35.7424	139.4264	70829
Akishima	35.7208	139.3800	113949
Higashiyamato	35.7630	139.4458	83901
Misato, Saitama	35.8437	139.8835	142145
Niiza	35.8209	139.5579	166017
Kaga	36.3000	136.3333	67793
Ōnojō	33.5357	130.4786	102085
Kasuga	33.5259	130.4611	111023
Aizu-Wakamatsu	37.4914	139.9455	118159
Minami-Sōma	37.6291	140.9787	59005
Urasoe	26.2590	127.7301	115690
Uruma	26.3761	127.8591	125303
Jōsō	36.0355	139.9614	60834
Midori	36.4449	139.2845	50266
Miyakojima	24.7902	125.3111	54908
Fujimino	35.9020	139.5249	113597
Hidaka	35.9166	139.3623	55294
Higashi-Matsuyama	36.0333	139.4167	91791
Iruma	35.8180	139.3680	147166
Kitamoto	36.0332	139.5377	66022
Tsurugashima	35.9600	139.4028	70117
Kinokawa	34.2697	135.4104	60592
Nasushiobara	36.9768	140.0664	115794
Shimotsuke	36.4132	139.8662	60274
Inzai	35.8348	140.1636	105463
Yachiyo	35.7353	140.1244	199498
Ōshū	39.1393	141.1685	112937
Ōsaki	38.5887	140.9730	128763
Kurihara	38.7500	141.0000	66565
Kosai	34.7005	137.5225	59770
Susono	35.1739	138.9069	51216
Daisen	39.4412	140.4896	91143
Yurihonjō	39.3895	140.0581	76077
Towada	40.6205	141.2107	60697
Kitanagoya	35.2470	136.8783	86385
Nisshin	35.1368	137.0524	91795
Toyoake	35.0380	136.9993	69295
Chita	35.0027	136.8642	84364
Aisai	35.1635	136.7322	60829
Hashima	35.3290	136.6805	67909
Kani	35.4044	137.0559	102143
Minokamo	35.4820	137.0217	56972
Jōetsu	37.1483	138.2364	189430
Minamiuonuma	37.0826	138.8741	55354
Sado	38.0250	138.3593	51492
Fujiidera	34.5676	135.5974	63688
Habikino	34.5528	135.5910	109479
Hannan	34.3333	135.2500	52350
Kawachi-Nagano	34.4411	135.5828	101692
Sayama	34.5168	135.5630	58435
Sennan	34.3484	135.2684	60102
Shijōnawate	34.7333	135.6833	55177
Saitama	35.9081	139.6566	1324854
Higashimurayama	35.7546	139.4685	151815
Kirishima	31.7409	130.7629	123205
Arashiyama	35.0148	135.6775	50000
Dazaifu	33.5128	130.5239	73164
Amakusa	32.4586	130.1931	83082
Kamigyō-ku	35.0295	135.7567	83000
Katsushika	35.7333	139.8500	453093
Kita	35.7526	139.7335	332140
Ōta	35.5613	139.7160	748081
Toshima	35.7613	139.7449	301599
Yotsuya	35.6897	139.7164	74800
Nakano	35.7045	139.6695	344880
Katanawa	33.5211	130.4244	50112
Ōjima	35.6892	139.8328	63254
Arakawa	35.7383	139.7805	216900
Adachi	35.7632	139.8076	695043
Edogawe	35.6923	139.8731	697932
Eniwa	42.8936	141.5760	70331
Minami-Alps	35.6160	138.4634	71618
Kotō	32.7786	130.7454	543730
Arao	32.9789	130.4457	53675
Iga	34.7580	136.1347	88895
Kuwana	35.0519	136.6696	140051
Matsusaka	34.5789	136.5371	159145
Takizawa	39.8028	141.1347	55579
Yasu	35.1005	136.0178	50695
Yame	33.2279	130.6487	60608
Yamatokōriyama	34.6066	135.7703	83285
Yamato	35.4728	139.4510	242065
Takasago	34.7630	134.7923	87722
Tachikawa	35.7091	139.4189	183581
Sagamihara	35.5671	139.2417	720780
Ogōri	33.3874	130.5487	59360
Nagakute	35.1733	137.0567	60162
Munakata	33.7957	130.5590	97095
Mitoyo	34.2105	133.6746	65713
Kunitachi	35.6833	139.4385	77130
Kizugawa	34.7367	135.8399	77907
Katano	34.7933	135.6860	75033
Hyūga	32.4227	131.6409	60037
Sakai	36.1473	136.1941	92210
Higashihiroshima	34.4086	132.7368	196608
Higashikurume	35.7520	139.5117	117020
Hamura	35.7623	139.3195	54622
Fuchū	35.6745	139.4822	262790
Ayase	35.4352	139.4256	83913
Aira	31.7743	130.5921	76348
Ama	35.1831	136.7997	86126
Kodaira	35.7260	139.4851	198739
Kiyose	35.7795	139.5301	76208
Jōyō	34.8440	135.8056	74607
Tome	38.7088	141.1558	77897
Kamagaya	35.7697	140.0024	109932
Tatsuno	34.8318	134.5434	74316
Kai	35.6846	138.5098	75313
Warabi	35.8219	139.6855	75614
Miyoshi	35.0897	137.0900	61952
Itoshima	33.5423	130.1842	98877
Akiruno	35.7285	139.2318	81912
Shikokuchūō	33.9754	133.5489	82754
Narashino	35.6818	140.0415	176197
Sodegaura	35.4137	140.0214	64901
Echizen	35.8857	136.1707	83078
Shirakawa	37.1195	140.2621	59491
Mizuho	35.3943	136.6690	56388
Tanba	35.1603	135.0391	62152
Tōkai	35.0227	136.9089	113787
Kōshi	32.8927	130.7757	61772
Uki	32.6222	130.6618	59928
Kyōtanabe	34.8045	135.7668	73753
Kyōtango	35.6062	135.0443	50860
Konan	34.9992	136.0967	54607
Inagi	35.6330	139.4997	93151
Koganei	35.7001	139.5111	126074
Komae	35.6342	139.5755	84772
Sanyōonoda	34.0325	131.1603	60326
Shūnan	34.0805	131.8256	149632
Fuefuki	35.6353	138.6385	69463
Fukutsu	33.7830	130.4911	67033
Asakura	33.4144	130.7188	50273
Chiyoda	35.6845	139.7506	66680
Setagaya	35.6419	139.6472	940071
Shinjuku	35.6912	139.7085	349385
Akihabara	35.6985	139.7725	77200
Taito	35.7075	139.7788	211444
Meguro	35.6322	139.7017	288088
Bunkyo	35.5331	139.4217	240069
Shibuya	35.6589	139.7066	230609
Suginami	36.2013	140.2841	588354
Ichikawa	35.7341	139.9065	496676
Fuchū	34.3879	132.5100	51155
Tamba	35.1748	135.0310	61471
Minamiarupusu	35.6086	138.4647	69459
Chūō	35.6700	139.7754	169179
Minato City	35.6581	139.7515	260486
Wanguru	-0.6839	37.3570	51722
Wajir	1.7471	40.0573	90116
Voi	-3.3960	38.5561	53353
Ukunda	-4.2929	39.5640	77686
Thika	-1.0333	37.0693	251407
Ruiru	-1.1466	36.9609	490120
Nyeri	-0.4201	36.9476	80081
Ngong	-1.3527	36.6699	102323
Narok	-1.0808	35.8711	65430
Nanyuki	0.0062	37.0740	72813
Nakuru	-0.3072	36.0722	570674
Naivasha	-0.7138	36.4326	198444
Nairobi	-1.2833	36.8167	4397073
Mwala	-1.3525	37.4548	181896
Mombasa	-4.0547	39.6636	1208333
Migori	-1.0634	34.4731	71668
Meru	0.0463	37.6559	80191
Mbale	0.0821	34.7214	60000
Matuga	-4.1680	39.5707	194252
Mandera	3.9373	41.8569	114718
Malindi	-3.2180	40.1169	119859
Machakos	-1.5223	37.2652	63767
Lodwar	3.1199	35.5964	82970
Limuru	-1.1136	36.6420	159314
Ongata Rongai	-1.3953	36.7640	172569
Kitale	1.0157	35.0062	162174
Kisumu	-0.1022	34.7617	397957
Kisii	-0.6817	34.7667	112417
Kiserian	-1.4275	36.6865	76903
Kimilili	0.7877	34.7156	56050
Kilifi	-3.6305	39.8499	74270
Kikuyu	-1.2463	36.6629	323881
Kiambu	-1.1714	36.8356	147870
Khwisero	0.1712	34.5947	113294
Kericho	-0.3677	35.2831	53804
Karuri	-1.1764	36.7564	194342
Karuri	-0.7000	37.1833	194342
Kapenguria	1.2389	35.1119	56000
Kakamega	0.2842	34.7523	1867579
Jomvu	-3.9862	39.6082	163415
Isiolo	0.3546	37.5822	78650
Githunguri	-1.0575	36.7762	63319
Gilgil	-0.5040	36.3184	60711
Upper Gilgil	-0.2121	36.2725	60711
Garissa	-0.4527	39.6460	163399
Embu	-0.5399	37.4574	64979
El Wak	2.8092	40.9288	60732
Eldoret	0.5204	35.2699	475716
Busia	0.4601	34.1117	71886
Bungoma	0.5635	34.5605	68031
Athi River	-1.4563	36.9783	81302
Kitengela	-1.4761	36.9614	154436
Juja	-1.1015	37.0132	156041
Lang'ata	-1.3666	36.7332	172569
Imara Daima Estate	-1.3232	36.8802	52837
Mlolongo	-1.3964	36.9403	136351
Mtwapa	-3.9394	39.7488	90677
Githunguri	-1.3000	36.9905	63319
Tokmok	42.8419	75.3015	71443
Osh	40.5283	72.7985	322164
Karakol	42.4905	78.3920	84351
Manas	40.9450	72.9931	123239
Bishkek	42.8700	74.5900	900000
Phnom Penh	11.5625	104.9160	1573544
Ta Khmau	11.4833	104.9500	52066
Takeo	10.9908	104.7850	843931
Siem Reap	13.3618	103.8606	139458
Pursat	12.5388	103.9192	52476
Preaek Prasab	12.3537	106.0356	64466
Paoy Paet	13.6580	102.5636	98934
Dangkao	11.5088	104.8914	76421
Sihanoukville	10.6093	103.5296	73036
Kampong Chhnang	12.2500	104.6667	75244
Kampong Cham	11.9934	105.4635	61750
Battambang	13.1027	103.1982	119251
Anlong Veaeng	14.2322	104.0811	56927
Moroni	-11.7022	43.2551	74749
Wŏnsan	39.1528	127.4436	329207
Ŭnch’ŏn-ŭp	38.5656	125.4272	95597
Ŭllyul	38.5139	125.1897	107997
Tŏkch’ŏn	39.7526	126.2580	237133
T’aet’an-ŭp	38.0882	125.2983	64258
Sunch’ŏn	39.4317	125.9328	437000
Songnim-ni	38.7635	125.6410	152425
Sinwŏn-ŭp	38.2353	125.7624	83161
Sinch’ŏn-ŭp	38.3532	125.4842	141407
Sariwŏn-si	38.5072	125.7558	310100
Samch’ŏn	38.3594	125.3259	86042
Pyongyang	39.0339	125.7543	3222000
P’yŏngsŏng	39.2464	125.8719	100000
Pongch’ŏn-ŭp	38.1239	126.2047	79740
Paech’ŏn-ŭp	37.9931	126.3014	159825
Ongjin	37.9347	125.3619	64247
Namp’o	38.7375	125.4078	455000
Man’gyŏngdae-ri	38.9918	125.6587	321690
Kwail-ŭp	38.4461	125.0186	89895
Kangsŏn	38.9364	125.5811	102436
Kangnyŏng	37.9075	125.5100	106827
Kaesŏng	37.9708	126.5544	338155
Kaech’ŏn	39.7006	125.8933	319554
Hŭngnam	39.8420	127.6321	346082
Hamhŭng	39.9183	127.5364	559056
Haeju	38.0406	125.7147	222396
Ch’ŏngdan-ŭp	37.9703	125.9375	142607
Chaeryŏng-ŭp	38.3992	125.6156	53330
Chaeryŏng-ni	38.7358	125.2308	125631
Anju	39.6178	125.6647	50196
Paek'ak	39.4627	125.6059	125924
Yuktae-dong	40.0247	128.1597	76427
Ŭndŏk	42.5188	130.3348	89244
Uiju	40.1994	124.5317	50081
Sinŭiju	40.1006	124.3981	288112
Sinp’o	40.0397	128.1943	152759
Ŏrang	41.4478	129.6556	87757
Namyang-nodongjagu	42.9539	129.8572	65956
Rajin	42.2556	130.2831	66224
Hwasŏng	41.2556	129.4928	99557
Myŏngch’ŏn	41.0706	129.4292	65797
Manp’o	41.1547	126.2894	116760
Kilju	40.9642	129.3278	63652
Kanggye	40.9695	126.5852	209530
Hyesan-dong	41.3953	128.1873	97794
Hyesan	41.4017	128.1778	192680
Hwadae	40.8381	129.4969	67677
Hongwŏn	40.0253	127.9558	70923
Chongjin	41.7956	129.7758	327000
Changam-ch’on	40.6061	128.7819	207299
Myŏnggan-dong	41.1372	129.4947	99557
Yeongju	36.8217	128.6308	84625
Yeonggwang	35.2781	126.5118	51688
Eisen	35.9675	128.9308	56006
Yeoju	37.2958	127.6339	111897
Yecheon	36.6574	128.4551	54873
Yangsan	35.3420	129.0336	358074
Yangp'yŏng	37.4897	127.4906	83367
Yangju	37.8331	127.0617	179923
Wŏnju	37.3514	127.9453	332849
Tallang-dong	33.4903	126.4753	54954
Wanju	35.8451	127.1475	84009
Ulsan	35.5372	129.3167	1098421
Uijeongbu-si	37.7415	127.0474	479141
Daejeon	36.3491	127.3849	1441203
Daegu	35.8703	128.5911	2365523
Boryeong	36.3493	126.5977	94191
Suwon	37.2911	127.0089	1234582
Suncheon	34.9505	127.4878	276375
Seoul	37.5660	126.9784	10349312
Seosan	36.7817	126.4522	74208
Sokcho	38.2070	128.5918	81164
Siheungdong	37.4518	126.9108	128142
Sangju	36.4153	128.1606	101267
Pyeongtaek	36.9947	127.0889	364694
Buyeo	36.2747	126.9091	59823
Busan	35.1017	129.0300	3285147
Bucheon-si	37.4989	126.7831	850731
Pohang	36.0292	129.3648	492041
Osan	37.1522	127.0706	238788
Asan	36.7836	127.0042	97749
Okcheon	36.3012	127.5680	56634
Kosong	38.3788	128.4676	62446
Nangen	35.4100	127.3858	81257
Mungyeong	36.5946	128.1995	77304
Muan	34.9901	126.4790	92009
Mokpo	34.8128	126.3918	268402
Miryang	35.4933	128.7489	53103
Masan	35.1272	126.8315	434371
Gyeongsan-si	35.8233	128.7378	266951
Gyeongju	35.8428	129.2117	245365
Kwangyang	34.9753	127.5892	89281
Gwangju	37.4100	127.2572	81780
Gwangju	35.1547	126.9156	1401235
Guri-si	37.5986	127.1394	195236
Gunsan	35.9786	126.7114	264656
Gunpo	37.3675	126.9469	286485
Gumi	36.1136	128.3360	404691
Goyang-si	37.6564	126.8350	1061752
Gongju	36.4556	127.1247	72435
Kyosai	34.8503	128.5886	72124
Koch'ang	35.4333	126.7000	72996
Gimpo-si	37.6236	126.7142	203391
Kimhae	35.2342	128.8811	531966
Gimcheon	36.1218	128.1198	150000
Gijang	35.2442	129.2139	176388
Gapyeong	37.8310	127.5106	55415
Gangneung	37.7527	128.8724	208161
Iksan	35.9439	126.9544	307000
Incheon	37.4565	126.7052	3015482
Icheon-si	37.2792	127.4425	196230
Hwasun	35.0613	126.9875	59914
Hwaseong-si	37.2068	126.8169	640890
Hongseong	36.6009	126.6650	89174
Hongch’ŏn	37.6918	127.8857	75251
Tongyeong	34.8496	128.4278	70641
Chungju	36.9767	127.9287	209483
Chuncheon	37.8747	127.7342	284855
Jeonju	35.8219	127.1489	638421
Cheongju-si	36.6372	127.4897	852147
Cheonan	36.8065	127.1522	658831
Chinju	35.1928	128.0847	307242
Chinch'ŏn	36.8567	127.4433	60964
Jeju City	33.5097	126.5219	488844
Changwon	35.2281	128.6811	1025702
Anyang-si	37.3925	126.9269	595644
Anseong	37.0108	127.2703	69255
Ansan-si	37.3236	126.8219	623256
Andong	36.5664	128.7227	153348
Sinhyeon	34.8825	128.6267	82560
Yeosu	34.7606	127.6621	268823
Gwangyang	34.9414	127.6957	154266
Donghae City	37.5439	129.1069	101128
Pubal	37.2917	127.5078	63026
Seongnam-si	37.4386	127.1378	914832
Hanam	37.5400	127.2056	254415
Hwado	37.6525	127.3075	106358
Namyangju	37.6367	127.2142	90798
Ungsang	35.4061	129.1686	83360
Wabu	37.5897	127.2203	96775
Naesŏ	35.2497	128.5200	80987
Hwawŏn	35.8017	128.5008	64718
Gwangmyeong	37.4772	126.8664	357545
Sinan	34.8262	126.1086	53150
Uiwang	37.3653	126.9478	63040
Seogwipo	33.2533	126.5618	178552
Changnyeong	35.5414	128.4951	74668
Geoje	34.8138	128.7056	232921
Sejong	36.5924	127.2922	394630
Jeongeup	35.6000	126.9170	139876
Yeongam	34.8006	126.6967	51573
Ḩawallī	29.3328	48.0286	164212
As Sālimīyah	29.3339	48.0761	147649
Ar Rumaythīyah	29.3117	48.0742	58135
Ar Riqqah	29.1458	48.0947	52068
Kuwait City	29.3670	47.9743	60064
Al Faḩāḩīl	29.0825	48.1303	68290
Al Farwānīyah	29.2775	47.9586	86525
Al Aḩmadī	29.0769	48.0839	637411
Şabāḩ as Sālim	29.2572	48.0572	139163
Zhanaozen	43.3412	52.8619	103598
Oral	51.2460	51.4256	330000
Qulsary	46.9531	54.0198	51216
Karagandy	49.8019	73.1021	497777
Atyrau	47.1048	51.8843	290700
Aktobe	50.2797	57.2072	500757
Aktau	43.6611	51.1739	147443
Zhezqazghan	47.7941	67.7063	104357
Taraz	42.8980	71.3733	358153
Turkistan	43.2946	68.2569	227098
Temirtau	50.0520	72.9550	170600
Taldykorgan	45.0156	78.3739	116558
Shymkent	42.3099	69.6004	1200000
Semey	50.4206	80.2502	292780
Sarqant	45.4132	79.9171	76919
Rudnyy	52.9724	63.1106	124000
Kyzylorda	44.8528	65.5092	354800
Kostanay	53.2144	63.6246	210000
Petropavl	54.8734	69.1506	200920
Pavlodar	52.2760	76.9688	329002
Ust-Kamenogorsk	49.9714	82.6059	319067
Satpayev	47.9041	67.5411	69782
Baikonur	45.6167	63.3167	70000
Ridder	50.3452	83.5156	52664
Kokshetau	53.2841	69.3936	150649
Kentau	43.5167	68.5046	57408
Ekibastuz	51.7237	75.3229	121470
Balqash	46.8455	74.9821	81364
Astana	51.1801	71.4460	1544142
Almaty	43.2525	76.9115	1977011
Vientiane	17.9667	102.6000	840940
Xam Nua	20.4164	104.0450	56900
Savannakhet	16.5703	104.7622	125760
Pakse	15.1202	105.7990	77900
Thakhèk	17.4103	104.8307	90800
Luang Prabang	19.8933	102.1525	55027
Ban Khoan	20.3501	100.0902	65348
Zahlé	33.8468	35.9020	78145
Tripoli	34.4335	35.8441	229398
Tyre	33.2733	35.1939	135204
Sidon	33.5575	35.3715	163554
Ra’s Bayrūt	33.9000	35.4833	1251739
Jounieh	33.9808	35.6178	96315
Aarsâl	34.1794	36.4208	50000
Habboûch	33.4075	35.4818	98433
Beirut	33.8933	35.5016	1916100
Nabatîyé et Tahta	33.3789	35.4839	120000
Ghazieh	33.5175	35.3689	50000
Aley	33.8053	35.6000	130000
Vavuniya	8.7514	80.4971	60176
Valvedditturai	9.8167	80.1667	78205
Trincomalee	8.5778	81.2289	108420
Point Pedro	9.8167	80.2333	89810
Pita Kotte	6.8905	79.9015	118179
Negombo	7.2083	79.8358	137223
Dehiwala-Mount Lavinia	6.8402	79.8712	219827
Moratuwa	6.7730	79.8816	168280
Matara	5.9485	80.5353	76254
Maharagama	6.8480	79.9265	195355
Sri Jayewardenepura Kotte	6.8830	79.9071	115826
Kotikawatta	6.9269	79.9095	64565
Kolonnawa	6.9329	79.8848	64887
Katunayaka	7.1699	79.8884	84643
Kandy	7.2906	80.6336	111701
Kalmunai	7.4090	81.8347	100171
Jaffna	9.6684	80.0074	169102
Hendala	6.9909	79.8830	56978
Galle	6.0461	80.2103	93118
Dambulla	7.8600	80.6517	66716
Colombo	6.9355	79.8487	648034
Beliatta	6.0496	80.7325	58675
Batticaloa	7.7102	81.6924	86742
Battaramulla South	6.8964	79.9181	75633
Anuradhapura	8.3122	80.4131	60943
Ambalantota	6.1196	81.0214	80506
Ambalangoda	6.2355	80.0538	56783
Monrovia	6.3005	-10.7969	1542549
Kakata	6.5310	-10.3537	52247
Gbarnga	6.9954	-9.4712	86031
Ganta	7.2350	-8.9844	63523
Buchanan	5.8769	-10.0496	75854
Maseru	-29.3167	27.4833	359753
Maputsoe	-28.8866	27.8991	61916
Vilnius	54.6892	25.2798	542366
Šiauliai	55.9333	23.3167	99462
Panevėžys	55.7319	24.3598	85885
Klaipėda	55.7068	21.1391	172292
Kaunas	54.9016	23.9091	289380
Dainava (Kaunas)	54.9153	23.9683	70000
Luxembourg	49.6098	6.1327	76684
Riga	56.9460	24.1059	742572
Liepāja	56.5047	21.0109	67421
Jūrmala	56.9680	23.7704	52001
Jelgava	56.6500	23.7128	54834
Daugavpils	55.8833	26.5333	78126
Tobruk	32.0896	23.9538	141499
Darnah	32.7670	22.6367	102581
Benghazi	32.1149	20.0686	757490
Al Marj	32.4926	20.8291	85315
Al Bayḑā’	32.7627	21.7551	129439
Ajdabiya	30.7554	20.2263	131773
Zliten	32.4674	14.5687	203790
Tarhuna	32.4350	13.6332	52420
Tripoli	32.8874	13.1873	1302947
Tājūrā’	32.8817	13.3506	100000
Sirte	31.2089	16.5887	106705
Şurmān	32.7567	12.5716	77114
Şabrātah	32.7933	12.4885	83398
Sabha	27.0377	14.4283	149329
Qaşr Bin Ghashīr	32.6833	13.1833	100069
Misratah	32.3753	15.0925	355657
Janzūr	32.8187	13.0173	154389
Zawiya	32.7522	12.7278	186123
Az Zāwīyah	32.7571	12.7276	200000
As Sawānī	32.7167	13.0667	57069
Al Ajaylat	32.7572	12.3763	130546
Al Khums	32.6486	14.2619	201943
Al Jumayl	32.8529	12.0612	102000
Al Jadīd	27.0500	14.4000	126386
Al Ḩurshah	32.7647	12.6739	81119
Al ‘Azīzīyah	32.5319	13.0175	52404
Msalātah	32.5834	14.0363	73907
Youssoufia	32.2463	-8.5294	73848
Tiznit	29.6974	-9.7316	81569
Tirhanimîne	35.2362	-3.9545	55827
Tiflet	33.8947	-6.3065	94684
Tétouan	35.5784	-5.3684	415810
Temara	33.9287	-6.9066	342345
Taza	34.2100	-4.0100	162110
Taroudant	30.4703	-8.8770	87520
Taourirt	34.4073	-2.8973	112908
Tan-Tan	28.4380	-11.1032	79942
Tangier	35.7673	-5.7998	1035141
Souq Sebt Oulad Nemma	32.2973	-6.7030	65601
Sidi Slimane	34.2648	-5.9260	101541
Sidi Kacem	34.2215	-5.7077	82632
Sidi Bennour	32.6524	-8.4277	60948
Settat	33.0010	-7.6166	155333
Sefrou	33.8319	-4.8280	87234
Salé	34.0531	-6.7985	972299
Safi	32.2994	-9.2372	336883
Rabat	34.0132	-6.8326	1655753
Oulad Teïma	30.3947	-9.2090	97608
Oujda	34.6814	-1.9086	539711
Oued Zem	32.8627	-6.5736	104029
Ouezzane	34.7958	-5.5785	65088
Ouarzazate	30.9189	-6.8934	77603
Nador	35.1681	-2.9335	176600
Al Aaroui	35.0109	-3.0094	51976
Mohammedia	33.6861	-7.3830	227799
Midelt	32.6852	-4.7451	60390
Meknes	33.8935	-5.5473	568295
Mdiq	35.6831	-5.3287	61398
Martil	35.6166	-5.2752	70274
Marrakesh	31.6342	-7.9999	995871
Larache	35.1932	-6.1557	136505
Ksar El Kebir	35.0004	-5.9038	138262
Khouribga	32.8811	-6.9063	214241
Khenifra	32.9349	-5.6617	128318
Kenitra	34.2610	-6.5802	470949
Kasba Tadla	32.5977	-6.2684	51697
Inezgane	30.3554	-9.5364	142320
Ifrane	33.5267	-5.1102	73782
Guercif	34.2257	-3.3536	99238
Guelmim	28.9870	-10.0574	129200
Fnidek	35.8491	-5.3575	84558
Al Fqih Ben Çalah	32.5021	-6.6877	111402
Fès al Bali	34.0701	-4.9547	156000
Fes	34.0331	-5.0003	1191905
Essaouira	31.5125	-9.7700	85137
El Kelaa des Srarhna	32.0512	-7.4108	103982
El Jadida	33.2568	-8.5088	212863
Ad Darwa	33.3749	-7.5356	52108
Dar Bouazza	33.5153	-7.8168	165295
Casablanca	33.5883	-7.6114	3665954
Bouskoura	33.4498	-7.6524	112501
Berkane	34.9200	-2.3200	119284
Benslimane	33.6160	-7.1215	62352
Ben Jerrar	30.2622	-9.5038	53026
Beni Mellal	32.3372	-6.3498	210397
Beni Enzar	35.2600	-2.9300	61786
Ben Guerir	32.2409	-7.9540	96777
Berrechid	33.2655	-7.5875	149201
Azrou	33.4344	-5.2213	59348
Khemisset	33.8240	-6.0663	143640
Al Hoceïma	35.2516	-3.9372	395644
Aïn Harrouda	33.6374	-7.4497	68161
Ain El Aouda	33.8033	-6.7946	54397
Agadir	30.4202	-9.5982	698310
Skhirate	33.8527	-7.0317	65272
Errachidia	31.9314	-4.4266	100870
Dakhla	30.4114	-9.5534	55618
Dchira El Jihadia	30.3734	-9.5476	109564
Ait Melloul	30.3416	-9.5036	187652
Lqoliaa	30.2976	-9.4660	90890
My Drarga	30.3773	-9.4734	55631
Sidi Taibi	34.1870	-6.6818	51050
Salé Al Jadida	33.9972	-6.7405	200000
Bejaâd	32.7713	-6.3923	51206
Ouislane	33.9141	-5.4897	95995
Lahraouyine	33.5414	-7.5285	70783
Souk El Arbaa	34.6847	-6.0034	75635
Tiraspol	46.8428	29.6284	157000
Rîbniţa	47.7682	29.0100	55455
Chisinau	47.0090	28.8594	635994
Bender	46.8316	29.4767	110175
Bălţi	47.7629	27.9285	125000
Podgorica	42.4412	19.2631	236852
Nikšić	42.7731	18.9445	58212
Toamasina	-18.1492	49.4023	345107
Toliara	-23.3500	43.6667	178725
Tôlanaro	-25.0325	46.9833	71258
Sambava	-14.2667	50.1667	89003
Morondava	-20.2887	44.3178	56671
Moramanga	-18.9495	48.2301	60456
Mahajanga	-15.7167	46.3167	260556
Ivato	-18.8000	47.4833	52376
Imerintsiatosika	-18.9833	47.3167	74085
Fianarantsoa	-21.4527	47.0857	203105
Antsiranana	-12.3173	49.2919	136959
Antsirabe	-19.8659	47.0333	260907
Antsalova	-18.6667	44.6167	58280
Antanifotsy	-19.6500	47.3167	70626
Antananarivo	-18.9137	47.5361	1349501
Antalaha	-14.9003	50.2788	71898
Hell-Ville	-13.3972	48.2666	53219
Ambovombe	-25.1784	46.0872	69265
Ambilobe	-13.2000	49.0500	66029
Ambatondrazaka	-17.8333	48.4167	50463
Ambanja	-13.6690	48.4530	63884
Veles	41.7172	21.7720	57873
Tetovo	42.0099	20.9714	63176
Skopje	41.9965	21.4314	474889
Prilep	41.3456	21.5537	73814
Kumanovo	42.1328	21.7158	75051
Gostivar	41.7963	20.9080	50974
Bitola	41.0323	21.3355	69287
Čair	42.0153	21.4411	64773
Kisela Voda	41.9489	21.5028	58216
Timbuktu	16.7735	-3.0074	84208
Sikasso	11.3176	-5.6665	349324
Ségou	13.4403	-6.2595	205787
San	13.2970	-4.8963	103227
Nioro	15.2307	-9.5936	51933
Niono	14.2505	-5.9868	52584
Mopti	14.4843	-4.1830	186187
Markala	13.6843	-6.0735	53738
Koutiala	12.3872	-5.4651	218031
Koulikoro	12.8627	-7.5598	64128
Kita	13.0389	-9.4882	75598
Kayes	14.4478	-11.4439	194716
Kati	12.7441	-8.0726	130254
Kalaban Koro	12.5733	-8.0291	148247
Gao	16.2717	-0.0447	133110
Pèlèngana	13.4274	-6.2220	50552
Fana	12.7787	-6.9564	56809
Bougouni	11.4177	-7.4832	90234
Bamako	12.6091	-7.9752	4227569
Dialakorodji	12.7035	-7.9646	70619
Yenangyaung	20.4650	94.8712	110553
Yawnghwe	20.6597	96.9338	188083
Yamethin	20.4319	96.1388	59867
Taungoo	18.9429	96.4341	106945
Thongwa	16.7600	96.5250	52496
Thayetmyo	19.3208	95.1827	98185
Thaton	16.9187	97.3700	123727
Tharyarwady	17.6540	95.7881	54386
Thanhlyin	16.7819	96.2468	78667
Thanbyuzayat	15.9689	97.7275	57208
Dawei	14.0823	98.1915	136783
Taunggyi	20.7892	97.0378	160115
Taungdwingyi	20.0065	95.5453	70094
Taikkyi	17.3144	95.9629	88000
Tachilek	20.4475	99.8808	51553
Thanlyin	16.7689	96.2450	69448
Sittwe	20.1462	92.8983	177743
Shwegu	24.2267	96.7909	58696
Shwebo	22.5693	95.6982	88914
Thandwe	18.4654	94.3656	133484
Sagaing	21.8787	95.9797	78739
Yangon	16.8053	96.1561	4477638
Pyinmana	19.7381	96.2074	97409
Pyay	18.8200	95.2156	135308
Bago	17.3352	96.4814	244376
Pakokku	21.3349	95.0844	126938
Hpa-An	16.8895	97.6348	50000
Nyaunglebin	17.9536	96.7225	89626
Myitkyina	25.3833	97.3964	90894
Myingyan	21.4600	95.3884	141713
Myaungmya	16.5987	94.9211	58205
Mu-se	23.9974	97.9011	165022
Mudon	16.2562	97.7246	89123
Mawlamyine	16.4905	97.6282	438861
Monywa	22.1086	95.1358	182011
Möng Yang	21.8478	99.6765	117108
Mogok	22.9177	96.5098	89855
Mingaladon	16.9241	96.0977	136000
Minbu	20.1806	94.8760	57342
Myeik	12.4395	98.6003	173298
Meiktila	20.8778	95.8584	177442
Pyin Oo Lwin	22.0350	96.4568	117303
Mandalay	21.9747	96.0836	1208099
Manaung	18.8548	93.7291	50680
Magway	20.1496	94.9325	96954
Lashio	22.9359	97.7498	131000
Lakang	24.6605	97.1892	85423
Kyauktan	16.6374	96.3251	132765
Kyaukse	21.6056	96.1351	50480
Kyaukpyu	19.4279	93.5513	180000
Kyaiklat	16.4450	95.7237	52425
Kēng Tung	21.6309	99.9268	171620
Kyimyindine	16.8085	96.1242	111514
Kawthoung	9.9824	98.5503	57949
Kanbe	16.7073	96.0017	58146
Kalemyo	23.1901	94.0640	348573
Kalaw	20.6346	96.5645	93032
Insein	16.8887	96.1026	247675
Hpākān	25.6138	96.3148	60123
Hinthada	17.6494	95.4570	134947
Heho	20.7232	96.8228	93041
Gwa	17.5937	94.5800	66015
Dawbon	16.5163	95.6029	75325
Chauk	20.8992	94.8178	90870
Buthidaung Town	20.8754	92.5300	55545
Bogale	16.2941	95.3974	68938
Bhamo	24.2526	97.2336	54721
Pathein	16.7792	94.7321	237089
Ann	19.7954	94.0479	119714
Amarapura	21.9071	96.0489	237618
Myaydo	19.3684	95.2151	57395
San Chaung	17.0953	96.0992	99619
Set Ka Lay	16.8144	96.1139	111514
Nay Pyi Taw	19.7450	96.1297	925000
Hlaingthaya	16.8500	96.0667	687867
Sangyoung	16.8061	96.1335	89618
Mingala Tangnyunt	16.7886	96.1723	132494
Ulan Bator	47.9077	106.8832	844818
Erdenet	49.0333	104.0833	97814
Darhan	49.4867	105.9228	83883
Taipa	22.1558	113.5569	112051
Macau	22.2006	113.5461	649335
Sé	22.1909	113.5473	52200
Fort-de-France	14.6037	-61.0742	89995
Zouérat	22.7354	-12.4713	55183
Nouakchott	18.0858	-15.9785	1184530
Nouadhibou	20.9419	-17.0384	146048
Néma	16.6170	-7.2565	60000
Kiffa	16.6207	-11.4021	62051
Kaédi	16.1507	-13.5058	56283
Ksar	18.0995	-15.9574	57758
Dar Naim	18.1081	-15.9267	61089
Mbera	15.8561	-5.7907	58985
Vacoas	-20.2981	57.4783	115289
Quatre Bornes	-20.2638	57.4791	77308
Port Louis	-20.1619	57.4989	155226
Curepipe	-20.3163	57.5259	78618
Beau Bassin-Rose Hill	-20.2333	57.4661	111355
Male	4.1752	73.5092	103693
Karonga	-9.9333	33.9333	69486
Zomba	-15.3860	35.3188	118440
Mzuzu	-11.4656	34.0207	249564
Mangochi	-14.4781	35.2645	60338
Lilongwe	-13.9669	33.7873	1115815
Kasungu	-13.0333	33.4833	66152
Blantyre	-15.7850	35.0085	902588
Ciudad Valles	21.9963	-99.0109	124644
Zumpango	19.7967	-99.0995	280455
Yautepec	18.8819	-99.0671	105780
Xochimilco	19.2547	-99.1036	442178
Xico	19.2703	-98.9509	384327
Álvaro Obregón	19.3587	-99.2033	726664
Villahermosa	17.9862	-92.9393	353577
Gustavo Adolfo Madero	19.4939	-99.1107	1185772
Veracruz	19.1809	-96.1429	428323
Tuxtla	16.7536	-93.1158	604147
Túxpam de Rodríguez Cano	20.9578	-97.4081	84750
Tultepec	19.6850	-99.1281	65338
Tulancingo	20.0805	-98.3683	102406
Toluca	19.2879	-99.6532	489333
San Bernardino Tlaxcalancingo	19.0287	-98.2770	54517
Tlalpan	19.2951	-99.1621	574577
Tlalnepantla	19.5401	-99.1954	653410
Tláhuac	19.2869	-99.0051	305076
Teziutlan	19.8173	-97.3599	103583
Texcoco de Mora	19.5119	-98.8829	105165
Cuautitlán Izcalli	19.6439	-99.2160	555163
Tepeji del Río de Ocampo	19.9055	-99.3423	80612
Teoloyucan	19.7442	-99.1811	51255
Temixco	18.8458	-99.2237	97788
Tehuacán	18.4642	-97.3974	248716
Taxco de Alarcón	18.5571	-99.6051	50399
Tapachula	14.9054	-92.2589	353706
Tampico	22.2852	-97.8778	309003
Santo Domingo Tehuantepec	16.3246	-95.2410	67739
Santa María Chimalhuacán	19.4215	-98.9504	70519
Santa Cruz Xoxocotlán	17.0296	-96.7352	67086
San Pablo de las Salinas	19.6666	-99.0948	156191
Zinacantepec	19.2843	-99.7339	54220
San Mateo Atenco	19.2676	-99.5321	67890
San Martin Texmelucan de Labastida	19.2843	-98.4389	155738
San Juan del Río	20.3890	-99.9964	138878
Tuxtepec	18.0883	-96.1253	159452
San Cristóbal de las Casas	16.7301	-92.6382	215874
San Andrés Tuxtla	18.4487	-95.2133	61769
Salina Cruz	16.1754	-95.1942	84438
Rioverde	21.9311	-99.9949	53128
Ciudad Río Bravo	25.9851	-98.0896	95647
Reynosa	26.0800	-98.2846	589466
Puebla	19.0478	-98.2072	1692181
Poza Rica de Hidalgo	20.5331	-97.4595	185242
Polanco	19.4333	-99.1992	50000
Playa del Carmen	20.6274	-87.0799	149923
Pijijiapan	15.6862	-93.2094	50079
Paraiso	18.4012	-93.2141	86632
Papantla de Olarte	20.4465	-97.3249	53546
Pachuca de Soto	20.1170	-98.7333	256584
Orizaba	18.8519	-97.0996	123182
Oaxaca	17.0602	-96.7254	255029
Nuevo Laredo	27.4763	-99.5164	416055
Nicolás Romero	19.6418	-99.3068	281799
Naucalpan de Juárez	19.4785	-99.2396	834434
Montemorelos	25.1890	-99.8293	67428
Miramar	22.3609	-97.9000	118614
Minatitlán	18.0001	-94.5569	112046
Mérida	20.9670	-89.6232	1201000
Heroica Matamoros	25.8797	-97.5042	510739
Martínez de la Torre	20.0708	-97.0608	60074
Magdalena Contreras	19.3321	-99.2112	238431
Los Reyes Acaquilpan	19.3636	-98.9771	85359
Linares	24.8580	-99.5677	70378
Kanasín	20.9349	-89.5582	77240
Heroica Ciudad de Juchitán de Zaragoza	16.4337	-95.0218	88280
Jiutepec	18.8814	-99.1778	215357
Xalapa de Enríquez	19.5312	-96.9159	424755
Ixtapaluca	19.3156	-98.8828	322271
Iztapalapa	19.3553	-99.0622	1835486
Iztacalco	19.3953	-99.0978	384326
Iguala de la Independencia	18.3448	-99.5377	118468
Huauchinango	20.1738	-98.0549	56206
Ciudad de Huajuapan de León	17.8079	-97.7796	53043
Ciudad Mante	22.7428	-98.9717	84787
Ecatepec de Morelos	19.6049	-99.0606	1645352
Cuernavaca	18.9261	-99.2308	338650
Cuautla	18.8130	-98.9551	157336
Cuautitlán	19.6705	-99.1799	178847
Delegación Cuajimalpa de Morelos	19.3692	-99.2909	160491
Cozumel	20.5004	-86.9427	77236
Coyoacán	19.3467	-99.1617	614447
Córdoba	18.8842	-96.9256	204721
Comitán	16.2400	-92.1367	166178
Coatzacoalcos	18.1490	-94.4447	310698
Coatepec	19.4523	-96.9615	53621
Coacalco	19.6292	-99.1069	277959
Ciudad Victoria	23.7406	-99.1436	332100
Ciudad Nezahualcoyotl	19.4006	-99.0148	1077208
Ciudad Madero	22.2475	-97.8367	197216
Mexico City	19.4285	-99.1277	12294193
Ciudad del Carmen	18.6459	-91.8299	191238
Cholula	19.0641	-98.3035	292881
Chilpancingo	17.5523	-99.5012	187251
Chicoloapan	19.4169	-98.9020	172919
Chetumal	18.5196	-88.3040	169028
Chalco	19.2617	-98.8978	168720
Cárdenas	18.0013	-93.3756	91558
Cancún	21.1743	-86.8466	888797
Campeche	19.8407	-90.5168	220389
Cadereyta Jiménez	25.5905	-100.0010	68111
Cadereyta	25.5833	-99.9833	67994
Azcapotzalco	19.4870	-99.1859	414711
Atlixco	18.9081	-98.4361	86690
Ciudad López Mateos	19.5579	-99.2567	489160
Amozoc de Mota	19.0461	-98.0450	95322
Altamira	22.3931	-97.9386	59536
Acayucan	17.9498	-94.9139	50934
Acapulco de Juárez	16.8494	-99.9089	658609
Huamantla	19.3145	-97.9252	51996
Tlaxcala	19.3178	-98.2385	84670
Villa Vicente Guerrero	19.1212	-98.1657	60001
Tepexpan	19.6139	-98.9364	102667
Benito Juarez	19.3984	-99.1577	355017
Venustiano Carranza	19.4436	-99.1050	430978
Miguel Hidalgo	19.4341	-99.2002	372889
Cuauhtémoc	19.4451	-99.1461	531831
Huixquilucan	19.3599	-99.3502	124846
Santiago Teyahualco	19.6598	-99.1249	53684
Ojo de Agua	19.6803	-99.0100	386290
Buenavista	19.6083	-99.1694	216776
Ixtapa-Zihuatanejo	17.6434	-101.5521	67408
Zapopan	20.7211	-103.3874	1476491
Zamora de Hidalgo	19.9840	-102.2863	186102
Zacatecas	22.7684	-102.5814	129011
Zacapu	19.8152	-101.7920	50112
Frontera	26.9281	-101.4521	69462
El Pueblito	20.5401	-100.4409	71254
García	25.8009	-100.5861	93641
Ciudad de Villa de Álvarez	19.2672	-103.7378	117600
Valle de Santiago	20.3915	-101.1910	68058
Uruapan	19.4168	-102.0584	299523
Uriangato	20.1416	-101.1787	51382
Torreón	25.5439	-103.4190	735340
Tonalá	20.6226	-103.2417	408759
Tlaquepaque	20.6412	-103.2934	650123
Tijuana	32.5027	-117.0037	1922523
San Francisco Tesistán	20.7973	-103.4771	62397
Tepic	21.5073	-104.8933	332863
Tepatitlán de Morelos	20.8169	-102.7635	91959
Tecomán	18.9161	-103.8771	85689
Tecate	32.5660	-116.6319	64764
Soledad de Graciano Sánchez	22.1891	-100.9379	332072
Silao de la Victoria	20.9436	-101.4270	74242
Santa Catarina	25.6732	-100.4581	304052
San Nicolás de los Garza	25.7417	-100.3022	412199
San Miguel de Allende	20.9153	-100.7439	174615
San Luis Río Colorado	32.4555	-114.7704	176685
San Luis Potosí	22.1523	-100.9714	722772
Cabo San Lucas	22.8909	-109.9124	202694
San José del Cabo	23.0541	-109.7037	136285
San Francisco del Rincón	21.0189	-101.8584	71139
Saltillo	25.4260	-100.9796	709671
Salamanca	20.5698	-101.1977	160682
Sahuayo de Morelos	20.0570	-102.7164	64431
Sabinas	27.8559	-101.1174	54905
Rosarito	32.3604	-117.0464	100660
Ramos Arizpe	25.5393	-100.9474	66554
Santiago de Querétaro	20.5881	-100.3881	1594212
Puerto Vallarta	20.6170	-105.2302	224166
Puerto Peñasco	31.3172	-113.5380	62689
Piedras Negras	28.7001	-100.5235	150178
Pátzcuaro	19.5132	-101.6099	55298
Ocotlán	20.3512	-102.7683	83769
Nuevo Casas Grandes	30.4155	-107.9117	55553
Navojoa	27.0706	-109.4434	113836
Morelia	19.7008	-101.1844	743275
Monterrey	25.6843	-100.3172	1135512
Monclova	26.9069	-101.4206	215271
Mexicali	32.6278	-115.4545	1032686
Mazatlán	23.2216	-106.4189	381583
Matehuala	23.6482	-100.6433	77328
Matamoros	25.5270	-103.2285	52233
Manzanillo	19.1169	-104.3421	159853
Los Mochis	25.7910	-108.9982	256613
León de los Aldama	21.1218	-101.6825	1579803
La Piedad de Cabadas	20.3411	-102.0225	83323
La Paz	24.1423	-110.3132	250141
Lagos de Moreno	21.3588	-101.9331	98206
Ciudad Benito Juárez	25.6466	-100.0914	308285
Jacona de Plancarte	19.9563	-102.3056	53860
Irapuato	20.6710	-101.3558	380941
Hidalgo del Parral	26.9299	-105.6662	104836
Heróica Zitácuaro	19.4366	-100.3564	84307
Nogales	31.3086	-110.9422	264782
Heroica Caborca	30.7183	-112.1584	59922
Hermosillo	29.0887	-110.9668	812229
Heroica Guaymas	27.9199	-110.8989	117253
Guasave	25.5679	-108.4695	71196
Guanajuato	21.0186	-101.2591	72237
Guamúchil	25.4587	-108.0773	72500
Guadalupe	25.6766	-100.2591	673616
Guadalupe	22.7468	-102.5188	170029
Guadalajara	20.6774	-103.3475	1385629
Gómez Palacio	25.5687	-103.4996	257352
Ciudad General Escobedo	25.7966	-100.3177	454967
San Pedro Garza García	25.6616	-100.4034	132128
Fresnillo	23.1749	-102.8679	143281
Ensenada	31.8715	-116.6007	443807
Victoria de Durango	24.0203	-104.6576	518709
Culiacán	24.8021	-107.3942	808416
Cuauhtémoc	28.4063	-106.8667	168482
Cortazar	20.4830	-100.9635	61658
Colima	19.2447	-103.7127	146965
Ciudad Obregón	27.4864	-109.9408	329404
Lerdo	25.5361	-103.5249	79669
Ciudad Juárez	31.7202	-106.4608	1512450
Ciudad Hidalgo	19.6896	-100.5550	60542
Ciudad Guzmán	19.7041	-103.4638	111975
Ciudad Delicias	28.1901	-105.4701	148045
Ciudad Acuña	29.3232	-100.9522	216099
Chihuahua	28.6353	-106.0889	925762
Celaya	20.5218	-100.8140	340387
Arandas	20.7055	-102.3451	52175
Ciudad Apodaca	25.7814	-100.1891	467157
Apatzingán	19.0886	-102.3570	102362
Aguascalientes	21.8826	-102.2843	722250
Agua Prieta	31.3224	-109.5425	77254
Acámbaro	20.0325	-100.7243	57972
Dolores Hidalgo	21.1561	-100.9325	67101
Ciudad Lázaro Cárdenas	17.9626	-102.1989	196003
Benito Juárez	19.3727	-99.1564	385439
Colonia del Valle	19.3861	-99.1620	250000
Colonia Lindavista	19.4916	-99.1248	100000
Colonia Nativitas	19.3812	-99.1368	60000
Hacienda Santa Fe	20.5181	-103.3806	86935
Fuentes del Valle	19.6325	-99.1386	74087
San Salvador Tizatlalli	19.2603	-99.5908	61367
Jardines de la Silla	25.6294	-100.1878	53742
Maran	3.5860	102.7730	111056
Tanjong Malim	3.6810	101.5198	66103
Kuala Kubu Baharu	3.5638	101.6581	194387
Parit Sulung	1.9760	102.8835	82399
Batu Pahat	1.8548	102.9325	156236
Simpang Renggam	1.8250	103.3107	59033
Kampung Pasir Gudang Baru	1.4726	103.8780	145639
Pasir Gudang	1.4620	103.9053	534659
Kampung Larkin Lama	1.5024	103.7440	500000
Kota Tinggi	1.7381	103.8999	52743
Taman Senai	1.6006	103.6419	73176
Kulai	1.6561	103.6032	63762
Skudai	1.5374	103.6578	159733
Kempas	1.5489	103.6965	62011
Pelentong	1.5243	103.8240	583640
Masai	1.4907	103.8788	141730
Johor Bahru	1.4655	103.7578	858118
Gelang Patah	1.4484	103.5873	64375
Kluang	2.0305	103.3169	323762
Segamat	2.5148	102.8158	69816
Pagoh	2.1495	102.7704	95202
Muar	2.0442	102.5689	314776
Kuala Selangor	3.3500	101.2500	55887
Kapar	3.1333	101.3833	269627
Shah Alam	3.0851	101.5328	740750
Klang	3.0367	101.4433	240016
Cukai	4.2500	103.4167	82425
Val Dor	5.2520	100.4905	88600
Kota Kinabalu	5.9749	116.0724	500421
Donggongon	5.9070	116.1015	78086
Putatan	5.9258	116.0609	78340
Semporna	4.4818	118.6112	62641
Labuan	5.2803	115.2475	95120
Lahad Datu	5.0230	118.3290	105622
Sandakan	5.8402	118.1179	439050
Keningau	5.3378	116.1602	77650
Tawau	4.2448	117.8911	372615
Kulim	5.3650	100.5618	170889
Padang Serai	5.5131	100.5536	50757
Bau	1.4167	110.1500	52643
Simpang Empat	4.9500	100.6333	58004
Taiping	4.8500	100.7333	217647
Ipoh	4.5841	101.0829	759952
Kuala Terengganu	5.3302	103.1408	426500
Malacca	2.1960	102.2405	579000
Semenyih	2.9516	101.8430	92491
Seremban	2.7297	101.9381	372917
Port Dickson	2.5246	101.7965	119300
Sepang	2.6931	101.7498	212050
Taman Senawang Indah	2.6910	101.9890	64497
Temerluh	3.4506	102.4176	59916
Butterworth	5.3991	100.3638	107591
Perai	5.3833	100.3833	65301
Bukit Mertajam	5.3630	100.4667	212329
Tasek Glugor	5.4803	100.4985	135786
Bayan Lepas	5.2999	100.2605	130455
George Town	5.4112	100.3354	158336
Serendah	3.3646	101.6041	71202
Rawang	3.3213	101.5767	199095
Sungai Buloh	3.2100	101.5610	222858
Petaling Jaya	3.1073	101.6067	807879
Kuala Lumpur	3.1412	101.6865	1453975
Setapak	3.2070	101.7270	353268
Batu Caves	3.2380	101.6820	254083
Ampang	3.1500	101.7667	126285
Hulu Langat	3.1137	101.8142	55251
Kuantan	3.8077	103.3260	548014
Parit	4.4833	100.9167	60988
Sitiawan	4.2168	100.6996	156234
Teluk Intan	4.0222	101.0208	232800
Yan Besar	5.7989	100.3726	67653
Sungai Petani	5.6470	100.4877	544851
Pasir Puteh	5.8333	102.4000	137400
Kuala Krai	5.5313	102.1993	105007
Kuching	1.5500	110.3333	402738
Sibu	2.3000	111.8167	198239
Kangar	6.4414	100.1986	63869
Jitra	6.2681	100.4217	63489
Alor Setar	6.1210	100.3601	417800
Pasir Mas	6.0493	102.1399	230424
Kota Bharu	6.1236	102.2433	568900
Bintulu	3.1667	113.0333	151617
Marudi	4.1833	114.3167	90100
Miri	4.3993	113.9916	300543
Ulu Tiram	1.6000	103.8167	75350
Seri Kembangan	3.0333	101.7167	130252
Serian	1.1667	110.5667	58059
Sentul	3.1833	101.6833	100000
Puchong	3.0000	101.6167	375181
Kepong	3.2140	101.6402	85960
Kampung Kangkar Teberau	1.5320	103.7549	412373
Kampung Sungai Kajang	3.4161	101.1730	84031
Kampung Sungai Glugur	5.3697	100.3135	145600
Kampung Sungai Ara	5.3270	100.2735	140849
Kampong Sidam	5.5333	100.5667	60983
Pendang	5.9952	100.4788	94033
Ijok	3.3167	101.4000	100899
Kampong Dungun	3.2167	101.3167	58674
Kampung Bukit Baharu	2.2152	102.2851	55656
Kampung Baru Subang	3.1500	101.5333	833571
Kampong Baharu Cheras Batu Sebelas	3.0500	101.7667	232100
Kampung Baru Balakong	3.0294	101.7471	69302
Jelutong	5.3900	100.3188	63507
Cheras	3.1080	101.7260	135823
Bukit Tengah	5.3460	100.4392	54416
Putrajaya	2.9353	101.6911	50000
Kota Kuala Muda	5.5882	100.3709	544984
Cyberjaya	2.9228	101.6572	79200
Bandar Labuan	5.2832	115.2537	54752
Bercham	4.6411	101.1393	150000
Kampung Manjoi	4.6192	101.0685	86266
Johor Jaya	1.5392	103.8092	66000
Sri Petaling	3.0688	101.6897	50000
Seri Manjung	4.1987	100.6700	100000
Selayang Baru Utara	3.2549	101.6668	542409
Subang Jaya	3.0438	101.5806	708296
Iskandar Puteri	1.3932	103.6232	575977
Putra Heights	2.9936	101.5726	60000
Kajang	2.9942	101.7887	236240
Bukit Bintang	3.1466	101.7102	120529
Bandar Sunway	3.0693	101.6074	200000
Kota Damansara	3.1545	101.5802	500000
Damansara Damai	3.1989	101.5918	85000
Kuala Nerus	5.3729	103.0205	93485
Taman Petaling	3.1992	101.6498	423062
Taman Melati	3.2212	101.7232	50000
Ara Damansara	3.1190	101.5866	60000
Seremban 2	2.6898	101.9077	62000
Bukit Indah	1.4800	103.6596	60000
Wangsa Maju	3.2006	101.7397	215600
Kuchai Lama	3.0847	101.6909	50000
Taman Melawati	3.2108	101.7482	99304
Perling	1.4806	103.6838	101263
Mukim Pulai	1.5333	103.6667	505661
Bandar Mahkota Cheras	3.0542	101.7984	100000
Paya Terubong	5.3728	100.2797	226712
Setia Alam	3.1016	101.4557	150000
Bandar Kinrara	3.0493	101.6415	93822
Bandar Bukit Raja	3.0874	101.4334	146534
Pandamaran	3.0108	101.4208	53916
Bandar Saujana Utama	3.2066	101.4773	72000
Bukit Rahman Putra	3.2173	101.5608	607000
Setia Tropika	1.5463	103.7183	60279
Bandar Tasik Puteri	3.2853	101.4741	150000
Titiwangsa	3.1782	101.7031	122096
Bandar Seri Alam	1.5043	103.8752	220000
Bandar Utama	3.1482	101.6141	200000
Bukit Jalil	3.0491	101.6804	200000
Xai-Xai	-25.0519	33.6442	154356
Mocuba	-16.8375	36.9856	196001
Dondo	-19.6094	34.7431	82260
Tete	-16.1564	33.5867	357000
Ressano Garcia	-25.4428	31.9953	110000
Quelimane	-17.8786	36.8883	349842
Pemba	-12.9740	40.5177	232932
Nampula	-15.1165	39.2666	770379
Nametil	-15.7203	39.3425	52457
Nacala	-14.5626	40.6854	239808
Montepuez	-13.1256	38.9997	88442
Monapo	-14.9169	40.3022	50134
Mozambique	-15.0347	40.7345	55829
Maxixe	-23.8597	35.3472	126408
Matola	-25.9622	32.4589	1198988
Maputo	-25.9655	32.5832	1254837
Manhiça	-25.4022	32.8072	65240
Mandimba	-14.3525	35.6506	118922
Lichinga	-13.3128	35.2406	281341
Inhambane	-23.8650	35.3833	95388
Gurúè	-15.4669	36.9778	168971
Cuamba	-14.8031	36.5372	91780
Chokwé	-24.5333	32.9833	63695
Chimoio	-19.1164	33.4833	422046
Chibuto	-24.6867	33.5306	73393
Beira	-19.8436	34.8389	687764
Angoche	-16.2325	39.9086	104540
Windhoek	-22.5594	17.0832	386219
Swakopmund	-22.6784	14.5266	53009
Rundu	-17.9180	19.7731	75180
Walvis Bay	-22.9575	14.5053	73598
Nouméa	-22.2741	166.4488	93060
Birni N Konni	13.7960	5.2503	85494
Zinder	13.8072	8.9881	318874
Tessaoua	13.7574	7.9874	58750
Tahoua	14.8888	5.2692	159468
Niamey	13.5137	2.1098	1323691
Maradi	13.5000	7.1017	361702
Gaya	11.8843	3.4492	61533
Dosso	13.0490	3.1937	79406
Dogondoutchi	13.6403	4.0265	50037
Diffa	13.3154	12.6113	54082
Arlit	18.7369	7.3853	106448
Alaghsas	17.0187	8.0168	88561
Agadez	16.9733	7.9911	149549
Zaria	11.1113	7.7227	980000
Yola	9.2084	12.4815	460000
Yenagoa	4.9268	6.2676	365000
Wukari	7.8714	9.7779	92933
Warri	5.5174	5.7501	910000
Uyo	5.0513	7.9335	436606
Uromi	6.7000	6.3333	108608
Umuahia	5.5249	7.4946	370000
Ughelli	5.4896	6.0041	79986
Ugep	5.8087	8.0810	200276
Uga	5.9358	7.0793	64179
Surulere	6.5015	3.3581	191920
Suleja	9.1806	7.1794	162135
Sokoto	13.0627	5.2432	1040000
Shomolu	6.5389	3.3742	154390
Saki	8.6676	3.3939	178677
Shagamu	6.8485	3.6463	214558
Sapele	5.8941	5.6767	305000
Saminaka	10.4123	8.6875	500000
Potiskum	11.7139	11.0811	86002
Port Harcourt	4.7774	7.0134	2120000
Pindiga	9.9843	10.9523	106322
Ozubulu	5.9575	6.8530	73812
Oyo	7.8537	3.9324	736072
Oyan	8.0500	4.7667	73622
Owo	7.1962	5.5868	276574
Owerri	5.4836	7.0332	545000
Ota	6.6887	3.2320	251546
Osogbo	7.7710	4.5570	645000
Oshodi	6.5550	3.3436	170870
Orita-Eruwa	7.5563	3.4411	71027
Onitsha	6.1498	6.7857	1553000
Ondo	7.0932	4.8353	375000
Olupona	7.6004	4.1926	95002
Okrika	4.7421	7.0837	133271
Okigwe	5.8292	7.3506	115499
Okene	7.5512	6.2359	479178
Oke Mesi	7.8167	4.9167	79563
Ohafia-Ifigh	5.6146	7.8119	73355
Ogbomoso	8.1337	4.2401	433030
Ogaminana	7.5938	6.2180	84373
Offa	8.1491	4.7207	113830
Ode	7.7899	5.7117	75463
Obonoma	4.7113	6.7908	68584
Numan	9.4637	12.0306	77617
Nsukka	6.8578	7.3958	111017
Nnewi	6.0196	6.9173	193987
Nkwerre	5.7592	7.1038	62973
Nkpor	6.1504	6.8304	103733
Nguru	12.8770	10.4554	111014
Mushin	6.5280	3.3541	199000
Mubi	10.2686	13.2670	225705
Modakeke	7.3830	4.2603	119529
Minna	9.6152	6.5478	425000
Malumfashi	11.7894	7.6206	70709
Makurdi	7.7337	8.5214	390000
Makoko	6.4961	3.3878	85840
Maiduguri	11.8469	13.1571	1110000
Lokoja	7.7969	6.7405	60579
Lere	10.3858	8.5729	93290
Lalupon	7.4679	4.0659	81130
Lagos	6.4541	3.3947	15388000
Lafiagi	8.8530	5.4164	102779
Lafia	8.4939	8.5153	127236
Kuje	8.8795	7.2276	97367
Kontagora	10.4032	5.4708	98754
Kisi	9.0830	3.8520	155510
Keffi	8.8465	7.8735	85911
Kaura Namoda	12.5937	6.5865	69725
Katsina	12.9908	7.6018	670000
Kano	12.0001	8.5167	4910000
Kagoro	9.6078	8.3904	77008
Kafanchan	9.5813	8.2926	79522
Kaduna	10.5264	7.4388	1850000
Jos	9.9285	8.8921	1040000
Jimeta	9.2795	12.4582	248148
Jega	12.2234	4.3797	73495
Jalingo	8.8937	11.3596	117757
Iwo	7.6353	4.1816	250443
Isieke	6.3819	8.0374	89990
Iseyin	7.9702	3.5963	365300
Ise-Ekiti	7.4648	5.4233	190063
Irewe	6.4169	3.1406	139494
Ipoti	7.8738	5.0769	82113
Inisa	7.8486	4.3298	164161
Ilorin	8.4966	4.5421	1080000
Ilobu	7.8388	4.4867	118089
Ilesa	7.6279	4.7416	325000
Ila Orangun	8.0171	4.9042	179192
Ikot Ekpene	5.1819	7.7148	254806
Ikom	5.9667	8.7063	79103
Ikirun	7.9128	4.6674	134240
Ikire	7.3698	4.1863	222160
Ikere-Ekiti	7.4975	5.2304	103054
Ikeja	6.5965	3.3420	313196
Ikare	7.5259	5.7534	465000
Ijero-Ekiti	7.8151	5.0672	167632
Ijebu Ode	6.8194	3.9173	360000
Ijebu-Jesa	7.6829	4.8177	51730
Ijebu-Igbo	6.9720	3.9994	109261
Ihiala	5.8548	6.8594	83265
Igede-Ekiti	7.6685	5.1263	87282
Igbo-Ukwu	6.0180	7.0203	75224
Igbo-Ora	7.4338	3.2879	92719
Igboho	8.8378	3.7563	136764
Igbara-Odo	7.5025	5.0626	74121
Ifo	6.8149	3.1952	88272
Ile-Ife	7.4824	4.5603	560000
Idanre	7.1127	5.1159	86468
Idah	7.1135	6.7387	68703
Ibadan	7.3776	3.9059	3649000
Hadejia	12.4535	10.0412	110753
Gusau	12.1702	6.6641	226857
Gombe	10.2897	11.1673	560000
Gbongan	7.4773	4.3535	139485
Gboko	7.3228	9.0011	365000
Gashua	12.8740	11.0406	125817
Gamboru	12.3730	14.2069	84672
Funtua	11.5235	7.3117	136811
Fiditi	7.7139	3.9167	71461
Ezza-Ohu	6.4409	8.0843	67414
Esuk Oron	4.8029	8.2534	112033
Epe	6.5841	3.9834	84711
Enugu-Ukwu	6.1715	7.0053	68785
Enugu	6.4413	7.4988	950000
Emure-Ekiti	7.4364	5.4592	90645
Ekpoma	6.7430	6.1403	59618
Ejigbo	7.9030	4.3136	138357
Eha Amufu	6.6592	7.7596	70779
Efon-Alaaye	7.6565	4.9223	279319
Effium	6.6311	8.0581	86945
Ede	7.7363	4.4354	159866
Ebute Ikorodu	6.6009	3.4882	535619
Daura	11.5541	11.4060	78277
Calabar	4.9589	8.3270	540000
Buguma	4.7361	6.8624	135404
Biu	10.6128	12.1946	95005
Birnin Kebbi	12.4539	4.1975	108164
Bida	9.0804	6.0099	400000
Benin City	6.3381	5.6258	1782000
Bende	5.5587	7.6336	79618
Bauchi	10.3103	9.8439	693700
Bama	11.5213	13.6895	118121
Azare	11.6748	10.1907	105687
Awka	6.2127	7.0720	167738
Auchi	7.0676	6.2636	62907
Atani	6.0128	6.7477	230000
Asaba	6.1982	6.7319	73374
Aramoko-Ekiti	7.7048	5.0405	74491
Apomu	7.3516	4.1833	71656
Amaigbo	5.7892	7.8383	127300
Aliayabiagba	6.4500	3.3333	228000
Alasia	6.4749	3.1691	100000
Akure	7.2526	5.1931	730000
Aku	6.7090	7.3183	73742
Agulu	6.1005	7.0610	79021
Agege	6.6156	3.3334	683600
Agbor	6.2538	6.1942	67610
Afikpo	5.8926	7.9353	71866
Ado-Ekiti	7.6233	5.2209	435000
Abuja	9.0579	7.4951	2690000
Abeokuta	7.1557	3.3451	735000
Abakaliki	6.3248	8.1137	134102
Aba	5.1066	7.3667	1160000
Obalende	6.4469	3.4153	342000
Ajegunle	6.4520	3.3312	550000
Alimosho	6.6066	3.3024	308290
Akowonjo	6.6101	3.3097	308900
Lekki	6.4463	3.4772	401272
Chakwama	11.5596	9.6641	200000
Tipitapa	12.1973	-86.0971	50000
Nueva Guinea	11.6876	-84.4562	52929
Mateare	12.2351	-86.4281	61234
Matagalpa	12.9279	-85.9191	109089
Masaya	11.9732	-86.0959	130113
Managua	12.1328	-86.2504	973087
León	12.4353	-86.8786	144538
Juigalpa	12.1059	-85.3655	50000
Jinotega	13.0910	-86.0023	55000
Granada	11.9306	-85.9537	89409
Estelí	13.0929	-86.3559	96422
El Viejo	12.6635	-87.1666	53504
Chinandega	12.6295	-87.1313	126387
Ciudad Sandino	12.1589	-86.3442	50000
Zwolle	52.5125	6.0944	129840
Zoetermeer	52.0575	4.4931	115845
Zeist	52.0900	5.2333	60949
Zaanstad	52.4531	4.8136	140085
Zaandam	52.4385	4.8264	71708
Vlaardingen	51.9125	4.3417	73798
Venlo	51.3700	6.1681	101988
Velsen-Zuid	52.4600	4.6500	67758
Veenendaal	52.0286	5.5589	61271
Utrecht	52.0908	5.1222	376435
Tilburg	51.5555	5.0913	221947
Spijkenisse	51.8450	4.3292	74988
's-Hertogenbosch	51.6992	5.3042	160783
The Hague	52.0767	4.2986	474292
Schiedam	51.9192	4.3889	75438
Rotterdam	51.9225	4.4792	868135
Roosendaal	51.5308	4.4653	77725
Purmerend	52.5050	4.9597	80117
Oss	51.7650	5.5181	76430
Oosterhout	51.6450	4.8597	53107
Nijmegen	51.8425	5.8528	177359
Nieuwegein	52.0292	5.0806	61489
Maastricht	50.8483	5.6889	122378
Lelystad	52.5083	5.4750	79811
Leiden	52.1583	4.4931	119713
Leeuwarden	53.2027	5.8097	124481
Hoorn	52.6425	5.0597	68852
Hoofddorp	52.3025	4.6889	132734
Hilversum	52.2233	5.1764	83640
Hengelo	52.2658	6.7931	82311
Helmond	51.4817	5.6611	74740
Heerlen	50.8837	5.9815	93084
Hardenberg	52.5758	6.6194	57909
Haarlem	52.3808	4.6368	162543
Groningen	53.2192	6.5667	244807
Gouda	52.0167	4.7083	71952
Enschede	52.2183	6.8958	153655
Emmen	52.7792	6.9069	57010
Eindhoven	51.4408	5.4778	235691
Ede	52.0333	5.6583	67670
Dordrecht	51.8100	4.6736	119260
Deventer	52.2550	6.1639	97331
Den Helder	52.9599	4.7593	59569
Delft	52.0067	4.3556	95060
Capelle aan den IJssel	51.9292	4.5778	65255
Breda	51.5866	4.7760	184126
Bergen op Zoom	51.4950	4.2917	66256
Assen	52.9967	6.5625	68836
Arnhem	51.9800	5.9111	162424
Apeldoorn	52.2100	5.9694	136670
Amsterdam	52.3740	4.8897	741636
Amstelveen	52.3008	4.8639	79639
Amersfoort	52.1550	5.3875	139914
Alphen aan den Rijn	52.1292	4.6555	70251
Almere Stad	52.3702	5.2141	176432
Almelo	52.3567	6.6625	72725
Alkmaar	52.6317	4.7486	94853
Amsterdam-Zuidoost	52.3075	4.9722	87854
Noord	52.3908	4.9099	116777
Amsterdam Nieuw-West	52.3565	4.8064	151677
Amsterdam-Oost	52.3521	4.9335	135767
Amsterdam-Centrum	52.3741	4.8994	86422
Amsterdam-Zuid	52.3469	4.8768	144432
Amsterdam-West	52.3776	4.8660	143842
Trondheim	63.4305	10.3951	216518
Tønsberg	59.2675	10.4076	55387
Stavanger	58.9701	5.7333	151669
Skien	59.2096	9.6090	50595
Sarpsborg	59.2839	11.1096	59038
Sandnes	58.8524	5.7352	85386
Sandefjord	59.1312	10.2166	64345
Oslo	59.9127	10.7461	1082575
Lillestrøm	59.9560	11.0492	89684
Kristiansand	58.1467	7.9956	117237
Fredrikstad	59.2181	10.9298	83761
Drammen	59.7439	10.2045	106013
Bergen	60.3930	5.3242	294029
Asker	59.8333	10.4372	61906
Ålesund	62.4723	6.1549	52626
Rājbirāj	26.5397	86.7480	69803
Pokhara	28.2669	83.9685	600051
Pātan	27.6766	85.3142	299283
Bhimdatta	28.9640	80.1771	88381
Lahān	26.7202	86.4826	102955
Kathmandu	27.7017	85.3206	1442271
Janakpur	26.7288	85.9263	195438
Hetauda	27.4284	85.0322	195951
Gulariyā	28.2058	81.3453	53107
Dharān	26.8144	87.2797	173096
Dhangaḍhi̇̄	28.7016	80.5899	204788
Chautārā	27.7763	85.7127	51347
Butwāl	27.6912	83.4525	195054
Birgañj	27.0174	84.8805	268273
Biratnagar	26.4550	87.2701	244750
Bharatpur	27.6803	84.4365	369377
Siddharthanagar	27.5000	83.4500	63367
Banepā	27.6327	85.5220	67629
Birendranagar	28.5967	81.6166	154886
Nepalgunj	28.0500	81.6167	166258
Inaruwa	26.6068	87.1478	70093
Triyuga	26.7919	86.6990	71405
Madhyapur Thimi	27.6806	85.3875	119955
Wellington	-41.2866	174.7756	381900
Porirua	-41.1333	174.8500	61500
Palmerston North	-40.3564	175.6111	90500
North Shore	-36.8000	174.7500	258697
New Plymouth	-39.0667	174.0833	90100
Nelson	-41.2708	173.2840	54400
Napier	-39.4926	176.9123	66400
Manukau City	-36.9928	174.8799	362000
Lower Hutt	-41.2167	174.9167	114200
Invercargill	-46.4000	168.3500	58000
Hastings	-39.6381	176.8492	88300
Hamilton	-37.7833	175.2833	192100
Dunedin	-45.8742	170.5036	132800
Christchurch	-43.5333	172.6333	419200
Auckland	-36.8485	174.7635	1547200
Tauranga	-37.6861	176.1667	161000
Whangarei	-35.7317	174.3239	50900
Papatoetoe	-36.9682	174.8402	56010
Rotorua	-38.1387	176.2452	65901
Sur	22.5667	59.5289	71152
Sohar	24.3474	56.7094	108274
Samā’il	23.2984	57.9531	80538
Şalālah	17.0150	54.0924	163140
Şaḩam	24.1722	56.8886	140000
Qurayyāt	23.2630	58.9201	63133
Nizwá	22.9333	57.5333	72076
Muscat	23.5841	58.4078	797000
‘Ibrī	23.2257	56.5157	163473
Bawshar	23.5777	58.3998	383257
Barkā’	23.6787	57.8860	81647
Bahlā’	22.9789	57.3047	54338
As Suwayq	23.8494	57.4386	107143
Seeb	23.6703	58.1891	470878
Rustaq	23.3908	57.4244	120000
Al Khābūrah	23.9714	57.0931	50223
Al Buraymī	24.2509	55.7931	73670
Tocumen	9.0894	-79.3831	50844
San Miguelito	9.0503	-79.4707	321501
Pedregal	9.0661	-79.4258	51641
Panama City	8.9936	-79.5197	408168
Las Cumbres	9.0921	-79.5389	69102
La Chorrera	8.8776	-79.7801	61232
Juan Díaz	9.0406	-79.4408	100636
David	8.4273	-82.4309	82907
Colón	9.3603	-79.9002	78000
Arraiján	8.9398	-79.6404	76815
Tumbes	-3.5559	-80.4426	96946
Trujillo	-8.1160	-79.0300	1067700
Tingo María	-9.2953	-75.9957	53177
Talara	-4.5772	-81.2719	99074
Sullana	-4.9039	-80.6853	160789
San Juan	-3.7761	-73.2814	78153
Pucallpa	-8.3791	-74.5539	326040
Piura	-5.1819	-80.6572	630000
Paita	-5.0892	-81.1144	56151
Moyobamba	-6.0344	-76.9742	50073
Jaén	-5.7073	-78.8079	52493
Iquitos	-3.7481	-73.2529	377609
Huaraz	-9.5261	-77.5287	118836
Huánuco	-9.9288	-76.2399	196627
Chulucanas	-5.0925	-80.1625	68835
Chimbote	-9.0751	-78.5937	316966
Chiclayo	-6.7701	-79.8550	609400
Catacaos	-5.2667	-80.6833	57304
Cajamarca	-7.1638	-78.5003	201329
Belen	-3.7602	-73.2497	57824
Tarma	-11.4190	-75.6899	51350
Tacna	-18.0146	-70.2536	286240
Santiago de Surco	-12.1359	-77.0074	251648
San Isidro	-12.0966	-77.0426	68309
Puno	-15.8400	-70.0220	128637
Puerto Maldonado	-12.5895	-69.1995	85024
Pisco	-13.7103	-76.2054	61869
Moquegua	-17.1975	-70.9359	69882
Miraflores	-12.1133	-77.0327	187401
Lima	-12.0432	-77.0282	7737002
Juliaca	-15.5000	-70.1333	245675
Villa Poeta José Gálvez Barrenechea	-12.2131	-76.9052	61000
Ilo	-17.6319	-71.3411	53476
Ica	-14.0754	-75.7342	282407
Huaral	-11.4950	-77.2078	62174
Huancayo	-12.0687	-75.2103	456250
Huacho	-11.1172	-77.6058	54545
Cusco	-13.5319	-71.9670	428450
Chosica	-11.9431	-76.7094	88606
Chincha Alta	-13.4099	-76.1324	153076
Cerro de Pasco	-10.6658	-76.2531	58899
Callao	-12.0516	-77.1345	1226200
Ayacucho	-13.1638	-74.2234	140033
Arequipa	-16.3990	-71.5375	1195700
Abancay	-13.6343	-72.8838	72277
Santa Anita - Los Ficus	-12.0505	-76.9733	184614
San Martin	-5.1859	-80.6693	130000
San Francisco De Borja	-12.0891	-76.9988	105076
Ciudad Satelite	-16.4308	-71.5292	76410
Chilca	-12.0863	-75.2083	73371
San Fernando	-8.3982	-74.5377	67844
Jesus Maria	-12.0698	-77.0450	66171
Wanchaq	-13.5249	-71.9653	59134
Selva Alegre	-16.3706	-71.5272	72696
Santiago	-13.5273	-71.9843	64075
Breña	-12.0561	-77.0529	81909
San Miguel	-15.4780	-70.1250	60850
Port Moresby	-9.4772	147.1509	283733
Lae	-6.7233	146.9961	76255
Zaragoza	15.4490	120.7963	53090
Zamboanga	6.9103	122.0739	1018849
Virac	13.5848	124.2374	75135
Villasis	15.9017	120.5883	65086
Victorias	10.9015	123.0705	86510
Victoria	13.1772	121.2781	52215
Valenzuela	14.7000	120.9667	725173
NIA Valencia	7.9064	125.0942	223620
Urdaneta	15.9761	120.5711	145935
Ualog	10.5740	123.3933	60548
Tupi	6.3344	124.9528	78599
Tunasan	14.3792	121.0525	61374
Tuguegarao	17.6158	121.7228	167297
Tubod	8.0555	123.7904	50395
Toledo	10.3773	123.6386	206692
Tinongan	10.2150	123.0353	62146
Taytay	14.5588	121.1329	231460
Tayabas	14.0259	121.5929	115318
Tarlac City	15.4802	120.5979	401892
Tanza	14.6753	120.9389	105510
Tanjay	9.5162	123.1580	84593
Tanay	14.4968	121.2846	59950
Tanauan	14.0863	121.1497	68456
Talisay	10.7375	122.9666	109204
Talisay	10.2447	123.8494	133148
Talavera	15.5883	120.9192	64610
Magugpo Poblacion	7.4475	125.8046	233254
Taguig	14.5243	121.0792	1308085
Tagbilaran City	9.6556	123.8522	86411
Tagaytay	14.0953	120.9335	87811
Tacurong	6.6925	124.6764	116945
Tacloban	11.2433	125.0047	259353
Tabuk	17.4738	121.4680	122771
Tabaco	13.3586	123.7336	57860
Surigao	9.7890	125.4950	87832
Surallah	6.3753	124.7452	91412
Sultan Kudarat	7.2289	124.2578	124965
Subic	14.8787	120.2319	67664
Sorsogon	12.9739	123.9933	187670
Solana	17.6528	121.6910	71475
Sipalay	9.7519	122.4042	73847
Siocon	7.7061	122.1353	51239
Silang	14.2157	120.9714	119475
Sibonga	10.0168	123.6171	54610
Santo Tomas	14.1079	121.1414	57438
Santol	15.1622	120.5675	298976
Santiago	16.6881	121.5487	108414
Santa Rosa	14.3122	121.1114	216650
Santa Cruz	14.6000	120.9833	126735
Santa Cruz	15.7654	119.9092	66647
Santa Cruz	14.2814	121.4161	108145
San Pedro	14.3595	121.0473	348968
San Pablo	14.0683	121.3256	300166
San Miguel	15.1423	120.9757	65661
San Mateo	14.6982	121.1236	134327
San Leonardo	15.3630	120.9639	69180
San Juan	14.6000	121.0333	134312
San Jose del Monte	14.8139	121.0453	357828
San Jose	12.3528	121.0676	143495
San Ildefonso	15.0809	120.9410	65669
San Francisco	8.5356	125.9500	79718
San Fernando	16.6159	120.3166	83003
San Fernando	15.0343	120.6844	251248
Sagay	10.9447	123.4242	72153
Sablayan	12.8346	120.7690	91406
Roxas City	11.5853	122.7511	185236
Rosario	13.6323	121.2207	128352
Rosales	15.8944	120.6328	67510
Quezon City	14.6488	121.0509	3084270
Quezon	7.7303	125.0989	114521
Putatan	14.3986	121.0503	102146
Pulong Santa Cruz	14.2732	121.0764	126844
Pulilan	14.9017	120.8492	111384
Puerto Princesa	9.7392	118.7353	222673
Prosperidad	8.5800	125.8964	90162
Port Area	14.5894	120.9670	72605
Polomolok	6.2217	125.0640	63987
Polangui	13.2923	123.4855	89176
Plaridel	14.8872	120.8572	120939
Patuto	14.1167	120.9667	52883
Pateros	14.5391	121.0726	63840
Pasay	14.5375	121.0014	416522
Paranaque City	14.4816	121.0175	703245
Paombong	14.8311	120.7892	58453
Paniqui	15.6689	120.5806	106190
Pandi	14.8650	120.9572	162725
Panalanoy	11.2511	125.0064	189090
Panabo	7.3081	125.6842	211242
Pagbilao	13.9669	121.6984	82132
Pagadian	7.8257	123.4370	206483
Paco	14.5880	120.9930	79839
Ozamiz City	8.1481	123.8405	93082
Oroquieta	8.4859	123.8048	71373
Ormoc	11.0064	124.6075	238545
Orion	14.6206	120.5817	63044
Olongapo	14.8292	120.2828	221178
Obando	14.7098	120.9362	59929
Oas	13.2593	123.4963	64890
Norzagaray	14.9109	121.0493	140697
Navotas	14.6667	120.9500	249463
Nasugbu	14.0669	120.6318	62857
Naic	14.3181	120.7661	55195
Naga	13.6192	123.1814	174931
Naga	10.2090	123.7580	138727
Muricay	7.8275	123.4782	132094
Muntinlupa	14.3903	121.0475	552225
Muñoz	15.7161	120.9031	85061
Rodriguez	14.7601	121.1999	134432
Monkayo	7.8153	126.0544	96405
Minglanilla	10.2450	123.7964	62058
Midsayap	7.1908	124.5303	117365
Meycauayan	14.7369	120.9608	228023
Mercedes	14.1093	123.0109	53702
Mauban	14.1910	121.7309	70135
Mati	6.9551	126.2165	105908
Masinloc	15.5363	119.9502	56579
Mariveles	14.4338	120.4857	156200
Marilao	14.7578	120.9483	83276
Marikina City	14.6481	121.1133	471323
Mariano	8.8333	125.1167	70516
Marawi City	8.0034	124.2840	259993
Maramag	7.7633	125.0053	109864
Mantampay	8.1667	124.2167	265032
Mansilingan	10.6311	122.9789	454150
Manolo Fortich	8.3697	124.8644	118075
Manila	14.6042	120.9822	1600000
Mangaldan	16.0700	120.4025	88818
Mandaue City	10.3236	123.9222	331320
Mandaluyong City	14.5832	121.0409	465902
Manaoag	16.0438	120.4861	59115
Maluñgun	6.2792	125.2817	52248
Malolos	14.8443	120.8104	269809
Malita	6.4150	125.6117	118438
Malaybalay	8.1575	125.1278	61524
Malapatan	5.9692	125.2894	82577
Malabon	14.6733	120.9397	365525
Makati City	14.5503	121.0327	510383
Magsaysay	6.7667	125.1833	57936
Magalang	15.2151	120.6596	68988
Maco	7.3619	125.8553	87680
Mabalacat City	15.2230	120.5712	188050
Lupon	6.8981	126.0096	68717
Lucena	13.9314	121.6172	228758
Lubao	14.9405	120.6011	55645
Los Baños	14.1702	121.2418	117030
Lipa City	13.9411	121.1631	212287
Lingayen	16.0218	120.2319	56580
Limay	14.5619	120.5983	81960
Libon	13.2997	123.4386	68846
Libertad	8.9442	125.5019	250353
Legaspi	13.1412	123.7407	179481
La Trinidad	16.4550	120.5875	142925
Las Piñas	14.4506	120.9828	615549
Lapu-Lapu City	10.3103	123.9494	497813
La Paz	15.4413	120.7286	71978
Laoag	18.1978	120.5957	112117
Lambayong	6.5194	125.0444	81288
La Carlota	10.4242	122.9212	67740
Koronadal	6.5031	124.8469	201844
Kidapawan	7.0083	125.0894	79652
Kawit	14.4443	120.9016	73210
Kalibo	11.7086	122.3648	93218
Kalamansig	6.5519	124.0511	52257
Kabankalan	9.9839	122.8142	210893
Jolo	6.0522	121.0022	101002
Itogon	16.3639	120.6769	59736
Isulan	6.6294	124.6050	101455
City of Isabela	6.7041	121.9712	67336
Iriga City	13.4324	123.4115	115306
Indang	14.1953	120.8769	70092
Imus	14.4297	120.9367	481949
Impasugong	8.3097	125.0019	55901
Iloilo	10.6969	122.5644	473728
Iligan City	8.2500	124.4000	312323
Iligan	8.2289	124.2434	342618
Ilagan	17.1485	121.8892	164020
Himamaylan	10.0989	122.8706	117286
Hagonoy	14.8341	120.7327	123531
Guyong	14.8361	120.9784	155391
Guiguinto	14.8333	120.8833	118173
Gubat	12.9206	124.1231	61095
Gingoog	8.8278	125.0997	138895
General Trias	14.3869	120.8817	96022
General Santos	6.1128	125.1717	722059
Gapan	15.3072	120.9464	129610
Estancia	11.4551	123.1520	54882
Escalante	10.8403	123.4992	97050
Enrique B. Magalona	10.8788	122.9771	64290
El Nido	11.1858	119.3956	51367
Dumaguete	9.3065	123.3077	113541
Don Carlos	7.6800	125.0050	73592
Dipolog	8.5670	123.3347	93549
Dinalupihan	14.8783	120.4522	66670
Dinaig	7.1699	124.2084	116768
Digos	6.7497	125.3572	116122
Davao	7.0731	125.6128	1848947
Dasmariñas	14.3294	120.9367	441876
Dapitan	8.6561	123.4227	87699
Danao	10.5208	124.0272	70270
Dagupan	16.0431	120.3333	171271
Daet	14.1122	122.9553	78142
Daanbantayan	11.2468	124.0146	95080
Cupang	14.4341	121.0362	57482
Cotabato	7.2236	124.2464	383383
Concepcion	15.3255	120.6572	178549
Cebu City	10.3167	123.8907	965332
Cavite City	14.4837	120.8988	115932
Catbalogan	11.7753	124.8861	107896
Catarman	12.4989	124.6377	97738
Carmona	14.3132	121.0576	112140
Cogan	10.5931	124.0178	60230
Cardona	14.4865	121.2275	51493
Capas	15.3312	120.5898	162724
Candelaria	13.9311	121.4233	137933
Calumpit	14.9164	120.7658	122187
Caloocan	14.6495	120.9679	1712945
Calbayog City	12.0668	124.5962	67921
Calauan	14.1499	121.3152	89670
Calauag	13.9575	122.2880	68999
Calasiao	16.0111	120.3600	100686
Calapan	13.4117	121.1803	66008
Calamba	14.2117	121.1653	575046
Calabanga	13.7068	123.2087	88918
Cainta	14.5786	121.1222	283172
Cagayan de Oro	8.4822	124.6472	741617
Cadiz	10.9465	123.2880	129053
Cabuyao	14.2726	121.1262	308745
Cabanatuan City	15.4859	120.9665	343672
Butuan	8.9492	125.5436	309709
Bustos	14.9581	120.9178	80565
Burauen	10.9756	124.8928	54635
Bunawan	8.1672	125.9908	50999
Buluan	6.7203	124.8019	60931
Bulaon	15.0826	120.6629	131818
Bulacan	14.7928	120.8789	83101
Buenavista	8.9769	125.4089	70691
Budta	7.2042	124.4397	1273715
Brookes Point	8.7720	117.8371	76715
Borongan	11.6081	125.4319	71431
Bongabon	15.6321	121.1448	69376
Bocaue	14.7983	120.9261	98649
Bislig	8.2153	126.3164	99872
Binonga	10.7719	122.9817	83980
Binangonan	14.4646	121.1929	219204
Biñan	14.3427	121.0807	300000
Bayugan	8.7561	125.7675	110313
Bayawan	9.3649	122.8040	126744
Bayambang	15.8127	120.4557	129506
Bauang	16.5308	120.3331	77670
Batangas	13.7567	121.0584	237370
Batac City	18.0554	120.5649	56781
Bantayan	11.1683	123.7223	87394
Bañga	6.4239	124.7783	58855
Banga	6.4238	124.7760	91536
Bambang	16.3865	121.1066	60146
Bamban	15.2739	120.5668	78260
Baliuag	14.9547	120.8969	135679
Balayan	13.9371	120.7322	50115
Balanga	14.6761	120.5361	72954
Balagtas	14.8167	120.8667	59826
Bais	9.5911	123.1228	88050
Baguio	16.4164	120.5931	272714
Bagong Barrio	14.6664	120.9932	77490
Bago City	10.5333	122.8333	192993
Bacoor	14.4590	120.9385	356974
Bacolod City	10.6667	122.9500	454898
Arayat	15.1505	120.7697	87987
Aparri	18.3566	121.6406	68368
Apalit	14.9533	120.7700	121057
Antipolo	14.6258	121.1225	913712
Angono	14.5266	121.1536	134975
Angeles City	15.1500	120.5833	483452
Angat	14.9285	121.0300	67862
Alicia	16.7794	121.6973	74699
Alabel	6.1018	125.2905	90120
Malingao	7.1608	124.4750	1121974
Jose Rizal	8.8772	117.5041	59040
Commonwealth	14.6969	121.0801	215034
Bagong Silangan	14.7060	121.1080	106886
Pasig City	14.5869	121.0614	853050
Poblacion	14.3787	121.0250	124554
Tabuk	17.4084	121.2785	122771
Banco Filipino Homes	14.4338	121.0223	92752
Bagong Silang	14.7783	121.0449	261729
Mandaluyong	14.5784	121.0352	425000
Sharifabad	33.4341	73.3628	55027
Rawalakot	33.8578	73.7604	50000
Pir Jo Goth	27.5918	68.6185	54266
Khairpur Mir’s	27.5295	68.7592	191044
Zhob	31.3408	69.4493	50537
Zahir Pir	28.8128	70.5234	76979
Yazman	29.1212	71.7446	60738
Wazirabad	32.4432	74.1200	152624
Vihari	30.0445	72.3556	112840
Usta Muhammad	28.1772	68.0437	64632
Umarkot	25.3633	69.7418	144558
Ubauro	28.1643	69.7311	50981
Turbat	26.0012	63.0485	75694
Tordher	33.9905	72.2863	150000
Topi	34.0703	72.6215	74867
Toba Tek Singh	30.9713	72.4827	123102
Thul	28.2403	68.7755	88554
Taunsa	30.7036	70.6505	115704
Tando Muhammad Khan	25.1238	68.5368	114406
Tando Jam	25.4281	68.5292	71760
Tando Bago	24.7891	68.9654	426535
Tando Allahyar	25.4605	68.7174	421923
Tando Adam	25.7682	68.6620	174291
Talhar	24.8845	68.8144	200014
Talagang	32.9277	72.4159	79431
Swabi	34.1202	72.4698	97363
Sukkur	27.7032	68.8589	563851
Skardu	35.2979	75.6337	260000
Sinjhoro	26.0301	68.8087	354709
Sibi	29.5430	67.8773	64069
Sialkot	32.4927	74.5313	911817
Shujaabad	29.8809	71.2934	151115
Shorkot	31.9102	70.8776	67439
Shikarpur	27.9556	68.6382	204938
Shekhupura	31.7129	73.9856	591424
Shakargarh	32.2636	75.1601	126742
Shahkot	31.5709	73.4853	244868
Shahdadpur	25.9254	68.6228	113342
Shahdad Kot	27.8473	67.9068	120687
Shabqadar	34.2160	71.5548	102340
Sargodha	32.0859	72.6742	975886
Sarai Alamgir	32.9049	73.7552	73967
Sangla Hill	31.7167	73.3833	103709
Sanghar	26.0469	68.9492	62033
Sambrial	32.4783	74.3534	119571
Sakrand	26.1384	68.2744	72040
Sahiwal	31.9739	72.3311	538344
Sahiwal	30.6659	73.1019	538344
Saddiqabad	28.3091	70.1265	274210
Rohri	27.6920	68.8950	92135
Renala Khurd	30.8788	73.5986	100054
Rawalpindi	33.5973	73.0479	3357612
Ratodero	27.8023	68.2890	81935
Rajanpur	29.1041	70.3297	50682
Raja Jang	31.2208	74.2548	100000
Rahim Yar Khan	28.4199	70.3034	517000
Rabwah	31.7551	72.9140	70000
Quetta	30.1841	67.0014	1565546
Qubo Saeed Khan	27.8744	67.7089	99308
Kambar	27.5875	68.0007	77481
Qadirpur Ran	30.2918	71.6716	200000
Qabula	30.1778	73.0651	52495
Pir Mahal	30.7666	72.4346	52476
Pindi Gheb	33.2409	72.2648	63810
Pindi Bhattian	31.8984	73.2734	493222
Phalia	32.4310	73.5790	62453
Peshawar	34.0080	71.5785	4758762
Pattoki	31.0202	73.8533	113735
Pasrur	32.2629	74.6633	102717
Pano Aqil	27.8562	69.1111	102701
Pakpattan	30.3431	73.3894	126706
Paharpur	32.1050	70.9706	76027
Pabbi	34.0097	71.7944	52701
Okara	30.8103	73.4515	533693
New Mirpur City	33.1478	73.7519	124352
Nawabshah	26.2394	68.4037	363138
Narowal	32.1020	74.8730	130692
Nankana Sahib	31.4501	73.7065	130041
Muzaffargarh	30.0726	71.1938	235541
Muzaffarābād	34.3700	73.4708	725000
Muridke	31.8026	74.2577	254291
Multan	30.1968	71.4782	2169915
Moro	26.6632	68.0002	142685
Model Town	31.4810	74.3256	100000
Mithi	24.7370	69.7971	52376
Mirpur Mathelo	28.0214	69.5491	74651
Mirpur Khas	25.5276	69.0126	267833
Mingora	34.7795	72.3627	361112
Minchinabad	30.1636	73.5686	67164
Mianwali	32.5776	71.5285	129500
Mian Channun	30.4407	72.3568	140112
Matli	25.0429	68.6559	50398
Mardan	34.1979	72.0496	300424
Mansehra	34.3302	73.1968	66486
Manjhand	25.9083	68.2368	140766
Mandi Bahauddin	32.5870	73.4912	129733
Malir Cantonment	24.9434	67.2059	300000
Mailsi	29.8012	72.1740	125431
Lodhran	29.5339	71.6324	144512
Layyah	30.9613	70.9390	151274
Larkana	27.5590	68.2120	364033
Lalian	31.8246	72.8012	52542
Lala Musa	32.7014	73.9575	65197
Lahore	31.5580	74.3507	13004135
Kunri	25.1787	69.5657	237063
Kunjah	32.5298	73.9749	90905
Kotri	25.3657	68.3083	106615
Kot Radha Kishan	31.1707	74.1013	102057
Kot Mumin	32.1884	73.0299	51021
Kot Malik Barkhurdar	30.2038	66.9872	69359
Kot Addu	30.4691	70.9670	104217
Kohat	33.5820	71.4493	151427
Khuzdar	27.8119	66.6110	218112
Khushāb	32.2967	72.3525	102793
Khurarianwala	31.4994	73.2676	96743
Khewra	32.6491	73.0106	80000
Kharian	32.8161	73.8870	103036
Khanpur	28.6474	70.6569	142426
Garhi Khairo	28.0572	67.9790	193297
Kasur	31.1187	74.4502	510875
Karachi	24.8608	67.0104	11624219
Kandhkot	28.2457	69.1797	99155
Kamoke	31.9753	74.2230	292023
Kamalia	30.7271	72.6461	166617
Kahror Pakka	29.6243	71.9144	69743
Kahna Nau	31.3671	74.3690	79301
Kabirwala	30.4047	71.8627	91932
Chak Jhumra	31.5681	73.1832	385169
Jhelum	32.9345	73.7310	190425
Jhang Sadr	31.2698	72.3169	606533
Jauharabad	32.2902	72.2818	113188
Jaranwala	31.3332	73.4187	150380
Jamrud	34.0015	71.3801	56642
Jampur	29.6424	70.5952	155243
Jalalpur Pirwala	29.5051	71.2220	500000
Jalalpur Jattan	32.6412	74.2056	146743
Jahanian	30.0393	71.8167	50318
Jahangira	33.9642	72.2210	57011
Jacobabad	28.2819	68.4376	219315
Islamabad	33.7215	73.0433	601600
Hyderabad	25.3969	68.3772	1921275
Hujra Shah Muqim	30.7417	73.8233	76462
Haveli Lakha	30.4510	73.6937	122389
Hasilpur	29.6922	72.5457	168146
Harunabad	29.6121	73.1380	149679
Haripur	33.9978	72.9349	56977
Hala	25.8146	68.4220	71094
Hafizabad	32.0710	73.6880	318621
Gwadar	25.1216	62.3254	70852
Gujrat	32.5742	74.0754	574240
Gujranwala	32.1557	74.1870	2511118
Gujar Khan	33.2541	73.3043	69374
Gojra	31.1493	72.6832	214000
Gilgit	35.9187	74.3124	216760
Ghotki	28.0044	69.3157	119879
Gambat	27.3517	68.5215	93884
Fort Abbas	29.1934	72.8552	83192
Fatehjang	33.5649	72.6428	81321
Faruka	31.8864	72.4136	60000
Faqirwali	29.4680	73.0349	61586
Faisalabad	31.4155	73.0897	3800193
Eminabad	32.0424	74.2600	150646
Dullewala	31.8344	71.4364	54277
Dokri	27.3742	68.0971	125000
Dipalpur	30.6698	73.6531	99858
Dinga	32.6410	73.7204	89922
Dijkot	31.2173	72.9962	96934
Digri	25.1566	69.1110	234578
Dera Ismail Khan	31.8313	70.9017	763195
Dera Ghazi Khan	30.0459	70.6403	494464
Daur	26.4553	68.3183	128958
Daska Kalan	32.3242	74.3504	126924
Darya Khan	31.7845	71.1020	68622
Dajal	29.5577	70.3761	200000
Dadu	26.7303	67.7769	201017
Chunian	30.9662	73.9791	634236
Chuhar Kana	31.7500	73.8000	69321
Chitral	35.8518	71.7864	57157
Chishtian	29.7971	72.8577	149939
Chiniot	31.7209	72.9784	318165
Chichawatni	30.5301	72.6916	112191
Charsadda	34.1482	71.7406	120170
Chaman	30.9177	66.4526	130139
Chakwal	32.9329	72.8539	101200
Burewala	30.1667	72.6500	361664
Buni	36.2733	72.2593	50000
Bhawana	31.5688	72.6492	373841
Bhalwal	32.2658	72.8981	74744
Bhakkar	31.6269	71.0647	131658
Phool Nagar	31.2024	73.9486	114530
Bat Khela	34.6178	71.9725	73525
Battagram	34.6772	73.0233	700000
Basirpur	30.5776	73.8391	65541
Bannu	32.9853	70.6040	1357890
Bahawalpur	29.3978	71.6752	903795
Bahawalnagar	29.9983	73.2527	241873
Badin	24.6560	68.8370	117455
Attock City	33.7667	72.3598	141945
Arifwala	30.2906	73.0657	854462
Ahmadpur East	29.1427	71.2577	196718
Abbottabad	34.1463	73.2117	275890
Bahawalnagar	30.5508	73.3908	241873
Kurkali Sindh Pakistan	25.9412	68.8177	59387
Dera Murad Jamali	28.5466	68.2231	106952
Dhirkot	34.0392	73.5769	195000
Nowshera Kalan	34.0191	71.9745	88003
Daharki	28.0536	69.7025	90177
Arif Wala	26.3248	66.2959	157063
Alahabad	30.8770	74.0552	80084
Wah Cantt	33.7709	72.7512	400733
Hub	25.0255	66.8853	195661
Żoliborz	52.2690	20.9864	50934
Zamość	50.7231	23.2520	66034
Wola	52.2348	20.9600	140958
Wawer	52.1966	21.1775	77205
Warsaw	52.2298	21.0118	1702139
Tomaszów Mazowiecki	51.5313	20.0085	67197
Tarnów	50.0138	20.9870	117799
Tarnobrzeg	50.5730	21.6794	50459
Targówek	52.2918	21.0484	124279
Suwałki	54.1118	22.9309	69222
Starachowice	51.0374	21.0713	53739
Stalowa Wola	50.5829	22.0533	66495
Śródmieście	52.2290	21.0164	99950
Siedlce	52.1677	22.2901	77185
Rzeszów	50.0413	21.9990	198317
Radom	51.4025	21.1471	226794
Przemyśl	49.7850	22.7673	67013
Pruszków	52.1707	20.8121	55371
Ostrowiec Świętokrzyski	50.9294	21.3852	73989
Ostrołęka	53.0862	21.5757	53740
Olsztyn	53.7838	20.4927	169793
Ochota	52.2210	20.9853	82774
Nowy Sącz	49.6218	20.6971	84376
Mokotów	52.1934	21.0349	217683
Mielec	50.2871	21.4239	59509
Lublin	51.2506	22.5701	336339
Łomża	53.1781	22.0593	62019
Legionowo	52.4015	20.9266	50786
Kielce	50.8703	20.6275	192468
Ełk	53.8282	22.3647	55769
Chełm	51.1431	23.4716	60231
Bielany	52.2924	20.9353	131910
Białystok	53.1333	23.1643	295683
Białołeka	52.3213	20.9720	129106
Biała Podlaska	52.0324	23.1165	57541
Bemowo	52.2546	20.9084	123932
Żory	50.0452	18.7006	63174
Zielona Góra	51.9355	15.5064	118433
Zgierz	51.8556	19.4062	58036
Zawiercie	50.4877	19.4168	53159
Zabrze	50.3249	18.7858	192177
Wrzeszcz	54.3765	18.6075	65000
Wrocław	51.1029	17.0301	672545
Włocławek	52.6482	19.0678	120339
Wałbrzych	50.7714	16.2843	127431
Tychy	50.1372	18.9664	130000
Toruń	53.0138	18.5981	196935
Tczew	54.0924	18.7779	60133
Tarnowskie Góry	50.4455	18.8615	60938
Szczecin	53.4289	14.5530	395513
Świętochłowice	50.2964	18.9173	55600
Świdnica	50.8438	16.4886	60351
Stargard	53.3367	15.0499	71224
Sosnowiec	50.2868	19.1039	227295
Słupsk	54.4641	17.0287	98608
Siemianowice Śląskie	50.3274	19.0290	73121
Rybnik	50.0971	18.5418	142510
Ruda Śląska	50.2584	18.8563	146189
Racibórz	50.0919	18.2193	58464
Poznań	52.4069	16.9299	536151
Płock	52.5468	19.7064	127474
Piotrków Trybunalski	51.4055	19.7032	80128
Piła	53.1514	16.7378	75532
Piekary Śląskie	50.3802	18.9265	59757
Pabianice	51.6645	19.3547	70542
Ostrów Wielkopolski	51.6550	17.8069	72898
Opole	50.6712	17.9260	127676
Mysłowice	50.2075	19.1667	72124
Lubin	51.4009	16.2015	77532
Łódź	51.7706	19.4739	639890
Leszno	51.8403	16.5749	63565
Legnica	51.2101	16.1619	106033
Kraków	50.0614	19.9366	816614
Koszalin	54.1944	16.1722	107450
Konin	52.2234	18.2512	81258
Kędzierzyn-Koźle	50.3498	18.2261	65636
Katowice	50.2597	19.0217	286960
Kalisz	51.7611	18.0910	108759
Jelenia Góra	50.8997	15.7290	77366
Jaworzno	50.2053	19.2750	96541
Jastrzębie Zdrój	49.9554	18.5748	95813
Inowrocław	52.7989	18.2639	77597
Grudziądz	53.4841	18.7537	92552
Gorzów Wielkopolski	52.7337	15.2250	114567
Gniezno	52.5348	17.5826	70269
Głogów	51.6636	16.0845	65400
Gliwice	50.2976	18.6766	198835
Gdynia	54.5189	18.5319	257000
Gdańsk	54.3523	18.6491	487371
Fordon	53.1482	18.1704	70000
Elbląg	54.1522	19.4088	127558
Dąbrowa Górnicza	50.3339	19.2048	116971
Częstochowa	50.7965	19.1241	248125
Chorzów	50.3058	18.9742	113430
Bytom	50.3480	18.9328	189186
Bydgoszcz	53.1235	18.0076	330038
Bielsko-Biala	49.8225	19.0469	176515
Bełchatów	51.3688	19.3567	62896
Będzin	50.3261	19.1257	58236
Ursynów	52.1505	21.0504	149775
Praga Północ	52.2544	21.0347	93192
Praga Południe	52.2442	21.0855	179836
Śródmieście	51.1132	17.0815	99088
Psie Pole	51.1459	17.0352	95615
Arecibo	18.4724	-66.7157	87754
Bayamón	18.3986	-66.1557	203499
Caguas	18.2341	-66.0485	86804
Carolina	18.3808	-65.9574	170404
Guaynabo	18.3575	-66.1110	81360
Mayagüez	18.2011	-67.1396	73077
Ponce	18.0103	-66.6240	137491
San Juan	18.4663	-66.1057	418140
Trujillo Alto	18.3547	-66.0074	75243
Rafaḩ	31.2972	34.2436	126305
Khān Yūnis	31.3402	34.3063	173183
Jabālyā	31.5272	34.4835	168568
Gaza	31.5016	34.4667	410000
Dayr al Balaḩ	31.4183	34.3493	59504
Bayt Lāhyā	31.5464	34.4951	56919
Nablus	32.2211	35.2544	130326
Battir	31.7000	35.1167	56746
Hebron	31.5294	35.0938	160470
East Jerusalem	31.7834	35.2339	428304
Setúbal	38.5244	-8.8882	118166
Rio de Mouro	38.7661	-9.3280	54695
Queluz	38.7566	-9.2545	103399
Odivelas	38.7927	-9.1838	54624
Monsanto	39.4620	-8.7118	50000
Loures	38.8309	-9.1684	66231
Lisbon	38.7251	-9.1498	517802
Leiria	39.7436	-8.8071	128640
Funchal	32.6657	-16.9255	105795
Faro	37.0187	-7.9272	70347
Évora	38.5659	-7.9040	53591
Corroios	38.6400	-9.1508	52520
Cacém	38.7670	-9.2979	93982
Barreiro	38.6631	-9.0724	51280
Amora	38.6296	-9.1156	52577
Amadora	38.7538	-9.2308	178858
Algueirão	38.7976	-9.3437	66250
Viseu	40.6617	-7.9090	103502
Vila Nova de Gaia	41.1240	-8.6124	70811
Porto	41.1485	-8.6110	252687
Felgueiras	41.3681	-8.1940	58065
Coimbra	40.2069	-8.4200	140796
Braga	41.5514	-8.4231	193324
Aveiro	40.6457	-8.6464	80880
Villa Hayes	-25.0930	-57.5273	57217
Villa Elisa	-25.3676	-57.5927	64099
San Lorenzo	-25.3397	-57.5088	227876
San Antonio	-25.4213	-57.5472	55754
Presidente Franco	-25.5638	-54.6110	54292
Pedro Juan Caballero	-22.5493	-55.7387	75109
Nemby	-25.3949	-57.5357	94641
Limpio	-25.1661	-57.4856	96143
Lambaré	-25.3468	-57.6065	126377
Itauguá	-25.3926	-57.3542	64997
Fernando de la Mora	-25.3386	-57.5217	120167
Encarnación	-27.3318	-55.8666	74983
Coronel Oviedo	-25.4461	-56.4393	51286
Mariano Roque Alonso	-25.2079	-57.5320	72008
Ciudad del Este	-25.5036	-54.6507	301815
Capiatá	-25.3552	-57.4455	198553
Caaguazú	-25.4710	-56.0160	54808
Caacupé	-25.3858	-57.1422	56864
Asunción	-25.2865	-57.6470	1482200
Az̧ Z̧a‘āyin	25.5774	51.4831	54339
Ar Rayyān	25.2919	51.4244	272465
Doha	25.2855	51.5310	344939
Al Manşūrah	25.2681	51.5322	65493
Al Maţār al ‘Atīq	25.2514	51.5557	76774
Lusail	25.4175	51.5075	198600
Saint-Pierre	-21.3393	55.4781	84077
Saint-Paul	-21.0096	55.2713	105240
Saint-Louis	-21.2858	55.4112	53935
Saint-Denis	-20.8823	55.4504	154765
Saint-André	-20.9633	55.6503	57150
Le Tampon	-21.2766	55.5177	81943
Zalău	47.2000	23.0500	52359
Vaslui	46.6333	27.7333	63035
Tulcea	45.1787	28.8050	65624
Târgu Mureş	46.5425	24.5575	212752
Târgu Jiu	45.0500	23.2833	73545
Târgovişte	44.9254	25.4567	66965
Timişoara	45.7537	21.2257	250849
Suceava	47.6333	26.2500	84308
Slatina	44.4333	24.3667	63487
Sibiu	45.8000	24.1500	134309
Sfântu Gheorghe	45.8667	25.7833	50080
Satu Mare	47.7993	22.8625	112490
Roman	46.9212	26.9265	67819
Râmnicu Vâlcea	45.1000	24.3667	93151
Reşiţa	45.3008	21.8892	81228
Ploieşti	44.9500	26.0167	180540
Piteşti	44.8500	24.8667	141275
Piatra Neamţ	46.9167	26.3333	102688
Oradea	47.0458	21.9183	183105
Mediaş	46.1667	24.3500	53040
Iaşi	47.1667	27.6000	378954
Hunedoara	45.7500	22.9000	69136
Giurgiu	43.8866	25.9627	54551
Galaţi	45.4369	28.0503	217851
Focșani	45.7000	27.1833	66648
Drobeta-Turnu Severin	44.6269	22.6529	79865
Deva	45.8833	22.9000	67802
Craiova	44.3167	23.8000	234140
Constanţa	44.1807	28.6343	317832
Cluj-Napoca	46.7667	23.6000	286598
Buzău	45.1500	26.8333	103481
Bucharest	44.4323	26.1063	1877155
Braşov	45.6486	25.6061	253200
Brăila	45.2715	27.9743	154686
Botoşani	47.7500	26.6667	90010
Bistriţa	47.1332	24.5001	78877
Bârlad	46.2317	27.6691	67818
Baia Mare	47.6573	23.5681	108759
Bacău	46.5672	26.9138	136087
Arad	46.1833	21.3167	169065
Alba Iulia	46.0667	23.5833	64227
Sector 1	44.4924	26.0483	225453
Sector 2	44.4528	26.1332	290507
Sector 3	44.4234	26.1687	385439
Sector 4	44.3757	26.1209	287828
Sector 5	44.3881	26.0714	271575
Sector 6	44.4358	26.0165	367760
Zrenjanin	45.3836	20.3819	79773
Zemun	44.8458	20.4012	155591
Vranje	42.5514	21.9003	56199
Smederevo	44.6644	20.9276	62000
Pančevo	44.8718	20.6417	76654
Novi Pazar	43.1367	20.5122	85996
Novi Beograd	44.8056	20.4242	209763
Niš	43.3247	21.9033	250000
Leskovac	42.9981	21.9461	94758
Kruševac	43.5800	21.3339	75256
Kraljevo	43.7258	20.6894	82846
Kragujevac	44.0167	20.9167	147473
Čačak	43.8914	20.3497	117072
Belgrade	44.8040	20.4651	1273651
Valjevo	44.2751	19.8982	61035
Užice	43.8586	19.8488	63577
Subotica	46.1000	19.6667	100000
Šabac	44.7467	19.6900	55114
Novi Sad	45.2517	19.8369	215400
Sosnovka	60.0167	30.3500	66227
Zyuzino	55.6561	37.5685	121000
Zyablikovo	55.6167	37.7667	129000
Zlatoust	55.1718	59.6547	191366
Zhulebino	55.7000	37.8500	150000
Zhukovsky	55.5953	38.1203	97200
Zhigulëvsk	53.4033	49.5106	57094
Zheleznogorsk	52.3420	35.3592	97900
Zheleznodorozhnyy	55.7440	38.0168	141648
Zelenograd	55.9825	37.1814	215727
Zelenodolsk	55.8438	48.5178	99600
Zarechnyy	53.2036	45.1923	63579
Zamoskvorech’ye	55.7333	37.6333	55000
Yoshkar-Ola	56.6388	47.8908	268272
Yeysk	46.6926	38.2791	87814
Yessentuki	44.0483	42.8564	81015
Yelets	52.6144	38.5093	115688
Yelabuga	55.7623	52.0442	72643
Yegor’yevsk	55.3795	39.0412	85200
Yasenevo	55.6069	37.5199	180000
Yartsevo	55.0649	32.6969	52706
Yaroslavl	57.6299	39.8737	608722
Vyshniy Volochëk	57.5888	34.5685	53800
Vyksa	55.3206	42.1740	61664
Vykhino-Zhulebino	55.7020	37.8118	216000
Vyborg	60.7076	28.7528	78633
Vyaz’ma	55.2100	34.2970	55500
Votkinsk	57.0487	53.9872	98633
Voskresensk	55.3130	38.6910	77086
Voronezh	51.6683	39.1920	1047549
Altuf’yevskiy	55.8833	37.5833	54000
Volzhsky	48.7858	44.7797	323293
Volzhsk	55.8666	48.3593	58000
Vol’sk	52.0417	47.3827	70500
Vologda	59.2239	39.8840	312420
Nagornyy	55.6500	37.6167	76000
Volgograd	48.7138	44.4976	1013533
Volgodonsk	47.5114	42.1527	167731
Novovladykino	55.8500	37.5833	50000
Vladimir	56.1385	40.3998	357024
Vladikavkaz	43.0410	44.6699	306258
Vidnoye	55.5523	37.7088	51721
Veshnyaki	55.7239	37.8195	122000
Velikiye Luki	56.3406	30.5438	103149
Vatutino	55.8844	37.6906	50000
Vagonoremont	55.9000	37.5500	50000
Uzlovaya	53.9839	38.1598	58458
Uritsk	59.8389	30.1753	55037
Ulyanovsk	54.3282	48.3866	626540
Ukhta	63.5690	53.6914	102187
Ufa	54.7431	55.9678	1120547
Tver	56.8584	35.9006	420065
Tuymazy	54.6064	53.7118	68829
Tula	54.1961	37.6182	482873
Tuapse	44.1008	39.0833	64234
Troparëvo	55.6562	37.4850	118000
Tolyatti	53.5303	49.3461	702879
Timashyovsk	45.6169	38.9453	53940
Tikhvin	59.6392	33.5256	62075
Tikhoretsk	45.8531	40.1187	64387
Tyoply Stan	55.6205	37.4934	125000
Tekstil’shchiki	55.7003	37.7427	100000
Tambov	52.7363	41.4410	293661
Taganrog	47.2363	38.9053	279056
Taganskiy	55.7333	37.6667	116000
Syzran	53.1585	48.4681	189338
Syktyvkar	61.6639	50.8163	245083
Sviblovo	55.8500	37.6333	60000
Stupino	54.8974	38.0680	60999
Strogino	55.8184	37.4122	152000
Sterlitamak	53.6379	55.9533	267231
Stavropol	45.0344	41.9642	433931
Staryy Oskol	51.3025	37.8461	226977
Sosnovyy Bor	59.8996	29.0857	68563
Solntsevo	55.6371	37.3811	120000
Solnechnogorsk	56.1753	36.9708	58891
Solikamsk	59.6669	56.7427	100812
Sokol’niki	55.8020	37.6716	57000
Sokol	55.8000	37.5167	57000
Sochi	43.5970	39.7248	327608
Smolensk	54.7783	32.0509	330025
Slavyansk-na-Kubani	45.2514	38.1213	65196
Sibay	52.7179	58.6667	61590
Shuya	56.8486	41.3869	60705
Mikhaylovsk	45.1310	42.0270	59198
Shchukino	55.8000	37.4500	102000
Shchyolkovo	55.9250	37.9722	113000
Shchëkino	54.0073	37.5065	60700
Shakhty	47.7192	40.2160	221312
Severomorsk	69.0694	33.4081	53921
Severodvinsk	64.5583	39.8297	194292
Severnyy	55.9358	37.5489	200000
Serpukhov	54.9198	37.4162	128158
Sergiyev Posad	56.3120	38.1387	109252
Semënovskoye	55.6833	37.5500	50000
Sarov	54.9480	43.3152	88000
Saratov	51.5405	45.9901	844858
Sarapul	56.4763	53.7978	98830
Saransk	54.1848	45.1717	318841
Saint Petersburg	59.9386	30.3141	5351935
Samara	53.2077	50.1355	1163399
Sal’sk	46.4749	41.5416	61000
Salavat	53.3828	55.9109	159893
Rzhev	56.2629	34.3289	62246
Rybinsk	58.0456	38.8381	216724
Rybatskoye	59.8393	30.4987	55076
Ryazan’	54.6270	39.7041	538962
Rostov-on-Don	47.2200	39.7077	1130305
Rossosh’	51.1209	38.5116	64323
Rossosh’	50.1964	39.5663	62000
Roslavl’	53.9539	32.8641	56971
Revda	56.8024	59.9377	61785
Reutov	55.7627	37.8630	78370
Ramenskoye	55.5634	38.2415	96000
Ramenki	55.7000	37.5000	130000
Pyatigorsk	44.0500	43.0504	142865
Pushkino	55.9946	37.8290	102816
Pushkin	59.7142	30.3964	92889
Pskov	57.8192	28.3318	210501
Prokhladnyy	43.7574	44.0297	60800
Kotlovka	55.6593	37.6040	64000
Pokrovskoye-Streshnëvo	55.8080	37.4581	55000
Podolsk	55.4242	37.5547	179400
Ryazanskiy	55.7333	37.7667	101000
Petrozavodsk	61.7849	34.3469	279190
Petrodvorets	59.8957	29.8014	61973
Peterhof	59.8833	29.9000	73199
Pervouralsk	56.9053	59.9436	133600
Perm	58.0105	56.2502	982419
Novo-Peredelkino	55.6453	37.3358	115536
Penza	53.1957	45.0108	523553
Pavlovskiy Posad	55.7819	38.6502	60051
Ozerki	60.0395	30.3113	95000
Otradnyy	53.3760	51.3452	50127
Ostankinskiy	55.8296	37.6160	60000
Orsk	51.2321	58.4880	246836
Orenburg	51.7671	55.0988	564773
Orël	52.9688	36.0791	303696
Orekhovo-Zuyevo	55.8124	38.9915	120000
Orekhovo-Borisovo Severnoye	55.6167	37.6833	128000
Sunzha	43.3206	45.0490	71841
Oktyabrsky	54.4815	53.4710	108200
Odintsovo	55.6698	37.2772	137041
Ochakovo-Matveyevskoye	55.6843	37.4465	114000
Obninsk	55.1099	36.6124	107392
Novyye Kuz’minki	55.7000	37.7500	143000
Novyye Cherëmushki	55.7000	37.5833	101000
Novotroitsk	51.2010	58.3132	106186
Novoshakhtinsk	47.7604	39.9333	99478
Novorossiysk	44.7319	37.7618	241856
Novomoskovsk	54.0110	38.2908	130982
Novokuz’minki	55.7167	37.7833	50000
Novokuybyshevsk	53.0971	49.9400	111800
Novokhovrino	55.8667	37.5000	50000
Novogireyevo	55.7546	37.8183	95000
Novocherkassk	47.4222	40.0937	166974
Novocheboksarsk	56.1110	47.4776	128468
Velikiy Novgorod	58.5213	31.2710	222868
Noginsk	55.8649	38.4485	115979
Nizhny Tagil	57.9194	59.9650	381116
Nizhniy Novgorod	56.3287	44.0020	1259013
Nizhnekamsk	55.6379	51.8150	234297
Nikol’skoye	55.6833	37.4833	50000
Nevinnomyssk	44.6333	41.9444	134345
Neftekamsk	56.0888	54.2638	126805
Nazran	43.2260	44.7732	164131
Naro-Fominsk	55.3875	36.7331	72632
Nalchik	43.4981	43.6189	239300
Naberezhnyye Chelny	55.7372	52.4196	509870
Mytishchi	55.9110	37.7296	160542
Murom	55.5685	42.0239	126931
Murmansk	68.9678	33.0992	295374
Moscow	55.7520	37.6178	10381222
Mineralnye Vody	44.2103	43.1353	76280
Mikhaylovka	50.0619	43.2334	58898
Michurinsk	52.9076	40.4823	93499
Meleuz	52.9647	55.9328	65362
Maykop	44.6079	40.1024	141970
Mar’ino	55.6500	37.7167	243000
Yaroslavskiy	55.8833	37.7167	91000
Makhachkala	42.9778	47.5003	596356
Magnitogorsk	53.3981	59.0066	413351
Lyublino	55.6774	37.7600	172000
Lyubertsy	55.6772	37.8932	154650
Lytkarino	55.5765	37.9124	50619
Lys’va	58.1074	57.8106	68660
Lobnya	56.0271	37.4679	61772
Liski	50.9824	39.5040	55939
Lipetsk	52.5876	39.5515	509735
Likhobory	55.8500	37.5667	50000
Lianozovo	55.8978	37.5868	86000
Komendantsky aerodrom	60.0045	30.2752	84052
Leninogorsk	54.5971	52.4512	66263
Tsaritsyno	55.6254	37.6503	123000
Lefortovo	55.7667	37.7000	91000
Labinsk	44.6360	40.7357	61945
Kuznetsk	53.1168	46.6004	90480
Kuz’minki	55.7000	37.8000	143000
Kursk	51.7269	36.1846	448733
Kupchino	59.8590	30.3880	54198
Kuntsevo	55.7422	37.4023	147497
Kungur	57.4143	56.9716	66389
Kumertau	52.7649	55.7878	65321
Kstovo	56.1475	44.1987	67242
Krymsk	44.9263	37.9903	57555
Kropotkin	45.4372	40.5704	79599
Biryulëvo Zapadnoye	55.5873	37.6458	89000
Krasnokamsk	58.0787	55.7562	52689
Krasnogorsk	55.8190	37.3298	92932
Krasnodar	45.0453	38.9818	899541
Presnenskiy	55.7589	37.5582	122000
Kozhukhovo	55.7060	37.6756	50000
Kozeyevo	55.8667	37.6167	50000
Kovrov	56.3575	41.3189	154224
Kotlas	61.2566	46.6537	59180
Kostroma	57.7664	40.9283	277280
Kolpino	59.7507	30.5886	138979
Kolomna	55.0711	38.7840	147690
Klintsy	52.7603	32.2390	66336
Klin	56.3317	36.7292	80778
Klimovsk	55.3635	37.5298	55206
Kizlyar	43.8469	46.7098	50564
Kislovodsk	43.9133	42.7208	132771
Kirovo-Chepetsk	58.5509	50.0310	90252
Kirov	58.5981	49.6578	507155
Kirishi	59.4742	32.0401	56190
Kingisepp	59.3763	28.6141	50566
Kineshma	57.4367	42.1277	92983
Kimry	56.8746	37.3596	52070
Khoroshëvo-Mnevniki	55.7836	37.4714	159000
Khimki	55.9001	37.4285	239967
Khasavyurt	43.2487	46.5857	126829
Kazan	55.7887	49.1221	1243500
Kaspiysk	42.8817	47.6392	81752
Kamyshin	50.0885	45.4128	128626
Kamensk-Shakhtinsky	48.3178	40.2595	75814
Kaluga	54.5306	36.2700	340851
Korolev	55.9142	37.8256	139798
Kaliningrad	54.7064	20.5110	475056
Izmaylovo	55.7966	37.7824	104000
Izhevsk	56.8522	53.1986	648213
Ivanteyevka	55.9711	37.9208	51085
Ivanovskoye	55.7667	37.8333	128000
Ivanovo	56.9999	40.9726	406113
Ishimbay	53.4477	56.0387	70421
Gus’-Khrustal’nyy	55.6117	40.6502	62746
Gukovo	48.0513	39.9305	66079
Gubkin	51.2837	37.5351	87000
Grozny	43.3120	45.6889	297137
Grazhdanka	60.0170	30.4170	71128
Gol’yanovo	55.8230	37.8131	158000
Glazov	58.1400	52.6562	100676
Georgiyevsk	44.1494	43.4702	72649
Gelendzhik	44.5801	38.0665	50715
Gatchina	59.5764	30.1283	89761
Fryazino	55.9613	38.0464	52255
Fryazevo	55.7332	38.4646	53212
Fili	55.7454	37.4884	80000
Ezhva	61.8128	50.7283	56000
Engels	51.4839	46.1053	196011
Elista	46.3079	44.2554	106971
Elektrostal’	55.7865	38.4571	144387
Dzerzhinsk	56.2442	43.4554	233126
Dubna	56.7405	37.1865	60604
Dorogomilovo	55.7418	37.5471	68000
Donetsk	48.3371	39.9523	50850
Domodedovo	55.4422	37.7537	53887
Dolgoprudnyy	55.9496	37.5018	68259
Dmitrov	56.3449	37.5204	61607
Dimitrovgrad	54.2139	49.6184	132226
Derbent	42.0662	48.2876	105965
Dachnoye	59.8417	30.2558	72822
Chusovoy	58.2891	57.8126	50205
Chistopol’	55.3661	50.6440	62200
Cherkessk	44.2238	42.0462	122395
Cherepovets	59.1333	37.9000	315738
Cherëmushki	55.6647	37.5613	106587
Chekhov	55.1455	37.4619	75643
Cheboksary	56.1322	47.2460	492331
Chaykovskiy	56.7632	54.1126	86712
Chapayevsk	52.9771	49.7086	70147
Buzuluk	52.7782	52.2585	87714
Buynaksk	42.8180	47.1268	62689
Buguruslan	53.6554	52.4420	53511
Bugulma	54.5378	52.7985	91900
Budyonnovsk	44.7839	44.1658	67962
Bryansk	53.2710	34.3214	427236
Brateyevo	55.6375	37.7644	102000
Borovichi	58.3942	33.9186	56571
Borisoglebsk	51.3689	42.0980	68597
Bor	56.3594	44.0730	60647
Bogorodskoye	55.8140	37.7212	103000
Biryulëvo	55.5864	37.6778	144000
Bibirevo	55.8833	37.6000	159000
Berezniki	59.4091	56.8204	167748
Beloretsk	53.9621	58.4000	70468
Belorechensk	44.7700	39.8725	54526
Belgorod	50.6034	36.5809	345289
Belebey	54.1077	54.1174	62582
Bataysk	47.1375	39.7571	109962
Balashov	51.5510	43.1707	98107
Balashikha	55.7948	37.9479	150103
Balakovo	52.0264	47.7967	199572
Novaya Balakhna	56.4899	43.6011	63083
Babushkin	55.8693	37.7297	86000
Azov	47.1069	39.4149	82133
Astrakhan	46.3497	48.0408	533925
Arzamas	55.3956	43.8381	109479
Armavir	44.9985	41.1147	199548
Arkhangel’sk	64.5461	40.5518	349742
Apatity	67.5827	33.4134	61186
Anapa	44.8950	37.3162	53600
Al’met’yevsk	54.9040	52.3179	140437
Aleksin	54.5048	37.0670	66885
Alekseyevka	55.6300	37.8000	78000
Aleksandrov	56.3973	38.7140	64088
Levoberezhnyy	55.8648	37.4734	52000
Adler	43.4290	39.9239	70200
Pavlovo	55.9686	43.0912	63338
Zarechnyy	53.1333	46.5833	62139
Zarinsk	53.7082	84.9431	52209
Yurga	55.7231	84.8861	84220
Yekaterinburg	56.8573	60.6153	1495066
Vorkuta	67.5087	64.0667	80039
Verkhnyaya Pyshma	56.9705	60.5822	59061
Zelenogorsk	56.1092	94.5870	71354
Tyumen	57.1522	65.5272	768358
Troitsk	54.0922	61.5676	82338
Tomsk	56.5005	84.9822	574002
Tobolsk	58.1981	68.2546	113800
Talnakh	69.4865	88.3972	59051
Surgut	61.2576	73.4177	300367
Shadrinsk	56.0862	63.6382	79479
Serov	59.5974	60.5861	98438
Rubtsovsk	51.5147	81.2061	161065
Prokop’yevsk	53.9152	86.7189	219000
Polevskoy	56.4422	60.1878	65770
Omsk	54.9924	73.3686	1172070
Nyagan	62.1406	65.3936	52137
Noyabrsk	63.1931	75.4373	110000
Novyy Urengoy	66.0833	76.6333	94212
Novosibirsk	55.0226	82.9317	1612833
Novokuznetsk	53.7575	87.1360	539616
Novoaltaysk	53.4143	83.9411	61050
Norilsk	69.3535	88.2027	140800
Nizhnevartovsk	60.9344	76.5531	244937
Nefteyugansk	61.0998	72.6035	112632
Nazarovo	56.0114	90.4166	55252
Minusinsk	53.7012	91.7080	72781
Miass	55.0455	60.1076	167500
Mezhdurechensk	53.6899	88.0622	101026
Lesosibirsk	58.2354	92.4835	65945
Leninsk-Kuznetsky	54.6567	86.1737	109023
Kyzyl	51.7111	94.4378	116983
Kurgan	55.4490	65.3434	309285
Krasnoyarsk	56.0374	92.9314	1090811
Krasnoturinsk	59.7666	60.2086	62600
Kopeysk	55.1169	61.6181	70780
Kiselëvsk	53.9900	86.6621	104000
Khanty-Mansiysk	61.0019	69.0273	101466
Kemerovo	55.3542	86.1043	558973
Kansk	56.2022	95.7185	101502
Kamensk-Ural’skiy	56.4063	61.9335	182500
Iskitim	54.6426	83.3035	61827
Ishim	56.1125	69.4872	67762
Gorno-Altaysk	51.9606	85.9189	63214
Chernogorsk	53.8288	91.3095	71582
Chelyabinsk	55.1611	61.4288	1202371
Biysk	52.5342	85.1966	215430
Berëzovskiy	55.6695	86.2749	55000
Berdsk	54.7535	83.0962	90250
Belovo	54.4212	86.2991	75764
Barnaul	53.3620	83.7279	632372
Asbest	57.0082	61.4634	74583
Anzhero-Sudzhensk	56.0757	86.0243	82526
Akademgorodok	54.8523	83.1060	50000
Achinsk	56.2679	90.5015	117634
Abakan	53.7154	91.4259	184168
Snezhinsk	56.0783	60.7478	50086
Ozersk	55.7556	60.7028	81023
Zheleznogorsk	56.2511	93.5314	93834
Novoural’sk	57.2548	60.0905	93849
Seversk	56.6006	84.8864	109844
Yakutsk	62.0311	129.7229	235600
Vladivostok	43.1056	131.8735	604901
Ust’-Ilimsk	58.0006	102.6619	100271
Ussuriysk	43.8047	131.9573	157068
Usol’ye-Sibirskoye	52.7519	103.6453	85900
Ulan-Ude	51.8265	107.5998	360278
Tulun	54.5676	100.5766	51330
Svobodnyy	51.3750	128.1401	61017
Neryungri	56.6584	124.7250	66320
Nakhodka	42.8436	132.9183	146920
Krasnokamensk	50.0928	118.0322	54316
Komsomolsk-on-Amur	50.5503	137.0100	275908
Khabarovsk	48.4620	135.0971	618150
Irkutsk	52.2957	104.2908	623869
Chita	52.0431	113.4917	349005
Cheremkhovo	53.1474	103.0819	57395
Blagoveshchensk	50.2759	127.5264	225091
Birobidzhan	48.7930	132.9203	73623
Belogorsk	50.9124	128.5124	67911
Artëm	43.3576	132.1914	102300
Arsen’yev	44.1570	133.2733	58700
Angarsk	52.5597	103.9141	243158
Bratsk	56.1325	101.6142	256600
Yuzhno-Sakhalinsk	46.9543	142.7356	198973
Petropavlovsk-Kamchatsky	53.0639	158.6275	181216
Magadan	59.5627	150.8021	92782
Chertanovo Yuzhnoye	55.5907	37.5952	142000
Orekhovo-Borisovo	55.6125	37.7264	144000
Metrogorodok	55.8096	37.7874	50000
Kogalym	62.2654	74.4791	57800
Lesnoy	57.6198	63.0784	55100
Krasnaya Glinka	53.7383	52.9392	85566
Kurortnyy	60.1656	29.9080	70589
Chernaya Rechka	59.9859	30.3034	56429
Untolovo	60.0122	30.2090	50000
Petrogradka	59.9657	30.3115	130455
Vasyl'evsky Ostrov	59.9409	30.2538	203058
Parnas	60.0696	30.3487	66693
Kalininskiy	59.9967	30.3899	504641
Krasnogvargeisky	59.9731	30.4761	337091
Admiralteisky	59.9230	30.3000	157897
Akademicheskoe	60.0138	30.3947	103304
Finlyandskiy	59.9682	30.3641	72292
Centralniy	59.9311	30.3607	214625
Svetlanovskiy	60.0028	30.3305	85508
Vostochnoe Degunino	55.8801	37.5576	95000
Obruchevo	55.6591	37.5229	85616
Kisilevsk	53.9962	86.6485	83431
gorod Solnetchnogorsk	56.1859	36.9756	62000
Musanze	-1.4998	29.6350	153368
Nyagatare	-1.2952	30.3226	100000
Muhanga	-2.0227	29.7069	82797
Kigali	-1.9500	30.0588	1132686
Gitarama	-2.0744	29.7567	87613
Gisenyi	-1.7028	29.2564	172357
Butare	-2.5967	29.7394	62823
Yanbu	24.0895	38.0618	200161
Ţurayf	31.6720	38.6630	66014
Tārūt	26.5733	50.0403	85371
Tabuk	28.3998	36.5715	667000
Unaizah	26.1000	44.0000	183319
Sulţānah	24.4926	39.5857	946697
Sayhāt	26.4835	50.0485	66702
Sakakah	29.9697	40.2064	128332
Şabyā	17.1495	42.6254	228375
Ras Tanura	26.7074	50.0673	62314
Rābigh	22.7986	39.0349	72928
Bīshah	20.0005	42.6052	115537
Najrān	17.4933	44.1277	505652
Makkah	21.4266	39.8256	1578722
King Faisal Military City	28.4500	45.9667	65000
Khamis Mushait	18.3000	42.7333	387553
Jizan	16.8892	42.5511	105198
Jeddah	21.4901	39.1862	4697000
Ha'il	27.5219	41.6907	605930
Hafar Al-Batin	28.4328	45.9708	271642
Buraydah	26.3260	43.9750	745353
Baljurashi	19.8594	41.5572	51787
Az Zulfī	26.2995	44.8154	125000
Dhahran	26.2886	50.1140	99540
Ta’if	21.2703	40.4158	688693
Thuqbah	26.2602	50.2049	248888
Riyadh	24.6877	46.7219	4205961
Ar Rass	25.8694	43.4973	81728
Arar	30.9753	41.0381	148540
Qurayyat	31.3318	37.3428	102903
Al Qaţīf	26.5654	50.0089	98259
Al Mubarraz	25.4077	49.5903	290802
Madinah	24.4686	39.6142	1300000
Al Līth	20.1480	40.2722	72000
Khobar	26.2794	50.2083	165799
Al Kharj	24.1554	47.3346	425300
Al Khafjī	28.4391	48.4913	54857
Al Jubayl	27.0174	49.6225	237274
Al Hufūf	25.3647	49.5876	293179
Al Bahah	20.0129	41.4677	88419
Ad Dir‘īyah	24.7519	46.5387	61609
Ad Dawādimī	24.5077	44.3924	86861
Dammam	26.4344	50.1033	1252523
Abū ‘Arīsh	16.9689	42.8325	69632
Abha	18.2164	42.5053	210886
Ash Shafā	21.0727	40.3184	72190
Sabt Alalayah	19.5773	41.9636	100000
Bariq	18.9297	41.9295	75351
Honiara	-9.4333	159.9500	56298
Dongola	19.1816	30.4769	56167
Wad Medani	14.4012	33.5199	332714
Umm Ruwaba	12.9061	31.2158	56833
Omdurman	15.6445	32.4777	1849659
Singa	13.1483	33.9312	250000
Shendi	16.6915	33.4341	63746
Sennar	13.5691	33.5672	130122
Rabak	13.1809	32.7400	135281
Nyala	12.0489	24.8807	565734
Mellit	14.1333	25.5500	50165
Kosti	13.1629	32.6635	345068
Kassala	15.4510	36.4000	401477
Kas	12.5097	24.2852	55255
Kadugli	11.0111	29.7183	87666
New Halfa	15.3302	35.5985	63589
Dilling	12.0500	29.6500	59089
Port Sudan	19.6175	37.2164	489725
Burām	10.8583	25.1592	65473
Atbara	17.7022	33.9864	112021
Er Roseires	11.8659	34.3869	58712
An Nuhūd	12.7000	28.4333	108008
El Obeid	13.1842	30.2167	393311
Al Qadarif	14.0349	35.3834	363945
Al Manāqil	14.2459	32.9891	128297
Khartoum North	15.6493	32.5346	1012211
Khartoum	15.5518	32.5324	1974647
El Geneina Fort	13.4748	22.4574	134264
Al-Junaynah	13.4526	22.4473	162981
El Fasher	13.6279	25.3494	252609
Ad Douiem	14.0012	32.3116	87068
El Daein	11.4619	26.1258	264734
Ad-Damir	17.5990	33.9721	103941
Ad-Damazin	11.7891	34.3592	186051
Gereida	11.2754	25.1403	120000
'Ārdamatā	13.4755	22.4853	55637
Umeå	63.8284	20.2597	130224
Luleå	65.5841	22.1547	77832
Växjö	56.8777	14.8091	71282
Västerås	59.6162	16.5528	127799
Vasastaden	59.3500	18.0333	58458
Uppsala	59.8588	17.6389	177074
Täby	59.4439	18.0687	58123
Sundsvall	62.3913	17.3063	57606
Stockholm	59.3294	18.0687	1515017
Solna	59.3600	18.0009	66909
Sollentuna	59.4280	17.9509	139606
Södertälje	59.1955	17.6253	70777
Södermalm	59.3128	18.0758	127323
Örebro	59.2741	15.2066	155989
Norrköping	58.5942	16.1826	93765
Mölndal	57.6554	12.0138	59430
Malmö	55.6059	13.0007	362133
Lund	55.7058	13.1932	87244
Linköping	58.4109	15.6216	166673
Kungsholmen	59.3318	18.0412	69363
Karlstad	59.3793	13.5036	61492
Karlskrona	56.1616	15.5866	66675
Jönköping	57.7814	14.1562	112766
Huddinge	59.2371	17.9819	90182
Helsingborg	56.0467	12.6944	104250
Haninge	59.1677	18.1448	74968
Halmstad	56.6745	12.8568	70480
Gothenburg	57.7072	11.9668	608462
Gävle	60.6745	17.1417	74884
Eskilstuna	59.3666	16.5077	67359
Bromma	59.3400	17.9400	72000
Borås	57.7210	12.9401	71700
Ulu Bedok	1.3333	103.9333	276990
Toa Payoh New Town	1.3361	103.8500	120650
Tampines Estate	1.3581	103.9403	265340
Singapore	1.2897	103.8501	5638700
Serangoon	1.3628	103.8975	116900
Sembawang Estate	1.4508	103.8286	110090
Punggol	1.4144	103.9069	204150
Matilda Estate	1.3994	103.9028	52200
Kampong Pasir Ris	1.3783	103.9319	144260
Kembangan	1.3223	103.9113	130252
Kallang	1.3333	103.8667	101290
Geylang	1.3195	103.8869	110201
Bukit Timah	1.3280	103.7910	85900
Bukit Merah Estate	1.2842	103.8231	151250
Bishan New Town	1.3504	103.8487	87320
Bukit Batok New Town	1.3590	103.7637	158030
Hougang New Town	1.3567	103.8908	227560
Jurong East	1.3289	103.7399	72960
Jurong Town	1.3342	103.7228	262730
Jurong West	1.3503	103.7228	253840
Serangoon New Town	1.3508	103.8708	116900
Tampines New Town	1.3492	103.9497	259900
Yishun New Town	1.4333	103.8311	228730
Woodlands	1.4380	103.7888	254440
Ang Mo Kio New Town	1.3803	103.8397	159340
Bukit Panjang New Town	1.3797	103.7647	138050
Bedok New Town	1.3264	103.9417	276990
Clementi Housing Estate	1.3158	103.7647	92420
Pasir Ris New Town	1.3722	103.9478	54420
Queenstown Estate	1.2942	103.8025	101480
Choa Chu Kang New Town	1.3825	103.7497	187550
Novena	1.3170	103.8438	53160
Sengkang New Town	1.3917	103.8944	267600
Maribor	46.5558	15.6459	96209
Ljubljana	46.0511	14.5051	272220
Prešov	48.9992	21.2355	82927
Košice	48.7144	21.2580	225044
Žilina	49.2231	18.7394	81219
Trnava	48.3777	17.5860	62806
Trenčín	48.8945	18.0444	58278
Petržalka	48.1233	17.1287	112380
Nitra	48.3076	18.0845	86329
Martin	49.0665	18.9240	51139
Bratislava	48.1482	17.1067	423737
Banská Bystrica	48.7395	19.1493	74590
Waterloo	8.3389	-13.0709	55000
Makeni	8.8860	-12.0442	85116
Koidu	8.6439	-10.9714	128030
Kenema	7.8769	-11.1903	255110
Freetown	8.4871	-13.2356	802639
Bo	7.9647	-11.7383	233684
Ziguinchor	12.5680	-16.2733	214874
Yoff	14.7467	-17.4900	89442
Touba	14.8623	-15.8753	1120824
Tivaouane	14.9519	-16.8152	102658
Tiébo	14.6333	-16.2333	100289
Thiès Nones	14.7833	-16.9667	252320
Thiès	14.7894	-16.9260	317763
Tambacounda	13.7707	-13.6673	149071
Saint-Louis	16.0179	-16.4896	254171
Rufisque	14.7154	-17.2733	295459
Richard-Toll	16.4625	-15.7008	73147
Pikine	14.7646	-17.3907	1170791
Keur Médoune	14.7584	-15.9043	77255
Mbour	14.4220	-16.9638	284189
Mbaké	14.7903	-15.9080	101451
Louga	15.6187	-16.2244	113365
Kolda	12.8939	-14.9413	103574
Kaolack	14.1520	-16.0726	298904
Kaffrine	14.1059	-15.5508	57307
Dougnane	14.9586	-16.8700	69556
Diourbel	14.6479	-16.2436	157554
Dakar	14.6937	-17.4441	2646503
Bargny Guèdj	14.6870	-17.2281	51188
Bargny	14.6971	-17.2301	69242
Bargny Ngoude	14.6941	-17.2353	51188
Guédiawaye	14.7745	-17.4021	329659
Rufisque est	14.7162	-17.2728	221066
Ruqi	9.9729	43.4276	148702
Qoryooley	1.7878	44.5300	51720
Mogadishu	2.0371	45.3438	2587183
Marka	1.7159	44.7717	230100
Kismayo	-0.3582	42.5454	234852
Kaambooni	-1.6377	41.5866	79000
Hargeysa	9.5600	44.0650	477876
Gebiley	9.7003	43.6244	77320
Garoowe	8.4021	48.4828	57300
Gaalkacyo	6.7697	47.4308	61200
El Dibir	11.7667	51.2167	200000
Cabudwaaq	6.2458	46.2247	120000
Burao	9.5221	45.5336	99270
Bosaso	11.2842	49.1816	74287
Borama	9.9361	43.1828	597842
Berbera	10.4396	45.0143	242344
Beledweyne	4.7358	45.2036	55410
Baidoa	3.1138	43.6498	129839
Afgooye	2.1381	45.1212	65461
Balanbale	5.7690	45.7630	68000
Laascaanood	8.4774	47.3597	60100
Beled Hawo	3.9284	41.8800	73000
Paramaribo	5.8664	-55.1668	223757
Yei	4.0944	30.6764	260720
Winejok	9.0122	27.5708	300000
Wau	7.7011	27.9897	127384
Malakal	9.5334	31.6605	160765
Kuacjok	8.3028	27.9800	78000
Juba	4.8517	31.5825	450000
São Tomé	0.3376	6.7299	53300
Usulután	13.3447	-88.4399	51910
Soyapango	13.7102	-89.1399	329708
Sonsonate	13.7173	-89.7230	59468
Santa Ana	13.9883	-89.5568	176661
San Salvador	13.6893	-89.1872	525990
San Miguel	13.4826	-88.1821	247126
San Marcos	13.6611	-89.1825	54615
Santa Tecla	13.6774	-89.2833	124694
Mejicanos	13.7240	-89.1880	160317
Delgado	13.7217	-89.1687	71594
Apopa	13.8072	-89.1792	112158
Ţarţūs	34.8890	35.8866	458327
Tadmur	34.5624	38.2840	51015
As Salamīyah	35.0113	37.0532	94887
Kabbasin	36.4327	37.5686	51230
al-Yarmūk	33.4699	36.3018	99999
Muadamiyat al-Sham	33.4647	36.2017	52738
Manbij	36.5281	37.9549	99497
Jaramānā	33.4862	36.3461	99999
Jablah	35.3621	35.9276	65915
Idlib	35.9306	36.6339	128840
Homs	34.7240	36.7256	775404
Ḩamāh	35.1318	36.7578	460602
Aleppo	36.2012	37.1612	2098210
Dūmā	33.5718	36.4027	111864
Damascus	33.5102	36.2913	1569394
Deir ez-Zor	35.3359	40.1408	271800
Dārayyā	33.4584	36.2326	71596
Dar‘ā	32.6189	36.1021	97969
Babīlā	33.4710	36.3308	50880
I‘zāz	36.5866	37.0463	66138
‘Ayn al ‘Arab	36.8909	38.3535	50000
At Tall	33.6103	36.3107	55561
Al-Tabqa	35.8376	38.5483	87880
As-Suwayda	32.7090	36.5695	59052
As Safīrah	36.0770	37.3725	63708
Ar Rastan	34.9267	36.7324	53152
Ar Raqqah	35.9528	39.0079	531952
Al Qāmishlī	37.0521	41.2314	184231
Al Mayādīn	35.0198	40.4515	54534
Latakia	35.5312	35.7909	709000
Al Ḩasakah	36.5024	40.7477	422445
Al Bāb	36.3705	37.5157	130745
Ālbū Kamāl	34.4523	40.9185	57572
Mbabane	-26.3167	31.1333	76218
Manzini	-26.4988	31.3800	110537
Goz Beida	12.2264	21.4098	58941
Am Timan	11.0433	20.2834	74691
Abéché	13.8292	20.8324	139983
Sarh	9.1456	18.3833	138928
Pala	9.3646	14.9072	70677
N'Djamena	12.1067	15.0444	1359526
Moundou	8.5744	16.0772	196124
Mongo	12.1851	18.6884	53768
Mao	14.1229	15.3119	50681
Koumra	8.9159	17.5505	54109
Kelo	9.3086	15.8066	82677
Doba	8.6639	16.8532	70942
Déressia	9.7602	16.2698	50113
Bongor	10.2809	15.3742	63699
Bol	13.4673	14.7135	51389
Tsévié	6.4261	1.2133	55775
Sokodé	8.9833	1.1333	117811
Lomé	6.1287	1.2215	2188376
Kpalimé	6.9000	0.6333	75084
Kara	9.5511	1.1861	104207
Dapaong	10.8622	0.2076	58071
Bassar	9.2502	0.7821	61845
Atakpamé	7.5333	1.1333	80683
Ban Talat Yai	7.8848	98.4001	52192
Trang	7.5563	99.6114	66713
Tha Maka	13.9000	99.7667	52907
Surat Thani	9.1401	99.3331	132040
Ratchaburi	13.5367	99.8171	92448
Phuket	7.8906	98.3981	79308
Nakhon Si Thammarat	8.4333	99.9667	102152
Lampang	18.2923	99.4928	156139
Kanchanaburi	14.0041	99.5483	63699
Kamphaeng Phet	16.4834	99.5215	58787
Hua Hin	12.5707	99.9588	126355
Chumphon	10.4957	99.1797	55835
Chiang Rai	19.9086	99.8325	78756
Chiang Mai	18.7904	98.9847	127240
Ko Samui	9.5357	99.9357	50000
Ban Ko Sire	7.8875	98.4257	71284
Ban Pong	13.8163	99.8774	57559
Nong Prue	14.6078	99.4578	79258
Ban I Chang	13.7106	99.8962	119858
Ban Mai	7.2041	100.5451	86899
Yan Nawa	13.6963	100.5421	81521
Yala	6.5400	101.2813	93558
Uttaradit	17.6256	100.0942	58313
Udon Thani	17.4157	102.7859	130531
Ubon Ratchathani	15.2384	104.8487	122533
Thon Buri	13.7250	100.4851	119708
Taling Chan	13.7770	100.4567	105299
Suphan Buri	14.4742	100.1222	53399
Songkhla	7.1988	100.5951	61758
Si Racha	13.1728	100.9316	178916
Si Maha Phot	13.9656	101.5135	100563
Sattahip	12.6663	100.9018	65444
Saraburi	14.5333	100.9167	67763
Samut Sakhon	13.5475	100.2736	63498
Samut Prakan	13.5976	100.5972	388920
Sakon Nakhon	17.1612	104.1472	76237
Rayong	12.6809	101.2580	106737
Rat Burana	13.6816	100.5059	86695
Prachantakham	14.0637	101.5155	59696
Pom Prap Sattru Phai	13.7582	100.5132	51006
Phra Pradaeng	13.6585	100.5336	196129
Phra Phutthabat	14.7261	100.7958	57008
Phra Nakhon Si Ayutthaya	14.3517	100.5774	50830
Phra Khanong	13.7019	100.6016	90354
Phitsanulok	16.8248	100.2586	62584
Phetchabun	16.4190	101.1606	50656
Phasi Charoen	13.7147	100.4369	122070
Pak Kret	13.9118	100.4977	190272
Mueang Nonthaburi	13.8607	100.5148	254375
Nong Khai	17.8785	102.7420	63609
Nong Khaem	13.7059	100.3492	150218
Nong Chok	13.8559	100.8622	157138
Nakhon Sawan	15.7047	100.1372	82305
Nakhon Ratchasima	14.9707	102.1020	126391
Nakhon Pathom	13.8196	100.0443	117927
Maha Sarakham	16.1848	103.3007	51584
Lop Buri	14.7981	100.6540	57761
Bangkok	13.7540	100.5014	5104476
Krathum Baen	13.6533	100.2597	72819
Klaeng	12.7800	101.6491	55619
Khon Kaen	16.4467	102.8330	114459
Khlong San	13.7301	100.5087	73263
Khlong Luang	14.0647	100.6458	118551
Kalasin	16.4328	103.5066	55102
Kabin Buri	13.9513	101.7174	140056
Hat Yai	7.0084	100.4767	191696
Dusit	13.7771	100.5196	107655
Chon Buri	13.3622	100.9835	219164
Chanthaburi	12.6096	102.1045	99819
Chaiyaphum	15.8105	102.0288	58350
Ban Tha Kham	13.6375	100.4413	61011
Ban Samae Dam	13.5896	100.3873	125133
Pattaya	12.9333	100.8833	116417
Na Di	14.1157	101.7821	57466
Ban Lam Luk Ka	13.9774	100.7778	60700
Ban Khlong Prawet	13.7190	100.6815	160671
Bang Rak	13.7306	100.5239	99273
Bang Kruai	13.8050	100.4728	78305
Bangkok Yai	13.7232	100.4760	72321
Bangkok Noi	13.7627	100.4780	117793
Bang Khun Thian	13.6630	100.4342	165491
Bang Kapi	13.7653	100.6470	147800
Bang Phlat	13.7942	100.5045	92325
Bang Na	13.6674	100.6421	95912
Laem Chabang	13.0877	100.8843	88271
Din Daeng	13.7904	100.5701	130220
Bang Sue	13.8109	100.5306	125440
Khlong Toei	13.7101	100.5819	109041
Lat Krabang	13.7220	100.7847	163175
Bang Khae	13.6930	100.4076	193002
Bueng Kum	13.7853	100.6696	145830
Chatuchak	13.8290	100.5593	160906
Chom Thong	13.6772	100.4841	158005
Huai Khwang	13.7768	100.5790	78175
Khan Na Yao	13.8256	100.6774	88678
Lak Si	13.8872	100.5792	109770
Lat Phrao	13.8034	100.6070	122182
Pathum Wan	13.7370	100.5233	53263
Phaya Thai	13.7803	100.5426	70238
Ratchathewi	13.7590	100.5336	73035
Sai Mai	13.9207	100.6455	188123
Saphan Sung	13.7700	100.6848	89825
Sathon	13.7085	100.5262	84916
Suan Luang	13.7303	100.6514	115658
Thawi Watthana	13.7832	100.3781	76351
Thung Khru	13.6285	100.5095	116473
Wang Thonglang	13.7855	100.6116	114768
Watthana	13.7298	100.5854	171150
Ban Lak Song	13.6893	100.3981	52144
Bang Bon	13.6618	100.3957	105161
Phra Nakhon	13.7651	100.4986	51231
Sathorn	13.7500	100.5168	79624
Huamak	13.7578	100.6474	67798
Latkrabang	13.7278	100.7461	173987
Khlong Sam Wa	13.8714	100.7372	169489
Khlong Chan	13.7813	100.6451	76934
Bang Khae Nuea	13.7055	100.3893	59821
Tha Raeng	13.8685	100.6453	97658
Anusawari	13.8947	100.6142	94550
Bang Sue subdistrict	13.8064	100.5306	79405
Wat Tha Phra	13.7346	100.4761	53111
Khlong Kum	13.7884	100.6803	69071
Istaravshan	39.9142	69.0033	273500
Bokhtar	37.8365	68.7776	110800
Kŭlob	37.9146	69.7845	214700
Dushanbe	38.5358	68.7790	679400
Khujand	40.2826	69.6222	191000
Konibodom	40.2941	70.4312	211100
Isfara	40.1265	70.6253	274000
Dili	-8.5586	125.5736	150000
Balkanabat	39.5108	54.3671	87822
Ashgabat	37.9500	58.3833	1030063
Türkmenbaşy	40.0222	52.9552	91745
Daşoguz	41.8362	59.9666	201142
Tejen	37.3834	60.5055	67488
Mary	37.5938	61.8303	167027
Türkmenabat	39.0733	63.5786	230861
Bayramaly	37.6185	62.1671	70376
Oued Lill	36.8341	10.0406	66100
Tunis	36.8190	10.1658	693210
Tataouine	32.9297	10.4518	66924
Sousse	35.8254	10.6370	221715
Sukrah	36.8774	10.2468	159862
Sakiet ez Zit	34.8019	10.7636	100000
Sakiet ed Daier	34.7944	10.8062	125204
Skanes	35.7749	10.7946	64222
Sfax	34.7406	10.7603	280566
Radès	36.7695	10.2747	72209
Korba	36.5786	10.8586	65542
Kélibia	36.8476	11.0939	62993
Ksar Hellal	35.6477	10.8905	55415
Gafsa	34.4250	8.7842	95242
Gabès	33.8815	10.0982	110075
Nabeul	36.4561	10.7376	70437
Msaken	35.7292	10.5808	89745
Menzel Bourguiba	37.1537	9.7859	58800
Medenine	33.3550	10.5055	71406
Jendouba	36.5011	8.7802	51408
Zarzis	33.5040	11.1121	79316
Djemmal	35.6223	10.7570	55285
Houmt Souk	33.8758	10.8575	89228
Feriana	34.9453	8.5679	75000
Ben Gardane	33.1378	11.2196	87404
Ben Arous	36.7545	10.2217	88322
Le Bardo	36.8106	10.1348	71961
Bizerte	37.2744	9.8739	138430
Béja	36.7256	9.1817	61568
Sīdī Ḥusayn	36.7558	10.1183	130255
Aryanah	36.8601	10.1934	114486
Kairouan	35.6781	10.0963	139070
Kasserine	35.1676	8.8365	84365
Kelaa Kebira	35.8728	10.5372	63264
Monastir	35.7780	10.8262	93306
Moknine	35.6333	10.9000	62802
La Mohammedia	36.6745	10.1563	66593
La Marsa	36.8782	10.3247	92987
El Mgarsa	33.8168	10.9923	63528
Mahdia	35.5047	11.0622	51803
Le Kram	36.8358	10.3164	88302
El Kef	36.1742	8.7049	53596
Hammamet	36.4000	10.6167	106326
Douane	36.4477	10.7557	60192
Rawad	36.8948	10.1860	94961
El Mourouj	36.7136	10.2096	120732
Mnihla	36.8477	10.1108	58641
Douar Hicher	36.8266	10.0897	82532
Ettadhamen	36.8325	10.1099	84312
Yüksekova	37.5736	44.2872	71729
Yozgat	39.8200	34.8044	87881
Viranşehir	37.2235	39.7552	154163
Van	38.4946	43.3832	525016
Uşak	38.6735	29.4058	369433
Urla	38.3229	26.7640	62989
Şanlıurfa	37.1671	38.7939	449549
Arsuz	36.4130	35.8903	109550
Turgutlu	38.4953	27.6997	103292
Torbalı	38.1820	27.3350	50303
Tavşanlı	39.5424	29.4987	52182
Tatvan	38.4922	42.2827	73222
Tarsus	36.9177	34.8928	350732
Suruç	36.9761	38.4253	101178
Sorgun	39.8101	35.1860	62862
Soma	39.1855	27.6094	98714
Söke	37.7482	27.4061	68230
Siverek	37.7550	39.3167	175341
Sivas	39.7483	37.0161	264022
Şırnak	37.5139	42.4543	67662
Silvan	38.1371	41.0082	65956
Silopi	37.2438	42.4635	114645
Silifke	36.3778	33.9344	132665
Siirt	37.9293	41.9413	114034
Seydişehir	37.4193	31.8453	51089
Samandağ	36.0801	35.9760	123447
Salihli	38.4826	28.1477	119311
Reyhanlı	36.2679	36.5675	56995
Polatlı	39.5772	32.1413	93262
Patnos	39.2249	42.8569	87451
Osmaniye	37.0742	36.2478	202837
Ödemiş	38.2278	27.9696	67153
Nusaybin	37.0703	41.2146	88977
Nizip	37.0097	37.7942	82308
Niğde	37.9658	34.6793	91039
Nevşehir	38.6250	34.7122	75527
Nazilli	37.9163	28.3223	119370
Muş	38.7316	41.4848	82536
Muğla	37.2181	28.3665	92328
Midyat	37.4191	41.3391	76268
Mersin	36.8120	34.6389	537842
Menemen	38.6075	27.0694	53489
Mardin	37.3131	40.7436	129864
Manisa	38.6120	27.4265	243971
Manavgat	36.7867	31.4409	99254
Malatya	38.3502	38.3167	750491
Kütahya	39.4242	29.9833	185008
Kuşadası	37.8601	27.2571	63177
Kozan	37.4552	35.8157	88115
Konya	37.8713	32.4846	1433861
Konak	38.4000	27.1000	332277
Kızıltepe	37.1884	40.5772	150174
Kırşehir	39.1458	34.1639	150700
Kırıkkale	39.8453	33.5064	186960
Kırıkhan	36.4994	36.3576	60916
Kilis	36.7161	37.1150	111648
Kayseri	38.7322	35.4853	1452458
Karşıyaka	38.4577	27.1142	339624
Karaman	37.1811	33.2150	175390
Ağrı	39.7147	43.0401	124483
Kâhta	37.7855	38.6237	97875
Kahramanmaraş	37.5847	36.9264	384953
Kadirli	37.3739	36.0961	70248
İzmir	38.4127	27.1384	2938292
Isparta	37.7644	30.5522	172334
İskenderun	36.5872	36.1735	251682
Iğdır	39.9237	44.0450	101700
Gölbaşı	39.7904	32.8090	165201
Gaziantep	37.0594	37.3825	2222415
Fethiye	36.6404	29.1276	60437
Eskişehir	39.7767	30.5206	921630
Erzurum	39.9086	41.2769	767848
Erzincan	39.7392	39.4901	150714
Ergani	38.2690	39.7545	52684
Ereğli	37.5133	34.0467	156253
Erciş	39.0259	43.3596	91915
Elbistan	38.2059	37.1983	80456
Elazığ	38.6743	39.2232	443363
Dörtyol	36.8392	36.2302	56513
Doğubayazıt	39.5469	44.0842	70171
Diyarbakır	37.9136	40.2172	1833684
Denizli	37.7742	29.0875	313238
Hakkâri	37.5744	43.7408	77699
Cizre	37.3302	42.1848	134041
Ceyhan	37.0247	35.8175	96303
Çiğli	38.4965	27.0703	214065
Burdur	37.7203	30.2908	95436
Bozüyük	39.9078	30.0367	55365
Bornova	38.4792	27.2399	452479
Bolvadin	38.7111	31.0486	55870
Bitlis	38.4012	42.1078	53023
Bismil	37.8451	40.6593	74493
Bingöl	38.8847	40.4939	128935
Bergama	39.1207	27.1805	57200
Belek	36.8631	31.0654	73260
Batman	37.8874	41.1322	452157
Balıkesir	39.6492	27.8861	238151
Ayvalık	39.3193	26.6934	70002
Aydın	37.8450	27.8396	163022
Antalya	36.9081	30.6956	1335002
Antakya	36.2066	36.1572	399045
Ankara	39.9199	32.8543	3517182
Anamur	36.0751	32.8369	57128
Alanya	36.5438	31.9998	364180
Akşehir	38.3575	31.4164	64446
Aksaray	38.3725	34.0254	327575
Akhisar	38.9185	27.8401	84659
Akçapınar	38.9473	38.9423	84366
Ahlat	38.7489	42.4801	64695
Afyonkarahisar	38.7567	30.5433	251799
Adıyaman	37.7644	38.2763	290883
Adilcevaz	38.7991	42.7316	52781
Adana	36.9862	35.3253	1816750
Batikent	39.9683	32.7308	300000
Zonguldak	41.4514	31.7931	101749
Zile	40.3031	35.8864	55680
Zeytinburnu	40.9944	28.9042	280896
Körfez	40.7670	29.7828	90580
Yalova	40.6550	29.2769	71289
Üsküdar	41.0227	29.0137	524452
Ünye	41.1405	37.2885	77585
Umraniye	41.0164	29.1248	573265
Turhal	40.3875	36.0811	110884
Trabzon	41.0050	39.7269	244083
Tokat	40.3139	36.5544	129702
Tekirdağ	40.9781	27.5110	122287
Şişli	41.0605	28.9872	314684
Silivri	41.0739	28.2464	53167
Samsun	41.2798	36.3361	394050
Rize	41.0208	40.5219	119828
Orhangazi	40.4892	29.3089	51792
Ordu	40.9778	37.8905	229214
Mustafakemalpaşa	40.0382	28.4087	101412
Merzifon	40.8733	35.4631	50658
Maltepe	40.9357	29.1551	427040
Lüleburgaz	41.4017	27.3575	90899
Küçükçekmece	40.9910	28.7712	792030
Kırklareli	41.7351	27.2252	58223
Kavaklı	41.0926	28.3317	50502
Kastamonu	41.3781	33.7753	125622
Kars	40.5983	43.0855	91450
Karabük	41.2049	32.6277	125403
İzmit	40.7650	29.9293	196571
Istanbul	41.0138	28.9497	15701602
İnegol	40.0781	29.5133	133959
Gölcük	40.7150	29.8182	56189
Giresun	40.9170	38.3874	125682
Gemlik	40.4309	29.1597	71063
Gebze	40.8028	29.4307	281436
Fatsa	41.0289	37.4998	82160
Fatih	41.0225	28.9408	356025
Esenyurt	41.0270	28.6773	983571
Esenler	41.0435	28.8762	520235
Ereğli	41.2826	31.4181	88848
Erbaa	40.6689	36.5675	52185
Eminönü	41.0175	28.9710	55548
Edirne	41.6772	26.5560	180002
Düzce	40.8389	31.1639	194097
Derince	40.7569	29.8147	125485
Çubuk	40.2386	33.0322	62602
Çorum	40.5489	34.9533	269595
Çorlu	41.1607	27.8009	202578
Çerkezköy	41.2863	27.9994	84234
Çarşamba	41.1989	36.7219	50459
Çankırı	40.5999	33.6153	90564
Çanakkale	40.1555	26.4127	143622
Bursa	40.1956	29.0601	3101833
Bolu	40.7358	31.6061	184682
Bilecik	40.1419	29.9793	74457
Biga	40.2281	27.2422	61066
Bartın	41.6358	32.3375	81692
Bandırma	40.3522	27.9767	107631
Bağcılar	41.0390	28.8567	740069
Bafra	41.5679	35.9031	92944
Arnavutköy	41.1835	28.7402	198165
Ardeşen	41.1906	40.9793	67965
Amasya	40.6533	35.8331	114921
Adapazarı	40.7806	30.4033	286787
Merter Keresteciler	41.0129	28.8859	50000
Güngören Merter	41.0071	28.8880	50000
Ataşehir	40.9833	29.1167	361615
Başakşehir	41.1060	28.7910	193750
Beylikdüzü	40.9820	28.6399	415290
Büyükçekmece	41.0207	28.5850	163140
Çankaya	39.9179	32.8627	792189
Bahçelievler	41.0023	28.8598	576799
Sultangazi	41.1065	28.8685	436935
Sultanbeyli	40.9607	29.2707	358201
Sancaktepe	41.0024	29.2319	489848
Karabağlar	38.3820	27.1320	479338
Muratpaşa	36.8916	30.7650	450000
Nilüfer	40.2140	28.9157	536365
Merkezefendi	37.8054	29.0424	280341
San Fernando	10.2797	-61.4684	55419
Mon Repos	10.2798	-61.4459	56380
Chaguanas	10.5167	-61.4167	67433
Douliu	23.7094	120.5433	107924
Yongkang	23.0244	120.2556	233730
Yuanlin	23.9567	120.5761	124725
Yingge	24.9561	121.3507	87920
Wufeng	24.0637	120.6980	65567
Caotun	23.9770	120.6877	96838
Toufen	24.6875	120.9094	106310
Danshui	25.1720	121.4429	189271
Taitung	22.7599	121.1446	103260
Taipei	25.0531	121.5264	7871900
Xinying	23.3069	120.3106	74972
Tainan	22.9908	120.2133	1856642
Taichung	24.1469	120.6839	2850285
Daxi	24.8837	121.2904	94222
Shulin	24.9908	121.4220	180044
Banqiao	25.0143	121.4672	551221
Sanxia	24.9345	121.3714	115185
Puli	23.9664	120.9695	86406
Bade	24.9298	121.2837	209148
Neili	24.9725	121.2614	112845
Neihu	25.0815	121.5881	274538
Nantou	23.9157	120.6639	105682
Miaoli	24.5643	120.8237	86327
Magong	23.5654	119.5863	63745
Fengshan	22.6266	120.3613	356463
Kaohsiung	22.6163	120.3133	2737660
Yilan	24.7570	121.7530	94188
Hualien City	23.9769	121.6044	99458
Hsinchu	24.8036	120.9686	453536
Xihu	23.9568	120.4792	54033
Xizhi	25.0662	121.6599	204619
Zhudong	24.7317	121.0908	96518
Zhubei	24.8383	121.0078	212695
Keelung	25.1309	121.7409	362487
Chiayi City	23.4792	120.4489	263188
Chaozhou	22.5499	120.5407	53338
Chang-hua	24.0733	120.5628	226564
Changhua	24.0692	120.5512	226564
Taoyuan	24.9937	121.2970	475798
New Taipei City	25.0620	121.4570	4004367
Zanzibar	-6.1639	39.1979	709809
Vwawa	-9.1081	32.9347	85000
Vikindu	-7.0067	39.2985	70000
Uyovu	-3.2833	31.5258	60849
Utengule	-8.9000	33.3333	50000
Ushirombo	-3.4919	31.9639	95052
Tunduma	-9.3000	32.7667	219309
Tukuyu	-9.2500	33.6500	50000
Tarime	-1.3500	34.3667	133043
Tanga	-5.0689	39.0988	393429
Tabora	-5.0162	32.8266	308741
Sumbawanga	-7.9667	31.6167	303986
Singida	-4.8163	34.7436	232459
Shinyanga	-3.6639	33.4212	139727
Sengerema	-2.6667	32.6500	110000
Nzega	-4.2167	33.1833	125193
Njombe	-9.3492	34.7717	92537
Mwanza	-2.5167	32.9000	1104521
Musoma	-1.5000	33.8000	164172
Mpanda	-6.3438	31.0695	204338
Moshi	-3.3500	37.3333	221733
Morogoro	-6.8210	37.6612	471409
Mbeya	-8.9000	33.4500	541603
Masumbwe	-3.6333	32.1833	50000
Makumbako	-8.8500	34.8333	116232
Korogwe	-5.1500	38.4833	62032
Kondoa	-4.9000	35.7833	80443
Kilosa	-6.8333	36.9833	91889
Kigoma	-4.8769	29.6267	232388
Kibaha	-6.7667	38.9167	265360
Katumba	-9.2333	33.6167	108558
Katoro	-2.9998	31.9326	75000
Kasulu	-4.5767	30.1025	238321
Kahama	-3.8333	32.6000	453654
Iringa	-7.7667	35.7000	202490
Ifakara	-8.1333	36.6833	205843
Handeni	-5.4333	38.0167	108968
Geita	-2.8725	32.2325	318006
Dodoma	-6.1722	35.7395	765179
Dar es Salaam	-6.8235	39.2695	5383728
Chake Chake	-5.2459	39.7666	52047
Buseresere	-3.0488	31.8854	52870
Bunda	-2.0215	33.8711	182970
Bukoba	-1.3317	31.8122	144938
Bariadi	-2.8000	33.9833	260927
Bagamoyo	-6.4422	38.9042	82426
Babati	-4.2167	35.7500	67445
Arusha	-3.3667	36.6833	617631
Songea	-10.6833	35.6500	286285
Mtwara	-10.2667	40.1833	140793
Mbinga	-10.9333	35.0167	60868
Masasi	-10.7167	38.8000	89700
Lindi	-9.9971	39.7165	95096
Merelani	-3.5618	36.9789	50000
Kibaigwa	-6.0812	36.6466	50054
Mafinga	-8.3002	35.2937	99305
Druzhkivka	48.6200	37.5254	53977
Zhytomyr	50.2623	28.6791	261624
Zaporizhzhya	47.8517	35.1171	710052
Yevpatoriya	45.2009	33.3665	107040
Yenakiyeve	48.2386	38.2040	76673
Yalta	44.5022	34.1662	77003
Vyhurivshchyna-Troyeshchyna	50.5114	30.6025	240000
Vinnytsya	49.2322	28.4687	430091
Uzhhorod	48.6242	22.2947	115449
Uman	48.7501	30.2194	81525
Chystyakove	48.0388	38.5969	53462
Ternopil	49.5540	25.5907	225238
Siverskodonetsk	48.9441	38.4875	99067
Dovzhansk	48.0761	39.6474	62691
Sumy	50.9174	34.7991	256474
Stryi	49.2610	23.8484	61404
Kadiyivka	48.5682	38.6435	73248
Sotsmisto	48.7366	37.5907	53370
Snizhne	48.0233	38.7621	55587
Smila	49.2330	31.8843	66475
Slovyansk	48.8497	37.5974	105141
Simferopol	44.9572	34.1108	336460
Sykhiv	49.7943	24.0628	151131
Shostka	51.8643	33.4728	73197
Shakhtarsk	48.0566	38.4383	71700
Sevastopol	44.6080	33.5213	547820
Rubizhne	49.0085	38.3797	55247
Rivne	50.6204	26.2370	243873
Pryluky	50.5953	32.3838	52553
Poltava	49.5892	34.5537	279593
Voznesenskyi	47.9316	37.6297	85399
Pervomaysk	48.0448	30.8478	62426
Pavlohrad	48.5321	35.8688	101430
Oleksandriya	48.6747	33.1176	76097
Odesa	46.4857	30.7438	1010537
Samar	48.6289	35.2589	70550
Zvyahel	50.5914	27.6088	55925
Nizhyn	51.0477	31.8884	66983
Nyzhnodniprovsk	48.4755	35.1167	160123
Nikopol	47.5683	34.3913	105160
Mykolayiv	46.9763	31.9930	470011
Mukachevo	48.4425	22.7180	85569
Melitopol	46.8473	35.3820	148851
Mariupol	47.0951	37.5413	230000
Makiyivka	48.0478	37.9258	338968
Lviv	49.8383	24.0232	717273
Lutsk	50.7578	25.3502	215986
Luhansk	48.5681	39.3055	397677
Lozova	48.8907	36.3141	54026
Lysychansk	48.9121	38.4209	93340
Kyiv	50.4547	30.5238	2952301
Kryvyy Rih	47.9057	33.3940	603904
Kryukiv	49.0289	33.4385	75578
Kremenchuk	49.0625	33.4048	224997
Khrustalnyi	48.1424	38.9237	79533
Pokrovsk	48.2801	37.1771	60127
Kramatorsk	48.7311	37.5678	147145
Kovel	51.2155	24.7008	67575
Korosten	50.9512	28.6386	61496
Korabelna Storona	44.6095	33.5435	66686
Kostyantynivka	48.5273	37.7059	67350
Konotop	51.2325	33.2004	84787
Kolomyia	48.5250	25.0371	60821
Kropyvnytskyi	48.5083	32.2662	219676
Khmelnytskyi	49.4183	26.9794	274452
Kherson	46.6369	32.6146	66000
Khartsyzk	48.0428	38.1403	56182
Kharkiv	49.9818	36.2548	1421125
Kerch	45.3567	36.4754	148932
Kamyanets-Podilskyi	48.6788	26.5852	97908
Kalush	49.0240	24.3721	65088
Izmayil	45.3506	28.8375	69932
Ivano-Frankivsk	48.9231	24.7125	238196
Irpin	50.5220	30.2404	65167
Inhulets	47.7301	33.2519	62173
Chornomors’k	46.2991	30.6553	57983
Horlivka	48.2999	38.0171	239828
Feodosiya	45.0320	35.3815	68562
Enerhodar	47.4905	34.6620	52887
Drohobych	49.3520	23.5112	73682
Donetsk	48.0230	37.8022	901645
Dnipro	48.4666	35.0407	968502
Kamyanske	48.5172	34.6062	226845
Sheptytskyi	50.3940	24.2394	64297
Chernivtsi	48.2904	25.9324	264298
Chernihiv	51.5054	31.2866	282747
Cherkasy	49.4445	32.0574	269836
Brovary	50.5110	30.7911	109806
Boryspil	50.3505	30.9526	64117
Bohuniya	50.2769	28.6096	147324
Bila Tserkva	49.7994	30.1165	207273
Berdychiv	49.8942	28.5824	73046
Berdyansk	46.7558	36.7882	106311
Bakhmut	48.5942	37.9989	80500
Antratsyt	48.1164	39.0886	52150
Alchevsk	48.4691	38.7974	106062
Saltivka	50.0221	36.3490	409300
Obolon	50.5132	30.5055	239500
Cheremushky	46.4325	30.7115	120000
Livyi Bereh	48.5938	34.5603	71809
Borshchahivka	50.4316	30.3899	179900
Avtozavodskyi	49.0975	33.4321	157382
Oleksiyivka	50.0452	36.1932	100500
Holosiyiv	50.3443	30.5518	62200
Pechersk	50.4444	30.5235	100900
Svyatoshyn	50.4634	30.3461	53000
Dniprovskyi	50.4537	30.6015	357900
Desna	50.5221	30.6823	368500
Shevchenkivskyi	50.4641	30.4658	220077
Fortechnyi	48.4986	32.2537	167451
Podilskyi	48.5036	32.2803	86652
Bohodukhivskyi	47.9669	37.8625	90600
Yuzivskyi	48.0000	37.8001	94228
Kalynivskyi	48.0074	37.8538	103249
Kyivskyi	48.0465	37.7757	139177
Rutchenkivskyi	47.9760	37.6968	168029
Bosse	47.9552	37.8003	50000
Oleksandrivskyi	47.9679	37.8034	100330
Chumakivskyi	47.9567	37.9419	103005
Tekstylnyk	47.9459	37.6985	75000
Kyivskyi	49.6090	34.5293	110600
Shevchenko	49.5645	34.5387	147600
Rayon KhTZ	49.9435	36.3696	131000
Pravyi Bereh	47.1150	37.5852	352088
Nyvky	50.4646	30.4059	71700
Pozniaky	50.4026	30.6235	104400
Darnytsya	50.4160	30.6953	343384
Voskresenka	50.4848	30.6032	84200
Vynohradar	50.5143	30.4245	57500
Vidradnyi	50.4319	30.4223	69800
Chokolivka	50.4244	30.4473	73600
Darnytskyi Masyv	50.4431	30.6276	68900
Lisovyi Masyv	50.4725	30.6311	87300
Shulyavka	50.4536	30.4531	62200
Mykilska Borshchahivka	50.4264	30.3744	127400
Kharkivskyi Masyv	50.4085	30.6601	93700
Smolyanskyi	48.0144	37.7359	116779
Tsentralno-Miskyi	48.0617	37.9716	94417
Khanzhonkivskyi	48.0951	38.0420	53040
Hruzkyi	48.0651	37.9362	52265
Hirnytskyi	48.0211	37.9691	107216
Berestovskyi	48.0443	37.8765	80671
Shevchenkivskyi	48.5635	39.3322	87516
Verhunskyi	48.5857	39.3716	185593
Vilkhivskyi	48.5433	39.2820	126340
Kovpakivskyi	50.9251	34.7948	142447
Zarichnyi	50.9038	34.8093	150694
Tsentralno-Miskyi	48.3024	38.0316	118283
Kindrativskyi	48.3028	38.0547	101565
Mykytivskyi	48.3142	38.0038	70474
Tsentralnyi	47.0983	37.5484	179582
Kalmiuskyi	47.1105	37.5438	101498
Livoberezhnyi	47.1093	37.6431	122175
Prymorskyi	47.0710	37.4997	71008
Desnyanskyi	51.5063	31.3168	179600
Novozavodskyi	51.4893	31.2563	179600
Korolyov	50.2449	28.7001	114034
Skhidni Kvartaly	48.5662	39.3826	102500
Pivdenna Borshchahivka	50.4106	30.4040	50500
Industrialnyi	49.9546	36.3691	157900
Kyivskyi	50.0448	36.2888	182900
Nemyshlyanskyi	49.9644	36.3338	144200
Novobavarskyi	49.9514	36.1650	108100
Osnovyanskyi	49.9366	36.2413	93000
Saltivskyi	49.9990	36.3160	302600
Slobidskyi	49.9448	36.2813	146850
Kholodna Hora	50.0042	36.1762	89000
Shevchenkivskyi	50.0202	36.2247	220660
Wakiso	0.4044	32.4594	87900
Soroti	1.7146	33.6111	60900
Rutoma	-0.5667	30.3833	86100
Njeru	0.4417	33.1792	178800
Mukono	0.3533	32.7553	191300
Mubende	0.5585	31.3949	121600
Mpondwe	0.0401	29.7248	58600
Mityana	0.4175	32.0228	105200
Mbarara	-0.6047	30.6485	221300
Mbale	1.0821	34.1750	111300
Masindi	1.6744	31.7150	110500
Masaka	-0.3338	31.7341	116600
Lugazi	0.3679	32.9376	128400
Lira	2.2499	32.8999	119323
Kotido	2.9806	34.1331	75700
Koboko	3.4136	30.9599	64500
Kitgum	3.2783	32.8867	56891
Kira	0.4000	32.6333	462900
Katabi	0.0841	32.4697	154300
Kasese	0.1833	30.0833	115400
Kasangati	0.4380	32.6025	207800
Kapchorwa	1.4010	34.4504	51200
Kamuli	0.9472	33.1197	67800
Kampala	0.3163	32.5822	1680600
Kajansi	0.2155	32.5345	135600
Kabale	-1.2486	29.9899	53200
Jinja	0.4390	33.2032	93061
Iganga	0.6092	33.4686	65500
Ibanda	-0.1340	30.4962	117700
Hoima	1.4331	31.3524	122700
Gulu	2.7746	32.2990	177400
Fort Portal	0.6617	30.2748	60800
Entebbe	0.0562	32.4795	102600
Bwizibwera	-0.5917	30.6286	79157
Busia	0.4659	34.0922	64900
Bunamwaya	0.2534	32.5572	413400
Arua	3.0201	30.9110	72400
Apac	1.9756	32.5386	67700
Nakivale Refugee Camp	-0.7406	30.9963	68400
Kyengera	0.2952	32.5016	285400
Nansana	0.3639	32.5286	532800
Birmingham	33.5207	-86.8025	196357
Cordova	35.1557	-89.7762	68779
Decatur	34.6059	-86.9833	55437
Dothan	31.2232	-85.3905	68567
Hoover	33.4054	-86.8114	84848
Huntsville	34.7304	-86.5859	215006
Mobile	30.6944	-88.0430	183289
Montgomery	32.3668	-86.3000	195287
Tuscaloosa	33.2098	-87.5692	111338
Conway	35.0887	-92.4421	64980
Fayetteville	36.0626	-94.1574	82830
Fort Smith	35.3859	-94.3986	88194
Jonesboro	35.8423	-90.7043	73907
Little Rock	34.7465	-92.2896	202591
North Little Rock	34.7695	-92.2671	66504
Rogers	36.3320	-94.1185	63159
Springdale	36.1867	-94.1288	77859
Washington	38.8951	-77.0364	689545
Wilmington	39.7460	-75.5466	70898
Allapattah	25.8145	-80.2239	54289
Boca Raton	26.3587	-80.0831	93235
Bonita Springs	26.3398	-81.7787	51704
Boynton Beach	26.5253	-80.0664	73966
Bradenton	27.4989	-82.5748	54437
Brandon	27.9378	-82.2859	103483
Cape Coral	26.5629	-81.9495	175229
Carol City	25.9407	-80.2456	63031
Clearwater	27.9658	-82.8001	117292
Coconut Creek	26.2518	-80.1789	59302
Coral Gables	25.7215	-80.2684	51117
Coral Springs	26.2712	-80.2706	129485
Davie	26.0629	-80.2331	100882
Daytona Beach	29.2108	-81.0228	72647
Deerfield Beach	26.3184	-80.0998	79768
Delray Beach	26.4615	-80.0728	66255
Deltona	28.9005	-81.2637	88474
Doral	25.8195	-80.3553	75874
East Pensacola Heights	30.4288	-87.1800	54104
Flagami	25.7623	-80.3162	50834
Fort Lauderdale	26.1223	-80.1434	183146
Fort Myers	26.6217	-81.8406	74013
Fountainebleau	25.7729	-80.3478	59764
Gainesville	29.6516	-82.3248	145214
Hialeah	25.8576	-80.2781	237069
Hollywood	26.0112	-80.1495	149728
Homestead	25.4687	-80.4776	80737
Jacksonville	30.3322	-81.6556	1009833
Jupiter	26.9342	-80.0942	62707
Kendale Lakes	25.7082	-80.4070	56148
Kendall	25.6793	-80.3173	80241
Kissimmee	28.3047	-81.4167	69152
Lakeland	28.0395	-81.9498	104401
Largo	27.9098	-82.7884	81000
Lauderhill	26.1404	-80.2134	71579
Lehigh Acres	26.6254	-81.6248	86784
Margate	26.2445	-80.2064	57234
Melbourne	28.0836	-80.6081	84678
Miami	25.7743	-80.1937	487014
Miami Beach	25.7906	-80.1300	92312
Miami Gardens	25.9420	-80.2456	113187
Miramar	25.9873	-80.2323	137132
North Miami	25.8901	-80.1867	62435
North Port	27.0442	-82.2359	62345
Ocala	29.1872	-82.1401	58218
Orlando	28.5383	-81.3792	334854
Palm Bay	28.0345	-80.5887	119760
Palm Beach Gardens	26.8234	-80.1386	52923
Palm Coast	29.5850	-81.2078	82893
Palm Harbor	28.0781	-82.7637	57439
Pembroke Pines	26.0032	-80.2239	166611
Pensacola	30.4213	-87.2169	53724
Pine Hills	28.5578	-81.4534	60076
Pinellas Park	27.8428	-82.6995	51617
Plantation	26.1342	-80.2318	92560
Poinciana	28.1403	-81.4584	53193
Pompano Beach	26.2379	-80.1248	107762
Port Charlotte	26.9762	-82.0906	54392
Port Orange	29.1383	-80.9956	59866
Port Saint Lucie	27.2939	-80.3503	164603
Riverview	27.8661	-82.3265	71050
St. Petersburg	27.7709	-82.6793	257083
Sanford	28.8006	-81.2731	58111
Sarasota	27.3364	-82.5306	55118
Spring Hill	28.4769	-82.5255	98621
Sunrise	26.1340	-80.1131	84439
Tallahassee	30.4383	-84.2807	201731
Tamarac	26.2129	-80.2498	64681
Tamiami	25.7587	-80.3984	55271
Tampa	27.9475	-82.4584	414547
The Hammocks	25.6715	-80.4445	51003
The Villages	28.9341	-81.9599	51442
Town 'n' Country	28.0106	-82.5773	78442
Wellington	26.6587	-80.2414	62560
West Hollywood	26.0206	-80.1839	60806
West Palm Beach	26.7153	-80.0534	120932
Weston	26.1004	-80.3998	69959
Albany	31.5785	-84.1557	74843
Alpharetta	34.0754	-84.2941	63693
Athens	33.9609	-83.3779	127315
Atlanta	33.7490	-84.3880	510823
Brookhaven	33.8584	-84.3402	51910
Columbus	32.4610	-84.9877	206922
Macon	32.8407	-83.6324	91351
Marietta	33.9526	-84.5499	59067
Roswell	34.0232	-84.3616	94501
Sandy Springs	33.9243	-84.3785	105330
Savannah	32.0835	-81.0998	147780
Smyrna	33.8840	-84.5144	56146
Valdosta	30.8333	-83.2803	55724
Warner Robins	32.6157	-83.6266	73490
Decatur	39.8403	-88.9548	73254
Springfield	39.8017	-89.6437	114394
Bloomington	39.1653	-86.5264	84067
Carmel	39.9784	-86.1180	88713
Evansville	37.9748	-87.5559	119943
Fishers	39.9556	-86.0139	76794
Greenwood	39.6137	-86.1067	55586
Indianapolis	39.7684	-86.1580	887642
Terre Haute	39.4667	-87.4139	60825
Kansas City	39.1142	-94.6275	152933
Lawrence	38.9717	-95.2352	93917
Lenexa	38.9536	-94.7336	52490
Manhattan	39.1836	-96.5717	56308
Olathe	38.8814	-94.8191	134305
Overland Park	38.9822	-94.6708	186515
Shawnee	39.0417	-94.7202	65046
Topeka	39.0483	-95.6780	125963
Wichita	37.6922	-97.3375	396119
Bowling Green	36.9903	-86.4436	63616
Lexington	37.9887	-84.4777	320347
Lexington-Fayette	38.0498	-84.4586	314488
Louisville	38.2542	-85.7594	624444
Meads	38.4126	-82.7091	288649
Owensboro	37.7742	-87.1133	59042
Baton Rouge	30.4433	-91.1875	227470
Bossier City	32.5160	-93.7321	68094
Kenner	29.9941	-90.2417	67091
Lafayette	30.2241	-92.0198	121374
Lake Charles	30.2131	-93.2044	76070
Metairie	29.9841	-90.1529	138481
Metairie Terrace	29.9785	-90.1640	142489
New Orleans	29.9547	-90.0751	362701
Shreveport	32.5251	-93.7502	187593
Baltimore	39.2904	-76.6122	585708
Bethesda	38.9807	-77.1003	60858
Bowie	38.9428	-76.7303	58025
Columbia	39.2404	-76.8394	99615
Dundalk	39.2507	-76.5205	63597
Ellicott City	39.2673	-76.7983	65834
Frederick	39.4143	-77.4105	69479
Gaithersburg	39.1434	-77.2014	67456
Germantown	39.1732	-77.2716	86395
Glen Burnie	39.1626	-76.6247	67639
Rockville	39.0840	-77.1528	66980
Silver Spring	38.9907	-77.0261	71452
Towson	39.4015	-76.6019	55197
Waldorf	38.6246	-76.9391	67752
Blue Springs	39.0170	-94.2816	54148
Columbia	38.9517	-92.3341	129330
East Independence	39.0956	-94.3552	110675
Florissant	38.7892	-90.3226	52268
Independence	39.0911	-94.4155	117255
Joplin	37.0842	-94.5133	51818
Kansas City	39.0997	-94.5786	475378
Lee's Summit	38.9108	-94.3822	95094
O'Fallon	38.8106	-90.6998	85040
Saint Charles	38.7839	-90.4812	65794
Saint Joseph	39.7686	-94.8466	76780
St. Louis	38.6273	-90.1979	279695
Saint Peters	38.8003	-90.6265	52575
Springfield	37.2153	-93.2982	170188
Gulfport	30.3674	-89.0928	71856
Jackson	32.2988	-90.1848	153701
Southaven	34.9890	-90.0126	52589
West Gulfport	30.4041	-89.0942	71329
Asheville	35.6009	-82.5540	95056
Burlington	36.0957	-79.4378	52472
Cary	35.7915	-78.7811	159769
Chapel Hill	35.9132	-79.0558	59568
Charlotte	35.2271	-80.8431	911311
Concord	35.4089	-80.5816	87696
Durham	35.9940	-78.8986	257636
Fayetteville	35.0527	-78.8784	201963
Gastonia	35.2621	-81.1873	74543
Greensboro	36.0726	-79.7920	285342
Greenville	35.6127	-77.3663	90597
High Point	35.9557	-80.0053	110268
Huntersville	35.4107	-80.8428	52704
Jacksonville	34.7540	-77.4302	67357
Raleigh	35.7721	-78.6386	482295
Rocky Mount	35.9382	-77.7905	55806
West Raleigh	35.7868	-78.6639	338759
Wilmington	34.2356	-77.9460	115933
Winston-Salem	36.0999	-80.2442	241218
Camden	39.9260	-75.1196	76119
Cherry Hill	39.9348	-75.0307	70475
Jackson	39.7765	-74.8624	54856
South Vineland	39.4460	-75.0288	58122
Toms River	39.9537	-74.1979	88791
Vineland	39.4862	-75.0257	60818
Cincinnati	39.1271	-84.5144	311097
Columbus	39.9612	-82.9988	913175
Dayton	39.7589	-84.1916	135512
Hamilton	39.3995	-84.5613	62407
Kettering	39.6895	-84.1688	55525
Springfield	39.9242	-83.8088	59680
Broken Arrow	36.0526	-95.7908	106563
Edmond	35.6528	-97.4781	90092
Enid	36.3956	-97.8784	51776
Lawton	34.6087	-98.3903	96655
Midwest City	35.4495	-97.3967	57249
Moore	35.3395	-97.4867	60451
Norman	35.2226	-97.4395	128026
Oklahoma City	35.4676	-97.5164	681054
Tulsa	36.1540	-95.9928	413066
Havertown	39.9809	-75.3085	50430
Philadelphia	39.9524	-75.1636	1573916
Charleston	32.7763	-79.9327	132609
Columbia	34.0007	-81.0348	142416
Greenville	34.8526	-82.3940	64579
Mount Pleasant	32.7941	-79.8626	81317
North Charleston	32.8546	-79.9748	108304
Rock Hill	34.9249	-81.0251	71548
Bartlett	35.2045	-89.8740	58579
Chattanooga	35.0456	-85.3097	181099
Clarksville	36.5298	-87.3594	166722
East Chattanooga	35.0654	-85.2491	154024
Franklin	35.9251	-86.8689	72639
Hendersonville	36.3048	-86.6200	56018
Jackson	35.6145	-88.8140	66975
Johnson City	36.3134	-82.3535	66027
Kingsport	36.5484	-82.5618	53014
Knoxville	35.9606	-83.9207	190740
Memphis	35.1495	-90.0490	633104
Murfreesboro	35.8456	-86.3903	165430
Nashville	36.1659	-86.7844	689447
New South Memphis	35.0868	-90.0568	641608
Abilene	32.4487	-99.7331	125182
Alief	29.7111	-95.5963	98725
Allen	33.1032	-96.6706	98143
Arlington	32.7357	-97.1081	388125
Atascocita	29.9988	-95.1766	65844
Austin	30.2672	-97.7431	974447
Baytown	29.7355	-94.9774	76335
Beaumont	30.0861	-94.1018	115282
Brownsville	25.9017	-97.4975	186738
Bryan	30.6744	-96.3700	82118
Carrollton	32.9537	-96.8903	133168
Cedar Park	30.5052	-97.8203	65945
Celina	33.3246	-96.7844	64427
College Station	30.6280	-96.3344	107889
Conroe	30.3119	-95.4561	68602
Corpus Christi	27.8006	-97.3964	316239
Cypress	29.9691	-95.6972	200839
Dallas	32.7831	-96.8067	1326087
DeSoto	32.5899	-96.8569	52486
Denton	33.2148	-97.1331	131044
Edinburg	26.3017	-98.1633	84497
Euless	32.8371	-97.0820	54219
Flower Mound	33.0146	-97.0970	71253
Fort Worth	32.7254	-97.3208	1008106
Frisco	33.1507	-96.8236	154407
Galveston	29.3013	-94.7977	50180
Garland	32.9126	-96.6389	236897
Georgetown	30.6327	-97.6772	63716
Grand Prairie	32.7460	-96.9978	187809
Grapevine	32.9343	-97.0781	51404
Harlingen	26.1906	-97.6961	65774
Houston	29.7633	-95.3633	2314157
Irving	32.8140	-96.9489	236607
Killeen	31.1171	-97.7278	140806
Laredo	27.5064	-99.5075	256153
League City	29.5074	-95.0949	98312
Leander	30.5788	-97.8531	59202
Lewisville	33.0462	-96.9942	104039
Longview	32.5007	-94.7405	82287
Mansfield	32.5632	-97.1417	64274
McAllen	26.2034	-98.2300	140269
McKinney	33.1976	-96.6153	162898
Mesquite	32.7668	-96.5992	144788
Mission	26.2159	-98.3253	83298
Missouri City	29.6186	-95.5377	74139
New Braunfels	29.7030	-98.1244	70543
North Richland Hills	32.8343	-97.2289	69204
Pasadena	29.6911	-95.2091	153784
Pearland	29.5636	-95.2861	108821
Pflugerville	30.4394	-97.6200	57122
Pharr	26.1948	-98.1836	76538
Plano	33.0198	-96.6989	283558
Port Arthur	29.8852	-93.9423	55340
Richardson	32.9482	-96.7297	110815
Round Rock	30.5083	-97.6789	115997
Rowlett	32.9029	-96.5639	60236
San Antonio	29.4241	-98.4936	1526656
San Marcos	29.8833	-97.9414	60684
Spring	30.0799	-95.4172	54298
Sugar Land	29.6197	-95.6350	88156
Temple	31.0982	-97.3428	72277
The Woodlands	30.1580	-95.4894	93847
Tyler	32.3513	-95.3011	103700
University of Texas	30.2860	-97.7389	53082
Victoria	28.8053	-97.0036	67574
Waco	31.5493	-97.1467	132356
Wichita Falls	33.9137	-98.4934	104710
Alexandria	38.8048	-77.0469	159467
Arlington	38.8810	-77.1043	207627
Centreville	38.8404	-77.4289	71135
Chesapeake	36.8190	-76.2749	235429
Dale City	38.6371	-77.3111	65969
East Hampton	37.0374	-76.3316	147993
Hampton	37.0299	-76.3452	137148
Harrisonburg	38.4496	-78.8689	52538
Leesburg	39.1157	-77.5636	51209
Lynchburg	37.4138	-79.1423	79812
Newport News	36.9804	-76.4297	186247
Norfolk	36.8468	-76.2852	238005
Portsmouth	36.8354	-76.2983	96201
Portsmouth Heights	36.8210	-76.3688	99049
Reston	38.9687	-77.3411	58404
Richmond	37.5538	-77.4603	226610
Roanoke	37.2710	-79.9414	100011
South Suffolk	36.7171	-76.5902	80690
Suffolk	36.7284	-76.5850	88161
Virginia Beach	36.8529	-75.9780	454808
West Lynchburg	37.4032	-79.1781	65517
Auburn	32.6099	-85.4808	62059
Revere	42.4084	-71.0120	53422
Danbury	41.3948	-73.4540	84657
East Hartford	41.7823	-72.6120	51252
East Norwalk	41.1056	-73.3984	84530
Fairfield	41.1412	-73.2637	59052
Hamden	41.3959	-72.8968	59847
Hartford	41.7637	-72.6851	121054
Meriden	41.5382	-72.8070	59988
Milford	41.2223	-73.0565	52759
New Britain	41.6612	-72.7795	72808
New Haven	41.3081	-72.9282	130322
North Stamford	41.1382	-73.5435	121230
Norwalk	41.1176	-73.4079	88485
Stamford	41.0534	-73.5387	128874
Stratford	41.1845	-73.1332	51384
Waterbury	41.5581	-73.0515	108802
West Hartford	41.7620	-72.7420	63268
West Haven	41.2707	-72.9471	54927
Ames	42.0347	-93.6199	65060
Ankeny	41.7297	-93.6058	56764
Cedar Rapids	42.0083	-91.6441	130405
Council Bluffs	41.2619	-95.8608	62597
Davenport	41.5236	-90.5776	102582
Des Moines	41.6005	-93.6091	214133
Dubuque	42.5006	-90.6646	58799
Iowa City	41.6611	-91.5302	74220
Sioux City	42.5000	-96.4003	82821
Waterloo	42.4928	-92.3430	68460
West Des Moines	41.5772	-93.7113	64113
Albany Park	41.9684	-87.7234	52079
Arlington Heights	42.0884	-87.9806	75926
Aurora	41.7606	-88.3201	200661
Belmont Cragin	41.9317	-87.7687	79159
Berwyn	41.8506	-87.7937	56368
Bloomington	40.4842	-88.9937	78292
Bolingbrook	41.6986	-88.0684	74306
Champaign	40.1164	-88.2434	86096
Chicago	41.8500	-87.6500	2664452
Chicago Lawn	41.7750	-87.6964	55551
Cicero	41.8456	-87.7539	83886
Des Plaines	42.0334	-87.8834	58677
Edgewater	41.9834	-87.6639	54873
Elgin	42.0373	-88.2812	112111
Evanston	42.0411	-87.6901	75527
Hoffman Estates	42.0428	-88.0798	52138
Irving Park	41.9534	-87.7365	56520
Joliet	41.5252	-88.0834	147861
Lincoln Park	41.9217	-87.6478	66959
Logan Square	41.9234	-87.6992	73702
Mount Prospect	42.0664	-87.9373	54747
Naperville	41.7859	-88.1473	147100
Near North Side	41.9000	-87.6345	85711
Normal	40.5142	-88.9906	54373
North Peoria	40.7175	-89.5843	113004
Oak Lawn	41.7109	-87.7581	56781
Oak Park	41.8850	-87.7845	52287
Orland Park	41.6303	-87.8539	58619
Palatine	42.1103	-88.0342	69308
Peoria	40.6936	-89.5890	115070
Portage Park	41.9578	-87.7651	64841
Rockford	42.2711	-89.0940	148278
Rogers Park	42.0086	-87.6667	54402
Schaumburg	42.0334	-88.0834	74693
Skokie	42.0334	-87.7334	64821
South Lawndale	41.8436	-87.7125	73826
South Shore	41.7620	-87.5778	51451
Tinley Park	41.5734	-87.7845	57143
Uptown	41.9659	-87.6526	55137
Waukegan	42.3636	-87.8448	88475
West Ridge	41.9997	-87.6928	72211
West Town	41.8938	-87.6749	86429
Wheaton	41.8661	-88.1070	53715
Anderson	40.1053	-85.6803	55305
Elkhart	41.6820	-85.9767	52348
Fort Wayne	41.1306	-85.1289	260326
Gary	41.5934	-87.3464	77156
Hammond	41.5834	-87.5000	77614
Kokomo	40.4864	-86.1336	57995
Lafayette	40.4167	-86.8753	71111
Muncie	40.1934	-85.3864	70087
Noblesville	40.0456	-86.0086	59093
South Bend	41.6834	-86.2500	101516
Boston	42.3584	-71.0598	653833
Brockton	42.0834	-71.0184	95314
Brookline	42.3318	-71.1212	58732
Cambridge	42.3751	-71.1056	110402
Chicopee	42.1487	-72.6079	56741
Dorchester	42.2973	-71.0745	97826
Fall River	41.7015	-71.1551	94000
Framingham	42.2793	-71.4162	68318
Framingham Center	42.2973	-71.4370	65413
Haverhill	42.7762	-71.0773	62765
Lawrence	42.7070	-71.1631	80231
Lowell	42.6334	-71.3162	110699
Lynn	42.4668	-70.9495	92457
Malden	42.4251	-71.0662	61068
Medford	42.4184	-71.1062	57403
Methuen	42.7262	-71.1909	52044
New Bedford	41.6353	-70.9270	101079
Newton	42.3370	-71.2092	88817
North Chicopee	42.1834	-72.5995	55179
Peabody	42.5279	-70.9287	52504
Quincy	42.2529	-71.0023	93618
Somerville	42.3876	-71.0995	80318
South Boston	42.3334	-71.0495	571281
South Peabody	42.5098	-70.9495	50293
Springfield	42.1015	-72.5898	154341
Taunton	41.9001	-71.0898	56789
Waltham	42.3765	-71.2356	63378
Weymouth	42.2209	-70.9398	54395
Worcester	42.2626	-71.8023	206518
Portland	43.6574	-70.2589	66881
Ann Arbor	42.2776	-83.7409	117070
Battle Creek	42.3173	-85.1782	51589
Canton	42.3087	-83.4822	86825
Clinton Township	42.5870	-82.9199	99753
Dearborn	42.3223	-83.1763	95171
Dearborn Heights	42.3370	-83.2733	56145
Detroit	42.3314	-83.0457	645705
Farmington Hills	42.4853	-83.3772	81330
Flint	43.0125	-83.6875	98310
Grand Rapids	42.9634	-85.6681	195097
Kalamazoo	42.2917	-85.5872	76041
Kentwood	42.8695	-85.6448	51357
Lansing	42.7325	-84.5555	112644
Livonia	42.3684	-83.3527	94635
Novi	42.4806	-83.4755	58723
Pontiac	42.6389	-83.2910	59917
Rochester Hills	42.6584	-83.1499	73424
Royal Oak	42.4895	-83.1446	59008
Shelby	42.6709	-83.0330	74099
Southfield	42.4734	-83.2219	73156
Saint Clair Shores	42.4970	-82.8888	59715
Sterling Heights	42.5803	-83.0302	132052
Taylor	42.2409	-83.2696	61568
Troy	42.6056	-83.1499	83280
Warren	42.4904	-83.0130	134056
Waterford	42.6930	-83.4118	75737
Westland	42.3242	-83.4002	82000
Wyoming	42.9134	-85.7053	75275
Apple Valley	44.7319	-93.2177	51221
Blaine	45.1608	-93.2349	62124
Bloomington	44.8408	-93.2983	86435
Brooklyn Park	45.0941	-93.3563	79149
Burnsville	44.7677	-93.2777	61481
Coon Rapids	45.1200	-93.2877	62240
Duluth	46.7833	-92.1066	86110
Eagan	44.8041	-93.1669	66286
Eden Prairie	44.8547	-93.4708	63496
Edina	44.8897	-93.3500	50138
Lakeville	44.6497	-93.2427	60633
Maple Grove	45.0725	-93.4558	68385
Minneapolis	44.9800	-93.2638	410939
Minnetonka	44.9133	-93.5033	51669
Minnetonka Mills	44.9411	-93.4419	50117
Plymouth	45.0105	-93.4555	75907
Rochester	44.0216	-92.4699	112225
Saint Cloud	45.5608	-94.1625	65842
Saint Paul	44.9444	-93.0933	303176
West Coon Rapids	45.1597	-93.3497	62528
Woodbury	44.9239	-92.9594	67855
Fargo	46.8772	-96.7898	118523
Grand Forks	47.9253	-97.0328	57011
Bellevue	41.1367	-95.8908	55510
Grand Island	40.9250	-98.3420	51440
Lincoln	40.8000	-96.6670	294757
Omaha	41.2563	-95.9404	486051
Manchester	42.9956	-71.4548	110229
Nashua	42.7654	-71.4676	87970
Bayonne	40.6687	-74.1143	66311
Brick	40.0593	-74.1371	76021
Clifton	40.8584	-74.1638	86334
East Orange	40.7673	-74.2049	64949
Edison	40.5187	-74.4121	102548
Elizabeth	40.6640	-74.2107	129007
Hoboken	40.7440	-74.0324	53635
Irvington	40.7323	-74.2349	61323
Jersey City	40.7282	-74.0776	264290
Lakewood	40.0979	-74.2176	53805
Middletown	40.3943	-74.1171	65490
New Brunswick	40.4862	-74.4518	57035
Newark	40.7357	-74.1724	281944
North Bergen	40.8043	-74.0121	63484
Parsippany	40.8579	-74.4260	51144
Passaic	40.8568	-74.1285	71085
Paterson	40.9168	-74.1718	147754
Perth Amboy	40.5068	-74.2654	52682
Piscataway	40.4993	-74.3990	56044
Plainfield	40.6337	-74.4074	51217
Trenton	40.2171	-74.7429	89620
Union	40.6976	-74.2632	56771
Union City	40.7796	-74.0238	69156
Wayne	40.9254	-74.2765	57915
West New York	40.7879	-74.0143	53366
Albany	42.6526	-73.7562	101228
Amherst	42.9784	-78.7998	122366
Astoria	40.7721	-73.9301	150165
Bayside	40.7684	-73.7771	66455
Bensonhurst	40.6018	-73.9940	60000
Borough Park	40.6340	-73.9968	149248
Brentwood	40.7812	-73.2462	60664
The Bronx	40.8499	-73.8664	1385108
Brooklyn	40.6501	-73.9496	2736074
Brownsville	40.6609	-73.9201	74497
Buffalo	42.8865	-78.8784	258071
Bushwick	40.6943	-73.9188	112620
Canarsie	40.6437	-73.9007	87366
Cheektowaga	42.9034	-78.7548	75178
Chinatown	40.7165	-73.9963	90000
Clay	43.1859	-76.1724	58206
Coney Island	40.5779	-73.9940	60000
Corona	40.7471	-73.8601	109698
Cypress Hills	40.6771	-73.8912	54944
East Flatbush	40.6537	-73.9304	178464
East New York	40.6668	-73.8824	173198
East Village	40.7293	-73.9874	62832
Elmhurst	40.7365	-73.8779	113364
Flatbush	40.6521	-73.9590	93361
Flatlands	40.6212	-73.9349	63601
Fordham	40.8593	-73.8985	94678
Forest Hills	40.7162	-73.8501	67714
Gravesend	40.5976	-73.9651	112229
Greenburgh	41.0329	-73.8429	86764
Harlem	40.8079	-73.9454	116345
Hempstead	40.7062	-73.6187	55547
Irondequoit	43.2134	-77.5797	51692
Jackson Heights	40.7557	-73.8854	67067
Jamaica	40.6915	-73.8057	216866
Kings Bridge	40.8787	-73.9051	75132
Levittown	40.7259	-73.5143	51881
Manhattan	40.7834	-73.9663	1487536
Mott Haven	40.8090	-73.9229	51450
Mount Vernon	40.9126	-73.8371	68628
New Rochelle	40.9115	-73.7823	79846
New York City	40.7143	-74.0060	8804190
Ozone Park	40.6768	-73.8438	53985
Park Slope	40.6701	-73.9860	65047
Parkchester	40.8390	-73.8604	65876
Queens Village	40.7268	-73.7415	51919
Queens	40.6815	-73.8365	2316841
Richmond Hill	40.6998	-73.8312	98984
Ridgewood	40.7001	-73.9057	69317
Rochester	43.1548	-77.6156	209802
Schenectady	42.8142	-73.9396	65305
Sheepshead Bay	40.5912	-73.9446	122534
South Ozone Park	40.6701	-73.8190	75878
Staten Island	40.5623	-74.1399	468730
Syracuse	43.0481	-76.1474	144142
Upper West Side	40.7871	-73.9754	226989
Utica	43.1009	-75.2327	61100
Wakefield	40.8979	-73.8524	52201
Washington Heights	40.8501	-73.9354	152613
West Albany	42.6831	-73.7785	93794
White Plains	41.0340	-73.7629	58459
Yonkers	40.9304	-73.8979	201116
Akron	41.0814	-81.5190	197542
Canton	40.7989	-81.3785	71885
Cleveland	41.4995	-81.6954	365379
Elyria	41.3684	-82.1077	53775
Lakewood	41.4820	-81.7982	50656
Lorain	41.4528	-82.1824	63647
Parma	41.4048	-81.7229	79937
Toledo	41.6639	-83.5552	265638
Youngstown	41.0998	-80.6495	64628
Abington	40.1207	-75.1179	55310
Allentown	40.6084	-75.4902	120207
Bensalem	40.1046	-74.9513	60427
Bethlehem	40.6259	-75.3705	74892
Erie	42.1292	-80.0851	99475
Harrisburg	40.2737	-76.8844	50183
Lancaster	40.0379	-76.3055	59339
Levittown	40.1551	-74.8288	52983
Pittsburgh	40.4406	-79.9959	304391
Reading	40.3357	-75.9269	87879
Scranton	41.4092	-75.6649	77118
Cranston	41.7798	-71.4373	81073
Pawtucket	41.8787	-71.3826	71591
Providence	41.8240	-71.4128	190934
Warwick	41.7001	-71.4162	81699
Sioux Falls	43.5437	-96.7280	171544
Appleton	44.2619	-88.4154	74139
Eau Claire	44.8113	-91.4985	67778
Green Bay	44.5192	-88.0198	105207
Janesville	42.6828	-89.0187	64123
Kenosha	42.5847	-87.8212	99858
La Crosse	43.8014	-91.2396	52306
Madison	43.0731	-89.4012	280305
Milwaukee	43.0389	-87.9065	563531
North La Crosse	43.8464	-91.2482	50470
Oshkosh	44.0247	-88.5426	66555
Racine	42.7261	-87.7828	77742
Waukesha	43.0117	-88.2315	71970
West Allis	43.0167	-88.0070	60620
Bridgeport	41.1792	-73.1894	147629
Bristol	41.6718	-72.9493	60452
Buckeye	33.3703	-112.5838	50876
Casa Grande	32.8795	-111.7574	51460
Casas Adobes	32.3234	-110.9951	66795
Catalina Foothills	32.2978	-110.9187	50796
Chandler	33.3062	-111.8413	260828
Deer Valley	33.6839	-112.1349	165656
Flagstaff	35.1981	-111.6513	70320
Gilbert	33.3528	-111.7890	247542
Glendale	33.5386	-112.1860	240126
Goodyear	33.4353	-112.3582	79003
Lake Havasu City	34.4839	-114.3225	53553
Maryvale	33.5020	-112.1776	208189
Mesa	33.4223	-111.8226	471825
Peoria	33.5806	-112.2374	190985
Phoenix	33.4484	-112.0740	1650070
Scottsdale	33.5092	-111.8990	236839
Surprise	33.6306	-112.3332	143148
Tempe	33.4148	-111.9093	175826
Tempe Junction	33.4142	-111.9435	158368
Tucson	32.2217	-110.9265	542629
Yuma	32.7253	-114.6244	95548
Alameda	37.7710	-122.2609	78630
Alhambra	34.0953	-118.1270	85551
Aliso Viejo	33.5650	-117.7271	50195
Anaheim	33.8353	-117.9145	350742
Antioch	38.0049	-121.8058	110542
Apple Valley	34.5008	-117.1859	72174
Arcadia	34.1397	-118.0353	58408
Bakersfield	35.3733	-119.0187	373640
Baldwin Park	34.0853	-117.9609	77071
Bellflower	33.8817	-118.1170	78441
Berkeley	37.8716	-122.2728	120972
Boyle Heights	34.0339	-118.2053	92785
Brentwood	37.9319	-121.6958	58968
Buena Park	33.8675	-117.9981	83270
Burbank	34.1808	-118.3090	105319
Camarillo	34.2164	-119.0376	67608
Canoga Park	34.2011	-118.5981	60578
Canyon Country	34.4233	-118.4720	59530
Carlsbad	33.1581	-117.3506	114746
Carmichael	38.6171	-121.3283	61762
Carson	33.8314	-118.2820	93281
Castro Valley	37.6941	-122.0863	61388
Cathedral City	33.7797	-116.4653	53826
Chico	39.7285	-121.8375	121345
Chinatown	37.7966	-122.4086	100574
Chino	34.0122	-117.6889	85595
Chino Hills	33.9938	-117.7589	78309
Chula Vista	32.6401	-117.0842	265757
Citrus Heights	38.7071	-121.2811	87056
Clovis	36.8252	-119.7029	104180
Colton	34.0739	-117.3136	54621
Compton	33.8959	-118.2201	98462
Concord	37.9780	-122.0311	128667
Corona	33.8753	-117.5664	164226
Costa Mesa	33.6411	-117.9187	113204
Cupertino	37.3230	-122.0322	60572
Daly City	37.7058	-122.4619	106562
Davis	38.5449	-121.7405	67666
Delano	35.7688	-119.2471	52733
Diamond Bar	34.0286	-117.8103	56897
Downey	33.9400	-118.1326	114219
Dublin	37.7022	-121.9358	57721
East Los Angeles	34.0239	-118.1720	126496
El Cajon	32.7948	-116.9625	103679
El Monte	34.0686	-118.0276	116732
Elk Grove	38.4088	-121.3716	166913
Encinitas	33.0370	-117.2920	62930
Escondido	33.1192	-117.0864	151038
Fairfield	38.2494	-122.0400	112970
Folsom	38.6780	-121.1761	76375
Fontana	34.0922	-117.4351	212704
Fountain Valley	33.7092	-117.9537	56987
Fremont	37.5483	-121.9886	232206
Fresno	36.7477	-119.7724	542107
Fullerton	33.8703	-117.9253	140847
Garden Grove	33.7739	-117.9415	175393
Gardena	33.8884	-118.3090	60447
Gilroy	37.0058	-121.5683	53231
Glendale	34.1425	-118.2551	201020
Glendora	34.1361	-117.8653	52009
Hacienda Heights	33.9931	-117.9687	54038
Hanford	36.3274	-119.6457	55659
Hawthorne	33.9164	-118.3526	88451
Hayward	37.6688	-122.0808	158289
Hemet	33.7476	-116.9731	83861
Hesperia	34.4264	-117.3009	93295
Highland	34.1283	-117.2087	54854
Hollywood	34.0983	-118.3267	167664
Huntington Beach	33.6603	-117.9992	201899
Huntington Park	33.9817	-118.2251	59430
Indio	33.7207	-116.2168	87533
Inglewood	33.9617	-118.3531	111666
Irvine	33.6695	-117.8231	256927
Koreatown	34.0578	-118.3009	124281
La Habra	33.9320	-117.9462	62131
La Mesa	32.7678	-117.0231	60089
Laguna Niguel	33.5225	-117.7075	65806
Lake Elsinore	33.6681	-117.3273	61981
Lake Forest	33.6470	-117.6892	82492
Lakewood	33.8536	-118.1340	81611
Lancaster	34.6980	-118.1367	161103
Livermore	37.6819	-121.7680	88126
Lodi	38.1302	-121.2725	64596
Long Beach	33.7670	-118.1892	474140
Los Angeles	34.0522	-118.2437	3820914
Lynwood	33.9303	-118.2115	71989
Madera	36.9613	-120.0607	64208
Manteca	37.7974	-121.2160	75448
Menifee	33.7283	-117.1464	87174
Merced	37.3022	-120.4830	82436
Milpitas	37.4283	-121.9066	77604
Mira Mesa	32.9156	-117.1439	70000
Mission Viejo	33.6000	-117.6720	97156
Modesto	37.6391	-120.9969	211266
Montebello	34.0095	-118.1054	63921
Monterey Park	34.0625	-118.1228	61468
Moreno Valley	33.9375	-117.2306	204198
Mountain View	37.3860	-122.0838	80435
Murrieta	33.5539	-117.2139	109830
Napa	38.2971	-122.2855	80434
National City	32.6781	-117.0992	61060
Newport Beach	33.6189	-117.9290	87127
North Hollywood	34.1722	-118.3790	64587
Northridge	34.2283	-118.5367	68469
Norwalk	33.9022	-118.0817	107140
Novato	38.1074	-122.5697	55530
Oakland	37.8044	-122.2708	419267
Oceanside	33.1959	-117.3795	175691
Ontario	34.0633	-117.6509	171214
Orange	33.7878	-117.8531	140992
Oxnard	34.1975	-119.1770	207254
Palm Desert	33.7225	-116.3770	51869
Palmdale	34.5794	-118.1165	158351
Palo Alto	37.4419	-122.1430	66853
Paramount	33.8895	-118.1598	55412
Pasadena	34.1478	-118.1445	142250
Perris	33.7825	-117.2287	74971
Petaluma	38.2324	-122.6367	60438
Pico Rivera	33.9831	-118.0967	64218
Pittsburg	38.0280	-121.8847	69424
Placentia	33.8722	-117.8703	52495
Pleasanton	37.6624	-121.8747	79510
Pomona	34.0553	-117.7523	153266
Porterville	36.0652	-119.0168	56058
Poway	32.9628	-117.0359	50157
Rancho Cordova	38.5891	-121.3027	71017
Rancho Cucamonga	34.1064	-117.5931	175236
Rancho Penasquitos	32.9595	-117.1153	60000
Redlands	34.0556	-117.1825	71035
Redondo Beach	33.8492	-118.3884	68166
Redwood City	37.4852	-122.2364	85288
Reseda	34.2011	-118.5365	65000
Rialto	34.1064	-117.3703	103132
Richmond	37.9358	-122.3478	109708
Riverside	33.9534	-117.3962	317261
Rocklin	38.7907	-121.2358	61213
Rosemead	34.0806	-118.0729	54908
Roseville	38.7521	-121.2880	130269
Sacramento	38.5816	-121.4944	524943
Salinas	36.6777	-121.6555	157380
San Bernardino	34.1083	-117.2898	216108
San Clemente	33.4270	-117.6120	65526
San Diego	32.7157	-117.1647	1404452
San Francisco	37.7749	-122.4194	827526
San Jose	37.3394	-121.8950	997368
San Leandro	37.7249	-122.1561	90712
San Marcos	33.1434	-117.1661	92931
San Mateo	37.5630	-122.3255	103536
San Pedro	33.7358	-118.2923	83556
San Rafael	37.9735	-122.5311	59162
San Ramon	37.7799	-121.9780	76134
Santa Ana	33.7456	-117.8678	310227
Santa Barbara	34.4208	-119.6982	91842
Santa Clara	37.3541	-121.9552	126215
Santa Clarita	34.3917	-118.5426	182371
Santa Cruz	36.9741	-122.0308	64220
Santa Maria	34.9530	-120.4357	105093
Santa Monica	34.0195	-118.4914	93220
Santa Rosa	38.4405	-122.7144	178127
Santee	32.8384	-116.9739	57787
North Hills	34.2364	-118.4847	56946
Sherman Oaks	34.1511	-118.4493	52677
Simi Valley	34.2694	-118.7815	126788
South Gate	33.9547	-118.2120	96401
South San Francisco	37.6547	-122.4077	67271
South Whittier	33.9502	-118.0392	57156
Stockton	37.9577	-121.2908	305658
Sunnyvale	37.3688	-122.0363	155805
Sylmar	34.3078	-118.4493	79614
Temecula	33.4936	-117.1484	110003
Thousand Oaks	34.1706	-118.8376	129339
Torrance	33.8359	-118.3406	143592
Tracy	37.7399	-121.4262	87075
Tulare	36.2077	-119.3473	62315
Turlock	37.4947	-120.8466	72292
Tustin	33.7458	-117.8262	80583
Union City	37.5958	-122.0191	74494
Universal City	34.1389	-118.3534	105000
Upland	34.0975	-117.6484	76443
Vacaville	38.3566	-121.9877	96803
Valencia	34.4436	-118.6095	148456
Vallejo	38.1041	-122.2566	121692
Van Nuys	34.1867	-118.4490	136443
Ventura	34.2783	-119.2932	96769
Victorville	34.5361	-117.2912	122225
Visalia	36.3302	-119.2921	130104
Vista	33.2000	-117.2425	100890
Walnut Creek	37.9063	-122.0650	68910
Watsonville	36.9102	-121.7569	53628
West Covina	34.0686	-117.9390	108484
West Sacramento	38.5805	-121.5302	52721
Westminster	33.7592	-118.0067	92114
Whittier	33.9792	-118.0328	87438
Wilmington	33.7800	-118.2626	52000
Woodland	38.6785	-121.7733	58567
Woodland Hills	34.1683	-118.6059	70000
Yorba Linda	33.8886	-117.8131	67973
Yuba City	39.1405	-121.6169	66941
Yucaipa	34.0336	-117.0431	53328
Arvada	39.8028	-105.0875	115368
Aurora	39.7294	-104.8319	359407
Broomfield	39.9205	-105.0867	65065
Castle Rock	39.3722	-104.8561	55591
Centennial	39.5792	-104.8769	109741
Colorado Springs	38.8339	-104.8214	456568
Commerce City	39.8083	-104.9339	53696
Denver	39.7392	-104.9847	729019
Grand Junction	39.0639	-108.5507	60358
Highlands Ranch	39.5539	-104.9694	96713
Lakewood	39.7047	-105.0814	152597
Pueblo	38.2544	-104.6091	109412
Thornton	39.8680	-104.9719	133451
Westminster	39.8366	-105.0372	116317
Albuquerque	35.0845	-106.6511	564559
Las Cruces	32.3123	-106.7783	101643
Rio Rancho	35.2334	-106.6645	87521
Santa Fe	35.6870	-105.9378	87505
Carson City	39.1638	-119.7674	58639
Enterprise	36.0252	-115.2419	108481
Henderson	36.0397	-114.9819	285667
Las Vegas	36.1750	-115.1372	641903
North Las Vegas	36.1989	-115.1175	234807
Paradise	36.0972	-115.1467	223167
Reno	39.5296	-119.8138	264165
Sparks	39.5349	-119.7527	96094
Spring Valley	36.1080	-115.2450	178395
Sunrise Manor	36.2111	-115.0731	189372
Amarillo	35.2220	-101.8313	198645
El Paso	31.7587	-106.4869	678815
Lubbock	33.5779	-101.8552	249042
Midland	31.9974	-102.0779	132524
Odessa	31.8457	-102.3676	114428
San Angelo	31.4638	-100.4370	99893
Saint George	37.1041	-113.5841	72897
Alhambra	33.4984	-112.1343	127764
Avondale	33.4356	-112.3496	80684
Ahwatukee Foothills	33.3417	-111.9840	83464
Redding	40.5865	-122.3917	91582
Boulder	40.0150	-105.2706	106803
Fort Collins	40.5853	-105.0844	170924
Greeley	40.4233	-104.7091	108795
Longmont	40.1672	-105.1019	92088
Loveland	40.3978	-105.0750	75182
Boise	43.6135	-116.2035	235684
Caldwell	43.6629	-116.6874	51686
Idaho Falls	43.4666	-112.0341	59184
Meridian	43.6121	-116.3915	90739
Nampa	43.5407	-116.5635	89839
Pocatello	42.8713	-112.4455	54441
Billings	45.7833	-108.5007	117116
Great Falls	47.5002	-111.3008	59638
Missoula	46.8721	-113.9940	71022
Bismarck	46.8083	-100.7837	75092
Albany	44.6365	-123.1059	52175
Beaverton	45.4871	-122.8037	96577
Bend	44.0582	-121.3153	87014
Corvallis	44.5646	-123.2620	55780
Eugene	44.0521	-123.0867	176654
Gresham	45.4982	-122.4315	110553
Hillsboro	45.5229	-122.9898	102347
Medford	42.3265	-122.8756	79805
Portland	45.5234	-122.6762	652503
Salem	44.9429	-123.0351	175535
Springfield	44.0462	-123.0220	60870
Tigard	45.4312	-122.7715	51253
Rapid City	44.0805	-103.2310	73569
Layton	41.0602	-111.9711	74143
Lehi	40.3916	-111.8508	58486
Logan	41.7355	-111.8344	50371
Millcreek	40.6869	-111.8755	62139
Ogden	41.2230	-111.9738	85444
Orem	40.2969	-111.6946	94457
Provo	40.2338	-111.6585	115162
Salt Lake City	40.7608	-111.8911	215548
Sandy	40.5916	-111.8841	87461
Sandy Hills	40.5811	-111.8508	89575
South Jordan	40.5622	-111.9297	66648
Taylorsville	40.6677	-111.9388	60514
West Jordan	40.6097	-111.9391	111946
West Valley City	40.6916	-112.0011	136208
Auburn	47.3073	-122.2284	77006
Bellevue	47.6104	-122.2007	139820
Bellingham	48.7595	-122.4882	85146
Burien	47.4704	-122.3468	50467
Everett	47.9790	-122.2021	108010
Federal Way	47.3223	-122.3126	95171
Kennewick	46.2112	-119.1372	78896
Kent	47.3809	-122.2348	126952
Kirkland	47.6815	-122.2087	87281
Lakewood	47.1718	-122.5185	59829
Marysville	48.0518	-122.1771	66773
Olympia	47.0449	-122.9017	55733
Pasco	46.2396	-119.1006	69451
Redmond	47.6740	-122.1215	60598
Renton	47.4829	-122.2171	100242
Richland	46.2857	-119.2845	54248
Sammamish	47.6418	-122.0804	52253
Seattle	47.6062	-122.3321	780995
Shoreline	47.7557	-122.3415	55439
South Hill	47.1412	-122.2701	52431
Spokane	47.6597	-117.4291	229447
Spokane Valley	47.6732	-117.2394	94919
Tacoma	47.2529	-122.4443	222906
Vancouver	45.6387	-122.6615	196442
Yakima	46.6021	-120.5059	93701
Casper	42.8666	-106.3131	60285
Cheyenne	41.1400	-104.8203	65132
Honolulu	21.3069	-157.8583	350964
Anchorage	61.2181	-149.9003	289600
Johns Creek	34.0289	-84.1986	83335
Morningside Heights	40.8100	-73.9625	55929
East Harlem	40.7947	-73.9425	115921
Alafaya	28.5641	-81.2114	78113
Little Havana	25.7681	-80.2331	53430
Briarwood	40.7094	-73.8153	53877
City of Milford (balance)	41.2237	-73.0616	51271
West Bloomfield Township	42.5689	-83.3836	64690
Arden-Arcade	38.6025	-121.3785	92186
Florence-Graham	33.9677	-118.2444	63387
Tri-Cities	46.2454	-119.1962	244036
San Tan Valley	33.1911	-111.5280	81321
Enchanted Hills	35.3368	-106.5930	87521
Eastvale	33.9636	-117.5642	59039
Financial District	40.7079	-74.0086	60976
Sunset Park	40.6455	-74.0124	126000
Center City	39.9512	-75.1592	57239
Stonecrest	33.7085	-84.1349	50000
Valley Glen	34.1857	-118.4203	60000
Encanto	33.4794	-112.0782	54614
Central City	33.4400	-112.0580	58161
South Fulton	33.5926	-84.6729	107436
Mid-City	34.0413	-118.3606	83000
Downtown DC	38.8935	-77.0199	52560
The Trails of Frisco	33.1609	-96.8718	51059
Tacuarembó	-31.7188	-55.9793	60586
Salto	-31.3881	-57.9598	114084
Rivera	-30.9053	-55.5508	84775
Paysandú	-32.3171	-58.0807	81550
Montevideo	-34.9033	-56.1882	1270737
Melo	-32.3682	-54.1641	56013
Maldonado	-34.8979	-54.9502	102000
Las Piedras	-34.7302	-56.2191	69682
Nukus	42.4586	59.6058	332500
Qŭnghirot	43.0433	58.8394	80090
Xo‘jayli Shahri	42.4088	59.4454	67800
Oltinko‘l	43.0687	58.9037	59122
Urgut Shahri	39.4190	67.2612	65300
Tirmiz	37.2242	67.2783	182800
Shahrisabz	39.0578	66.8342	142700
Samarkand	39.6546	66.9644	595200
Qarshi	38.8606	65.7891	278300
Kattaqo’rg’on Shahri	39.9055	66.2656	90600
Koson	39.0375	65.5850	68900
Kogon Shahri	39.7275	64.5547	62300
Denov	38.2675	67.8989	78300
Bukhara	39.7703	64.4307	280187
Yunusobod	41.3714	69.2794	352000
Yangiyŭl	41.1120	69.0471	61700
Urganch	41.5518	60.6314	145000
Tŭytepa	41.0321	69.3625	51400
Tashkent	41.2647	69.2163	1978028
Shahrixon	40.7133	72.0571	71400
Qo‘qon	40.5286	70.9425	259700
Parkent	41.2944	69.6764	60200
Olmaliq	40.8447	69.5983	133400
Navoiy	40.0844	65.3792	144158
Namangan	40.9983	71.6726	713220
Marg‘ilon	40.4724	71.7246	253500
Asaka	40.6415	72.2387	62200
Quvasoy	40.2972	71.9803	96900
Xiva	41.3856	60.3641	115000
Kosonsoy	41.2494	71.5474	50900
Jizzax	40.1335	67.8296	179200
Gurlan	41.8412	60.3927	50900
Guliston	40.4954	68.7754	90398
Fergana	40.3842	71.7843	299200
Chust	41.0033	71.2379	100200
Chirchiq	41.4689	69.5822	162800
Chilanzar	41.2819	69.1811	260700
Sergeli	41.1983	69.2222	105700
Chortoq	41.0692	71.8237	53400
Beshariq	40.4358	70.6103	96900
Beruniy	41.6911	60.7525	66090
Bekobod	40.2208	69.2697	96900
Angren	41.0167	70.1436	191300
Andijon	40.7834	72.3507	747800
Anaco	9.4296	-64.4643	139397
Alto Barinas	8.5931	-70.2261	284289
Zaraza	9.3503	-65.3245	74017
Yaritagua	10.0808	-69.1242	113343
Villa de Cura	10.0386	-67.4894	99669
Villa Bruzual	9.3319	-69.1197	55244
Valle de La Pascua	9.2155	-66.0073	153136
Valera	9.3178	-70.6036	244708
Valencia	10.1615	-68.0004	1619470
Ureña	7.9216	-72.4440	56509
Upata	8.0162	-62.4056	112617
Turmero	10.2286	-67.4742	344700
Tucupita	9.0626	-62.0521	99778
Trujillo	9.3659	-70.4366	71362
Tinaquillo	9.9186	-68.3047	115937
Táriba	7.8212	-72.2233	138402
Socopó	8.2306	-70.8220	72352
San Timoteo	9.7901	-71.0708	81017
Santa Teresa del Tuy	10.2329	-66.6647	278890
Santa Cruz de Mara	10.7927	-71.6851	69781
San Rafael	10.9620	-71.7303	55810
San Mateo	10.2130	-67.4236	50401
San Juan de los Morros	9.9125	-67.3540	160868
Colón	8.0312	-72.2605	62513
San Juan Bautista	11.0124	-63.9441	90387
San José de Guanipa	8.8872	-64.1651	83092
San Joaquín	10.2606	-67.7935	69894
San Felipe	10.3401	-68.7430	206270
San Cristóbal	7.7659	-72.2358	289852
San Carlos del Zulia	9.0010	-71.9268	126353
San Carlos	9.6641	-68.5866	120375
San Antonio del Táchira	7.8112	-72.4444	66392
San Antonio de Los Altos	10.3885	-66.9518	63873
Rubio	7.7016	-72.3555	93197
La Villa del Rosario	10.3258	-72.3134	82766
Quíbor	9.9287	-69.6201	51377
Punto Fijo	11.6915	-70.1992	141729
Punta de Mata	9.6913	-63.6092	61080
Punta Cardón	11.6581	-70.2150	113999
Puerto La Cruz	10.2138	-64.6328	370000
Puerto Cabello	10.4731	-68.0125	174000
Puerto Ayacucho	5.6605	-67.5834	125840
Porlamar	10.9577	-63.8697	216234
Petare	10.4768	-66.8079	364684
Pampatar	11.0008	-63.7930	64983
Pampán	9.4452	-70.4756	59657
Palo Negro	10.1739	-67.5419	128875
Ocumare del Tuy	10.1182	-66.7751	166072
Nirgua	10.1504	-68.5648	54080
Morón	10.4871	-68.2008	68084
Mérida	8.5790	-71.1692	300000
Mene Grande	9.8464	-70.9266	60580
Mariara	10.2953	-67.7177	116142
Maracay	10.2497	-67.5948	464700
Maracaibo	10.6423	-71.6109	1752602
Maiquetía	10.5945	-66.9562	52564
Machiques	10.0608	-72.5521	132734
Los Teques	10.3495	-67.0427	252242
Los Rastrojos	10.0259	-69.2417	100497
Los Dos Caminos	10.4939	-66.8286	58168
La Victoria	10.2268	-67.3312	126721
Lander	10.1833	-66.7000	176346
La Concepción	10.6192	-71.8381	120478
Concepción	10.4119	-71.6892	92463
Güigüe	10.0834	-67.7780	80627
Guatire	10.4740	-66.5424	227666
Guarenas	10.4703	-66.6193	248588
Guanare	9.0393	-69.7336	112286
Guacara	10.2261	-67.8770	198883
El Vigía	8.6135	-71.6570	162289
El Tocuyo	9.7871	-69.7929	74829
El Tigre	8.8890	-64.2527	222450
El Limón	10.3059	-67.6321	148247
El Hatillo	10.4241	-66.8258	57591
Ejido	8.5466	-71.2409	120978
Cumaná	10.4639	-64.1786	405626
Cúa	10.1624	-66.8825	182558
Coro	11.4077	-69.6782	246657
Cocorote	10.3195	-68.7830	52803
Ciudad Piar	7.4521	-63.3199	51967
Ciudad Ojeda	10.2016	-71.3148	240283
Ciudad Guayana	8.3512	-62.6410	978202
Ciudad Bolivia	8.3530	-70.5712	52476
Ciudad Bolívar	8.1237	-63.5469	412619
Chivacoa	10.1595	-68.8945	70298
Charallave	10.2425	-66.8572	129182
Chacao	10.4958	-66.8537	64609
Tacarigua	10.0862	-67.9198	69636
Caucagüito	10.4867	-66.7380	52556
Catia La Mar	10.6054	-67.0324	106822
Carúpano	10.6652	-63.2539	167187
Carora	10.1728	-70.0810	121741
Caracas	10.4880	-66.8792	3000000
Cantaura	9.3057	-64.3584	68885
Calabozo	8.9242	-67.4293	168605
Caicara del Orinoco	7.6350	-66.1681	67277
Cagua	10.1863	-67.4594	119033
Cabudare	10.0266	-69.2620	102686
Cabimas	10.3991	-71.4521	351736
Boconó	9.2538	-70.2511	68990
Biruaca	7.8448	-67.5168	76553
Baruta	10.4342	-66.8756	244216
Barquisimeto	10.0647	-69.3570	1240714
Barinitas	8.7617	-70.4120	51556
Barinas	8.6206	-70.2310	397279
Barcelona	10.1384	-64.6877	815141
Araure	9.5814	-69.2385	181820
Altagracia de Orituco	9.8600	-66.3814	68207
Los Puertos de Altagracia	10.7149	-71.5217	101527
Acarigua	9.5545	-69.1956	188278
San Josecito	7.6611	-72.2201	54669
Maturín	9.7457	-63.1832	647459
La Fría	8.2152	-72.2489	61568
El Cafetal	10.4654	-66.8295	80029
La Dolorita	10.4883	-66.7861	56846
Guasdualito	7.2424	-70.7323	64608
San Fernando de Apure	7.8896	-67.4718	229197
Saint Croix	17.7275	-64.7470	50601
Yên Vinh	18.6667	105.6667	107082
Yên Bái	21.7229	104.9113	100631
Xuân Lộc	10.9333	107.2333	253140
Xóm Cái Nước	9.8000	105.1000	54397
Trảng Bom	10.9536	107.0059	57560
Vũng Tàu	10.3460	107.0843	464860
Vĩnh Yên	21.3089	105.6049	119128
Vĩnh Tuy	21.0000	105.8833	86618
Vĩnh Long	10.2537	105.9722	137870
Vĩnh Châu	9.3244	105.9801	183918
Vinh	18.6734	105.6923	790000
Việt Yên	21.2667	106.1333	205900
Việt Trì	21.3227	105.4020	415280
Thành Phố Uông Bí	21.0343	106.7705	63829
Tuy Hòa	13.0955	109.3209	155921
Tuyên Quang	21.8236	105.2142	104645
Trà Vinh	9.9472	106.3423	160310
Trảng Bàng	11.0299	106.3575	161831
Long Bien	21.0333	105.9000	347829
Tịnh Biên	10.5959	104.9367	143098
Thượng Cát	21.0934	105.7319	87406
Thủ Đức	10.8486	106.7721	524670
Thủ Dầu Một	10.9804	106.6519	373105
Thuận Thanh	21.0460	106.0790	199577
Thốt Nốt	10.2721	105.5338	158225
Thới Lai	10.0652	105.5586	109684
Ho Chi Minh City	10.8230	106.6296	14002598
Thanh Liệt	20.9667	105.8167	76238
Thanh Hóa	19.8000	105.7667	850000
Thái Nguyên	21.5942	105.8482	420000
Thái Bình	20.4500	106.3400	53071
Tây Ninh	11.3100	106.0983	135254
Tây Hồ	21.0690	105.8105	168300
Tân Châu	10.7983	105.2389	175211
Tân Bình	10.8025	106.6600	89373
Tân An	10.5359	106.4137	215250
Tam Kỳ	15.5736	108.4740	165240
Sơn Tây	21.1405	105.5069	230577
Sơn La	21.3256	103.9188	106052
Sông Cầu	13.4556	109.2235	94066
Sóc Trăng	9.5999	105.9719	221430
Sầm Sơn	19.7333	105.9000	129801
Sa Dec	10.2909	105.7563	214610
Rạch Giá	10.0124	105.0809	459860
Qui Nhon	13.7765	109.2237	519208
Ba Đồn	17.7535	106.4236	106413
Quảng Ngãi	15.1205	108.7923	278496
Pleiku	13.9833	108.0000	114225
Từ Sơn	21.1000	105.9667	65697
Phú Thọ	21.3996	105.2222	91650
Phú Mỹ	10.6333	107.0667	287055
Phủ Lý	20.5453	105.9122	136654
Phúc Yên	21.2370	105.7048	180000
Phong Thạnh	9.3236	105.3464	53912
Phong Điền	16.5832	107.3644	114820
Phong Điền	9.9975	105.6673	98424
Phan Thiết	10.9289	108.1021	228536
Phan Rang-Tháp Chàm	11.5643	108.9886	207998
Ô Môn	10.1097	105.6232	129683
Ninh Hòa	12.4919	109.1249	230566
Hoa Lư	20.2581	105.9797	319125
Nha Trang	12.2451	109.1943	579000
Nghi Sơn	19.3275	105.8214	302210
Nghĩa Lộ	21.6000	104.5167	68206
Nghĩa Đô	21.0500	105.8000	96418
Nam Định	20.4339	106.1773	448225
Mỹ Tho	10.3600	106.3600	270700
Mỹ Hào	20.9167	106.0833	115608
Móng Cái	21.5247	107.9662	108553
Thị Trấn Mạo Khê	21.0586	106.5926	72012
Long Xuyên	10.3864	105.4352	286140
Long Mỹ	9.6814	105.5723	61781
Lào Cai	22.4856	103.9707	130671
Lạng Sơn	21.8526	106.7610	200108
Thị Trấn Phước Bửu	10.5347	107.4020	51895
La Gi	10.6599	107.7721	160652
Kỳ Anh	18.0624	106.2983	150226
Kon Tum	14.3545	108.0076	205762
Kiến An	20.8053	106.6256	118047
Hương Trà	16.5254	107.4755	72677
Hương Thủy	16.4218	107.6400	95299
Hưng Yên	20.6464	106.0511	118646
Huế	16.4619	107.5955	1380000
Hồng Ngự	10.8000	105.3500	101155
Hạ Long	20.9505	107.0734	270054
Hòa Bình	20.8172	105.3376	105260
Hà Tĩnh	18.3428	105.9057	266321
Hà Tiên	10.3831	104.4875	100560
Hanoi	21.0245	105.8412	8053663
Haiphong	20.8648	106.6834	2625200
Hải Dương	20.9410	106.3330	241373
Hải Châu	15.9167	108.1333	131427
Hà Giang	22.8233	104.9836	55559
Hà Đông	20.9714	105.7788	50877
Gò Vấp	10.8167	106.6833	110850
Gò Công	10.3667	106.6667	97709
Giá Rai	9.2344	105.4583	145340
Gia Nghĩa	12.0042	107.6907	85082
Đưc Trọng	11.7356	108.3733	161232
Đức Phổ	14.8135	108.9593	155743
Đố Sơn	20.7136	106.7894	51417
Đồng Xoài	11.5350	106.8832	168000
Thị Trấn Đông Triều	21.0824	106.5138	248896
Đồng Hới	17.4688	106.6223	133672
Ðông Hà	16.8163	107.1003	164228
Dien Bien Phu	21.3860	103.0230	84672
Điện Bàn	15.8885	108.2545	226564
Dĩ An	10.9068	106.7694	463023
Da Nang	16.0678	108.2208	1276000
Ðà Lạt	11.9465	108.4419	258014
Thị Trấn Đại Từ	21.6338	105.6377	179192
Dại Mỗ	20.9833	105.7667	59980
Củ Chi	10.9733	106.4933	75000
Cờ Đỏ	10.0938	105.4292	116576
Cổ Đô	21.2796	105.3640	70706
Chũ	21.3738	106.5665	127881
Chơn Thành	11.4282	106.6354	121083
Chợ Lớn	10.7530	106.6590	561000
Chí Linh	21.0667	106.3167	220421
Châu Phong	10.7167	105.1333	56322
Châu Đốc	10.7000	105.1167	70239
Cao Lãnh	10.4602	105.6329	211912
Cao Bằng	22.6657	106.2579	73549
Cần Thơ	10.0371	105.7883	1507187
Cần Giờ	10.4111	106.9547	55137
Cần Đước	10.5097	106.6031	50473
Cần Giuộc	10.6086	106.6714	152200
Cam Ranh	11.9214	109.1591	146771
Cẩm Phả Mines	21.0167	107.3000	135477
Cẩm Phả	21.0100	107.2734	190232
Cà Mau	9.1768	105.1524	226372
Cái Răng	10.0009	105.7510	86278
Cai Lậy	10.4000	106.1167	143050
Buôn Ma Thuột	12.6675	108.0378	434256
Buôn Hồ	12.9523	108.2962	127920
Bình Thủy	10.0743	105.7397	113565
Bỉm Sơn	20.0781	105.8603	53754
Biên Hòa	10.9447	106.8243	1272235
Bến Tre	10.2415	106.3758	124449
Bến Cát	11.1500	106.6000	364578
Ba Vì	21.0833	105.3833	282600
Bảo Lộc	11.5480	107.8077	170920
Thị Trấn Thuận Châu	21.4385	103.6900	153000
Bắc Quang	22.4833	104.8667	118690
Bắc Ninh	21.1861	106.0763	287658
Bạc Liêu	9.2941	105.7278	156110
Bạch Mai	20.9833	105.8333	91308
Bắc Giang	21.2731	106.1946	450000
Lai Vung	10.2566	105.5933	80649
An Nhơn	13.8858	109.1082	308396
An Khê	13.9500	108.6500	81600
An Hải	16.0667	108.2333	82635
Bình Thạnh	10.8110	106.7060	552164
Ba Dinh	21.0365	105.8268	221893
Mui Ne	10.9331	108.2833	50166
Tân Uyên	11.0842	106.7883	52873
Cung Kiệm	21.1870	106.1608	80000
Phu Quoc	10.2241	103.9716	294419
Bình Minh	10.0682	105.8222	94862
Thành Phố Bà Rịa	10.4963	107.1685	235192
Sóc Sơn	21.2578	105.8489	85431
Cầu Giấy	21.0323	105.8007	292536
Thanh Xuân	20.9947	105.7998	293292
Đống Đa	21.0130	105.8250	371606
Hoàn Kiếm	21.0286	105.8506	135618
Hai Bà Trưng	21.0134	105.8477	303586
Thái Hòa	18.9203	104.9744	66127
Thanh Khê	16.0706	108.1910	201240
Cẩm Lệ	16.0177	108.2038	78837
Sơn Trà	16.0607	108.2326	86890
Hòa Cường	16.0431	108.1821	119363
Núi Thành	15.4319	108.6595	69406
Long Khánh	10.9266	107.2478	171276
Hòa Thành	11.2870	106.1294	147666
Duyên Hải	9.6350	106.4924	69961
Vĩnh Thạnh	10.2226	105.3984	98399
Ngã Bảy	9.8137	105.8210	101192
Trần Văn Thời	9.0771	104.9791	55897
Quận Bốn	10.7668	106.7057	199329
Quận Sáu	10.7468	106.6490	271050
Quận Năm	10.7557	106.6675	187510
Quận Mười Một	10.7638	106.6436	332536
Quận Mười	10.7682	106.6663	399000
Quận Ba	10.7749	106.6863	220375
Gia Lâm	21.0200	105.9390	309353
Cửa Nam	21.0211	105.8523	52750
Quận Đức Thịnh	10.3099	105.7386	132000
Huyện Lâm Hà	11.8155	108.2144	144707
Phú Quốc	10.2872	104.0105	179480
Thuận An	10.9239	106.7143	588616
Bắc Từ Liêm	21.0653	105.7466	340605
Vinhomes Ocean Park	20.9948	105.9465	60000
Vinhomes Smart City	21.0045	105.7404	50000
Vinhomes Times City	20.9945	105.8677	50000
Thành phố Sông Công	21.4772	105.8414	128357
Ngã Năm	9.5651	105.5990	58588
Yên Hòa	21.0219	105.7915	77029
Linh Đàm	20.9644	105.8305	70000
Bồ Đề	21.0562	105.8667	120028
Hoàng Mai	19.2676	105.7159	113360
Phổ Yên	21.4198	105.8899	231363
Dương Nội	20.9774	105.7538	56091
Định Công	20.9839	105.8269	85502
Đông Ngạc	21.0806	105.7740	83544
Giảng Võ	21.0307	105.8125	76658
Hoàng Liệt	20.9640	105.8405	55820
Khương Đình	20.9837	105.8154	93780
Kiến Hưng	20.9583	105.7897	70833
Phúc Lợi	21.0451	105.9294	66790
Tương Mai	20.9888	105.8552	136292
Ferizaj	42.3706	21.1553	59504
Suva Reka	42.3586	20.8250	72229
Prizren	42.2139	20.7397	171464
Pristina	42.6727	21.1669	550000
Mitrovicë	42.8833	20.8667	107045
Gjilan	42.4605	21.4699	51912
Glogovac	42.6283	20.8939	58579
Deçan	42.5402	20.2879	50500
Gjakovë	42.3803	20.4308	94158
Zabīd	14.1951	43.3152	52590
Taiz	13.5795	44.0209	940600
Sayyān	15.1718	44.3244	69404
Sanaa	15.3545	44.2065	1937451
Sa'dah	16.9402	43.7639	51870
Ibb	13.9667	44.1833	771514
Dhamār	14.5427	44.4051	160114
‘Amrān	15.6594	43.9438	90792
Mukalla	14.5425	49.1242	594951
Al Ḩudaydah	14.7978	42.9545	734699
Aden	12.7796	45.0385	1079670
Mamoudzou	-12.7823	45.2288	54831
Roodepoort	-26.1625	27.8725	326416
Emalahleni	-25.8713	29.2332	373403
Westonaria	-26.3191	27.6486	156831
Welkom	-27.9774	26.7351	431944
Bela Bela	-24.8833	28.2833	90210
Vryheid	-27.7695	30.7917	150012
Vryburg	-26.9566	24.7284	55879
Virginia	-28.1039	26.8659	122502
Viljoenskroon	-27.2084	26.9486	54955
Vereeniging	-26.6731	27.9261	474681
Vanderbijlpark	-26.7117	27.8379	246754
Upington	-28.4478	21.2561	71373
Mthatha	-31.5889	28.7844	164848
Kariega	-33.7556	25.4007	291052
Trichardt	-26.4916	29.2288	52776
Tongaat	-29.5737	31.1155	64829
Tokoza	-26.3600	28.1290	106000
Thohoyandou	-22.9456	30.4850	107144
Thaba Nchu	-29.2093	26.8390	72721
Thembisa	-25.9964	28.2268	511655
Stilfontein	-26.8449	26.7683	93110
KwaDukuza	-29.3282	31.2895	161177
Standerton	-26.9337	29.2415	101101
Springs	-26.2500	28.4000	186394
Soweto	-26.2678	27.8585	1695047
Soshanguve	-25.4729	28.0992	872309
Schweizer-Reneke	-27.1887	25.3293	70214
Sasolburg	-26.8136	27.8169	135828
Rustenburg	-25.6676	27.2421	373695
Richards Bay	-28.7830	32.0377	252968
Randfontein	-26.1844	27.7020	133654
Randburg	-26.0941	28.0012	337053
Queenstown	-31.8976	26.8753	118599
Pretoria	-25.7449	28.1878	2112693
Mokopane	-24.1944	29.0097	101090
Potchefstroom	-26.7167	27.1000	178285
Port Shepstone	-30.7414	30.4550	52793
Gqeberha	-33.9611	25.6149	1050078
Pinetown	-29.8207	30.8867	144026
Piet Retief	-27.0071	30.8132	84349
Polokwane	-23.9045	29.4688	272461
Pietermaritzburg	-29.6168	30.3928	839327
Phuthaditjhaba	-28.5242	28.8158	84258
Phalaborwa	-23.9430	31.1411	109468
Parys	-26.9033	27.4573	71319
Oudtshoorn	-33.6005	22.1995	73694
Orkney	-26.9802	26.6727	110052
Odendaalsrus	-27.8739	26.6907	76371
Modimolle	-24.7000	28.4000	50306
Nkowakowa	-23.8878	30.2871	51350
Nigel	-26.4314	28.4771	140644
Newcastle	-27.7580	29.9318	404838
Mbombela	-25.4751	30.9693	110159
Mpumalanga	-29.8129	30.6365	140121
Mossel Bay	-34.1831	22.1460	78940
Mondlo	-27.9830	30.7177	53892
Mmabatho	-25.8500	25.6333	76754
Middelburg	-25.7751	29.4648	196263
Mdantsane	-32.9332	27.7766	205504
Mafikeng	-25.8652	25.6442	77110
Mabopane	-25.5090	28.0640	110972
Louis Trichardt	-23.0438	29.9032	86854
Lichtenburg	-26.1520	26.1597	65863
Ladysmith	-28.5587	29.7790	143446
Kwaggafontein	-25.3273	28.9422	54040
Kutloanong	-27.8333	26.7500	95008
Krugersdorp	-26.0858	27.7752	378821
Kroonstad	-27.6504	27.2349	117152
Kokstad	-30.5472	29.4241	61751
Knysna	-34.0363	23.0471	68659
Klerksdorp	-26.8521	26.6667	227039
Qonce	-32.8808	27.3938	93072
Kimberley	-28.7323	24.7623	142089
Johannesburg	-26.2023	28.0436	9418183
Heidelberg	-26.5048	28.3592	85858
Hammanskraal	-25.4089	28.2870	112950
Grahamstown	-33.3042	26.5328	91548
Graaff Reinet	-32.2522	24.5308	62896
Germiston	-26.2150	28.1640	255863
George	-33.9630	22.4617	188580
Ga-Rankuwa	-25.6169	27.9947	90945
Fort Beaufort	-32.7748	26.6338	58419
Fochville	-26.4886	27.4939	62416
Evaton	-26.5333	27.8500	725468
Ermelo	-26.5333	29.9833	100324
eMbalenhle	-26.5333	29.0667	142443
East London	-33.0153	27.9116	478676
Durban	-29.8579	31.0292	3338026
Dundee	-28.1668	30.2337	84413
Delmas	-26.1466	28.6832	92046
Carletonville	-26.3609	27.3977	182304
Butterworth	-32.3308	28.1498	53086
Brits	-25.6347	27.7802	122497
Brakpan	-26.2366	28.3694	305692
Botshabelo	-29.2674	26.7260	309714
Bothaville	-27.3887	26.6170	71934
Boksburg	-26.2120	28.2596	445168
Bloemfontein	-29.1211	26.2140	556637
Bhisho	-32.8472	27.4422	137287
Bethlehem	-28.2308	28.3071	91075
Bethal	-26.4579	29.4655	72821
Benoni	-26.1885	28.3208	605344
Barberton	-25.7884	31.0532	67927
Alexandra	-26.1053	28.0988	179624
Alberton	-26.2679	28.1223	121536
Ekangala	-25.6680	28.7300	58099
Somaroboro	-25.3460	28.8343	114369
Midrand	-25.9760	28.1180	87387
Centurion	-25.8589	28.1858	236580
Worcester	-33.6465	19.4485	127597
Wellington	-33.6398	19.0112	55543
Stellenbosch	-33.9346	18.8668	96228
Saldanha	-33.0117	17.9442	68284
Paarl	-33.7338	18.9752	236910
Kraaifontein	-33.8481	18.7172	57911
Hermanus	-34.4187	19.2345	56139
Durbanville	-33.8308	18.6486	54286
Cape Town	-33.9258	18.4232	4772846
Atlantis	-33.5667	18.4834	82736
Athlone	-33.9672	18.5021	237414
Somerset West	-34.0840	18.8211	225289
Musina	-22.3488	30.0407	51132
Diepsloot	-25.9331	28.0121	350000
Etwatwa	-26.1252	28.4547	151866
Ivory Park	-26.0020	28.1900	184383
Ntuzuma	-29.7390	30.9490	125394
Nchelenge	-9.3451	28.7340	77746
Nakonde	-9.3421	32.7450	91107
Mpulungu	-8.7623	31.1140	55405
Solwezi	-12.1688	26.3894	301370
Samfya	-11.3649	29.5565	51309
Petauke	-14.2412	31.3197	58156
Ndola	-12.9587	28.6366	627503
Mufulira	-12.5498	28.2407	169136
Mpika	-11.8343	31.4529	63740
Monze	-16.2715	27.4772	60281
Mongu	-15.2484	23.1274	111450
Mazabuka	-15.8560	27.7480	104412
Mansa	-11.1998	28.8943	170965
Lusaka	-15.4067	28.2871	2212301
Luanshya	-13.1367	28.4166	193293
Livingstone	-17.8419	25.8543	178361
Kitwe	-12.8024	28.2132	665961
Kasama	-10.2129	31.1808	179636
Kapiri Mposhi	-13.9715	28.6699	83211
Kalulushi	-12.8415	28.0948	104046
Kafue	-15.7691	28.1814	104174
Kabwe	-14.4469	28.4464	288598
Chongwe	-15.3292	28.6820	57443
Choma	-16.8089	26.9875	98974
Chipata	-13.6333	32.6500	327059
Chingola	-12.5290	27.8838	256560
Chililabombwe	-12.3648	27.8229	113876
Chilanga Township	-15.5708	28.2701	54046
Chunga	-15.3174	28.2687	115539
Madido	-15.3545	28.3742	80782
Namalombwe	-15.3905	28.1899	97758
Zvishavane	-20.3267	30.0665	59717
Ruwa	-17.8897	31.2447	94083
Norton	-17.8833	30.7000	87039
Mutare	-18.9707	32.6709	224802
Masvingo	-20.0637	30.8277	90286
Marondera	-18.1853	31.5519	66204
Kwekwe	-18.9281	29.8149	119863
Kadoma	-18.3333	29.9153	117381
Harare	-17.8277	31.0534	1542813
Gweru	-19.4500	29.8167	158200
Chinhoyi	-17.3667	30.2000	90800
Chegutu	-18.1302	30.1407	65800
Bulawayo	-20.1500	28.5833	665952
Bindura	-17.3019	31.3306	50400
Beitbridge	-22.2167	30.0000	58574
Epworth	-17.8900	31.1475	206365
Chitungwiza	-18.0127	31.0755	371246
